{"type":"FeatureCollection","name":"milano_nil_prezzi","crs":{"type":"name","properties":{"name":"urn:ogc:def:crs:OGC:1.3:CRS84"}},"features":[{"type":"Feature","properties":{"id_nil":48,"nome":"Ronchetto Sul Naviglio - Q.Re Lodovico Il Moro","nome_orig":"RONCHETTO SUL NAVIGLIO - Q.RE LODOVICO IL MORO","area_kmq":2.406,"perimetro_km":8.72,"lon_centro":9.14032,"lat_centro":45.43736,"n_annunci":154,"mediana_eur_mq":3997,"p25_eur_mq":3507,"p75_eur_mq":4559,"prezzo_mediano_eur":299853,"superficie_mediana_mq":75,"fonte_confini":"Comune di Milano - NIL vigenti PGT 2030 (CC BY)","fonte_prezzi":"Immobiliare.it, estrazione 2026-08-26"},"geometry":{"type":"Polygon","coordinates":[[[9.154221,45.437752],[9.152745,45.438873],[9.151911,45.439588],[9.150472,45.440673],[9.150087,45.440931],[9.149445,45.441424],[9.148029,45.442534],[9.147748,45.4428],[9.14599,45.445691],[9.145574,45.446357],[9.14432,45.446062],[9.141307,45.445375],[9.139124,45.444857],[9.138155,45.444598],[9.136673,45.444196],[9.134995,45.443734],[9.132945,45.443088],[9.12455,45.440789],[9.123214,45.440436],[9.121453,45.439923],[9.118825,45.439135],[9.118827,45.439133],[9.118931,45.439036],[9.118954,45.439014],[9.119073,45.438905],[9.119106,45.438874],[9.119126,45.438855],[9.119323,45.438675],[9.119358,45.438642],[9.119533,45.438482],[9.119572,45.438445],[9.119655,45.438365],[9.119721,45.438277],[9.119791,45.438185],[9.119943,45.438004],[9.120052,45.437843],[9.120156,45.437709],[9.120228,45.437608],[9.120277,45.43752],[9.120288,45.4375],[9.120303,45.437473],[9.120336,45.437412],[9.120358,45.437418],[9.120732,45.437521],[9.120737,45.437511],[9.120766,45.43746],[9.120824,45.437357],[9.120856,45.43731],[9.120884,45.437256],[9.120909,45.437202],[9.120932,45.437149],[9.120946,45.437119],[9.120958,45.437096],[9.120978,45.437071],[9.120991,45.437054],[9.121005,45.437034],[9.121019,45.437012],[9.121032,45.436994],[9.121046,45.436974],[9.12106,45.43695],[9.12109,45.436893],[9.121105,45.436867],[9.12112,45.436839],[9.121134,45.436816],[9.121156,45.436781],[9.12117,45.43676],[9.121184,45.436733],[9.121203,45.436703],[9.121219,45.436674],[9.121235,45.436649],[9.121257,45.436621],[9.121275,45.436597],[9.121296,45.436568],[9.121321,45.436539],[9.121363,45.436469],[9.121387,45.436426],[9.121414,45.436385],[9.121452,45.436319],[9.121474,45.436283],[9.121498,45.436244],[9.121521,45.436197],[9.121545,45.436159],[9.121571,45.436117],[9.121607,45.436073],[9.121609,45.436069],[9.121615,45.436058],[9.121641,45.436008],[9.121659,45.435984],[9.121664,45.435976],[9.121678,45.435952],[9.121685,45.435939],[9.121689,45.435933],[9.121709,45.435903],[9.121726,45.435874],[9.121743,45.435845],[9.121761,45.435821],[9.121775,45.435797],[9.121793,45.435768],[9.12181,45.435741],[9.12183,45.435713],[9.121845,45.435683],[9.121859,45.43566],[9.121869,45.435639],[9.121883,45.435614],[9.121906,45.435583],[9.121929,45.435554],[9.121943,45.435536],[9.121961,45.4355],[9.121993,45.435423],[9.122007,45.435398],[9.122022,45.43538],[9.122036,45.435355],[9.122047,45.435333],[9.12206,45.435306],[9.122063,45.435298],[9.122067,45.435285],[9.122071,45.435268],[9.122079,45.435237],[9.122085,45.435211],[9.122089,45.435171],[9.122091,45.435137],[9.122089,45.435125],[9.122087,45.435112],[9.122076,45.435092],[9.122056,45.435076],[9.122038,45.435064],[9.122003,45.435053],[9.121956,45.435043],[9.121897,45.43503],[9.121834,45.435016],[9.12183,45.435015],[9.12179,45.435005],[9.121764,45.434996],[9.121739,45.434988],[9.121709,45.434979],[9.121681,45.434972],[9.121654,45.434963],[9.121631,45.434952],[9.121617,45.434945],[9.121584,45.434928],[9.12151,45.43489],[9.121507,45.434889],[9.121453,45.434862],[9.121392,45.434837],[9.121366,45.434827],[9.121333,45.434812],[9.121294,45.43479],[9.121272,45.434776],[9.121262,45.434769],[9.121253,45.434763],[9.121237,45.434749],[9.121226,45.434725],[9.12122,45.434701],[9.121224,45.434683],[9.121234,45.434666],[9.121257,45.434651],[9.12126,45.43465],[9.121325,45.434619],[9.121354,45.434605],[9.121411,45.434579],[9.121421,45.434571],[9.121549,45.434488],[9.121579,45.434468],[9.12162,45.434439],[9.121639,45.434422],[9.12165,45.434406],[9.121652,45.434404],[9.121671,45.434381],[9.121695,45.434356],[9.121763,45.4343],[9.121932,45.434154],[9.122065,45.434045],[9.122261,45.433877],[9.122312,45.433834],[9.122371,45.433787],[9.122476,45.433698],[9.122567,45.433618],[9.122664,45.43353],[9.122767,45.433453],[9.122843,45.43339],[9.122914,45.433321],[9.122988,45.433245],[9.123057,45.433184],[9.123258,45.433025],[9.123329,45.432968],[9.123392,45.432912],[9.123452,45.43287],[9.123465,45.43286],[9.12353,45.432807],[9.123595,45.432735],[9.123735,45.432607],[9.123996,45.432397],[9.124092,45.432314],[9.124171,45.432249],[9.124217,45.432211],[9.124343,45.432103],[9.124376,45.43207],[9.124417,45.43203],[9.12449,45.431968],[9.124525,45.43194],[9.124574,45.43189],[9.124615,45.43185],[9.124713,45.43176],[9.124846,45.431645],[9.124903,45.431599],[9.124957,45.431557],[9.125015,45.431513],[9.125055,45.431475],[9.125295,45.431283],[9.125349,45.431241],[9.125425,45.431181],[9.1255,45.431121],[9.125544,45.431084],[9.125625,45.431016],[9.125626,45.431019],[9.125625,45.431019],[9.125702,45.431432],[9.123792,45.434845],[9.123479,45.435553],[9.124073,45.43598],[9.126435,45.437365],[9.126793,45.437167],[9.129264,45.436404],[9.129738,45.436204],[9.130135,45.435967],[9.13041,45.435638],[9.131089,45.434597],[9.131456,45.434311],[9.13183,45.434062],[9.132679,45.433582],[9.133948,45.432842],[9.134827,45.432415],[9.135656,45.432097],[9.137017,45.430203],[9.136976,45.430009],[9.137686,45.429473],[9.138855,45.428549],[9.139012,45.42836],[9.140046,45.430053],[9.140705,45.430987],[9.141529,45.432034],[9.141338,45.432517],[9.141685,45.432587],[9.141971,45.432589],[9.142163,45.433074],[9.142499,45.433495],[9.143216,45.434],[9.144355,45.434767],[9.145618,45.435647],[9.14671,45.436789],[9.147194,45.436812],[9.148515,45.436891],[9.148855,45.436904],[9.149445,45.436939],[9.150627,45.436976],[9.151307,45.437004],[9.152302,45.437034],[9.153571,45.437056],[9.154194,45.437067],[9.154221,45.437752]]]}},{"type":"Feature","properties":{"id_nil":64,"nome":"Trenno","nome_orig":"TRENNO","area_kmq":0.49,"perimetro_km":3.31,"lon_centro":9.10288,"lat_centro":45.49263,"n_annunci":20,"mediana_eur_mq":3780,"p25_eur_mq":3147,"p75_eur_mq":3948,"prezzo_mediano_eur":307500,"superficie_mediana_mq":85,"fonte_confini":"Comune di Milano - NIL vigenti PGT 2030 (CC BY)","fonte_prezzi":"Immobiliare.it, estrazione 2026-08-26"},"geometry":{"type":"Polygon","coordinates":[[[9.106227,45.490162],[9.10591,45.490838],[9.105635,45.491428],[9.105302,45.492263],[9.107226,45.49246],[9.10715,45.492721],[9.106894,45.49338],[9.106572,45.493856],[9.106268,45.49412],[9.10568,45.494581],[9.10458,45.49516],[9.103445,45.495622],[9.102736,45.495893],[9.102147,45.496172],[9.101282,45.496627],[9.100545,45.497117],[9.100469,45.497175],[9.099369,45.496997],[9.099731,45.496519],[9.099746,45.496394],[9.099468,45.496375],[9.098828,45.496218],[9.096724,45.496372],[9.097152,45.493687],[9.097326,45.493741],[9.097386,45.493413],[9.097602,45.493272],[9.098424,45.493174],[9.098612,45.49253],[9.09789,45.492461],[9.097964,45.491191],[9.099593,45.490218],[9.099932,45.488592],[9.099982,45.487891],[9.101456,45.488474],[9.103106,45.488814],[9.102954,45.48939],[9.106227,45.490162]]]}},{"type":"Feature","properties":{"id_nil":67,"nome":"Portello","nome_orig":"PORTELLO","area_kmq":0.91,"perimetro_km":3.8,"lon_centro":9.15263,"lat_centro":45.48519,"n_annunci":122,"mediana_eur_mq":6440,"p25_eur_mq":5534,"p75_eur_mq":7283,"prezzo_mediano_eur":522500,"superficie_mediana_mq":88,"fonte_confini":"Comune di Milano - NIL vigenti PGT 2030 (CC BY)","fonte_prezzi":"Immobiliare.it, estrazione 2026-08-26"},"geometry":{"type":"Polygon","coordinates":[[[9.156362,45.487854],[9.154949,45.488523],[9.153591,45.489112],[9.151906,45.489891],[9.15152,45.490074],[9.149904,45.489026],[9.149174,45.488543],[9.147431,45.487383],[9.144785,45.485652],[9.14534,45.485183],[9.146367,45.484415],[9.147382,45.483617],[9.147652,45.483419],[9.147988,45.483179],[9.148509,45.482816],[9.149167,45.482322],[9.149771,45.481907],[9.150366,45.481442],[9.151028,45.480934],[9.151638,45.480449],[9.155982,45.480392],[9.158685,45.480359],[9.160275,45.480301],[9.16045,45.480427],[9.160894,45.480712],[9.161722,45.481218],[9.162909,45.482071],[9.163486,45.482434],[9.162278,45.483375],[9.161105,45.484325],[9.160744,45.484624],[9.159927,45.485205],[9.158787,45.486043],[9.157239,45.487208],[9.156362,45.487854]]]}},{"type":"Feature","properties":{"id_nil":81,"nome":"Bovisasca","nome_orig":"BOVISASCA","area_kmq":1.578,"perimetro_km":7.11,"lon_centro":9.15583,"lat_centro":45.51694,"n_annunci":49,"mediana_eur_mq":2938,"p25_eur_mq":2491,"p75_eur_mq":3685,"prezzo_mediano_eur":245000,"superficie_mediana_mq":83,"fonte_confini":"Comune di Milano - NIL vigenti PGT 2030 (CC BY)","fonte_prezzi":"Immobiliare.it, estrazione 2026-08-26"},"geometry":{"type":"Polygon","coordinates":[[[9.168035,45.522339],[9.16763,45.522721],[9.166979,45.523338],[9.166277,45.524021],[9.163281,45.523436],[9.161519,45.5231],[9.159773,45.522775],[9.154088,45.521714],[9.153702,45.521648],[9.151516,45.521199],[9.151441,45.521184],[9.151337,45.521163],[9.151209,45.521159],[9.150966,45.521164],[9.151234,45.520725],[9.151514,45.520268],[9.151597,45.520191],[9.152894,45.519366],[9.153482,45.519072],[9.153571,45.518985],[9.153575,45.518981],[9.153656,45.518881],[9.153696,45.518833],[9.153701,45.518826],[9.153805,45.518698],[9.153867,45.51859],[9.153858,45.518588],[9.153767,45.518565],[9.153697,45.518551],[9.153536,45.51852],[9.153505,45.518515],[9.153491,45.518513],[9.153403,45.518494],[9.153359,45.518484],[9.153332,45.518478],[9.153128,45.518433],[9.15304,45.518414],[9.152605,45.518324],[9.152605,45.518323],[9.152015,45.518187],[9.152014,45.518186],[9.151888,45.518158],[9.151488,45.518068],[9.15147,45.518063],[9.151434,45.518162],[9.151425,45.518187],[9.151267,45.518627],[9.150728,45.518531],[9.150617,45.518511],[9.150126,45.518424],[9.149777,45.518362],[9.149623,45.518789],[9.149613,45.518817],[9.14957,45.518809],[9.148636,45.518652],[9.148624,45.518649],[9.148459,45.518624],[9.148303,45.518596],[9.148278,45.518662],[9.148251,45.518726],[9.148185,45.518892],[9.148127,45.51904],[9.148116,45.519068],[9.148051,45.519233],[9.148043,45.519251],[9.147989,45.519382],[9.147961,45.519461],[9.147902,45.519602],[9.147854,45.519724],[9.14785,45.519735],[9.147827,45.519787],[9.147809,45.519839],[9.147795,45.519877],[9.147759,45.519969],[9.147706,45.520102],[9.147675,45.52019],[9.147746,45.520202],[9.147928,45.520236],[9.148127,45.520271],[9.148175,45.520279],[9.148211,45.520287],[9.148285,45.520299],[9.148173,45.520625],[9.148161,45.520659],[9.148122,45.520774],[9.14813,45.520806],[9.148215,45.520817],[9.148374,45.520833],[9.148653,45.520857],[9.148767,45.520867],[9.148804,45.52087],[9.148827,45.520872],[9.148781,45.521018],[9.148508,45.521874],[9.148381,45.521856],[9.148316,45.521847],[9.148222,45.521833],[9.147955,45.521795],[9.147711,45.52176],[9.147646,45.521751],[9.147603,45.521745],[9.147491,45.52173],[9.147365,45.521712],[9.147294,45.521701],[9.146957,45.52165],[9.146776,45.521625],[9.146486,45.521583],[9.146165,45.521537],[9.145867,45.521494],[9.145545,45.521445],[9.145527,45.521519],[9.145495,45.521654],[9.145473,45.521749],[9.145376,45.522131],[9.145341,45.52226],[9.145205,45.522796],[9.145012,45.522776],[9.144594,45.522732],[9.144287,45.5227],[9.144051,45.522674],[9.144025,45.522671],[9.143943,45.522662],[9.143945,45.522636],[9.143944,45.522613],[9.143937,45.522593],[9.143936,45.52257],[9.143938,45.522542],[9.143974,45.522315],[9.143975,45.522262],[9.143982,45.52221],[9.144006,45.522097],[9.144037,45.52196],[9.144071,45.52181],[9.144095,45.521644],[9.144104,45.521608],[9.143941,45.521574],[9.143933,45.521572],[9.143735,45.521535],[9.143642,45.521522],[9.143565,45.521873],[9.143194,45.52181],[9.143189,45.521809],[9.143114,45.521797],[9.143065,45.521788],[9.144616,45.519988],[9.146163,45.518188],[9.14766,45.516482],[9.148363,45.515689],[9.149131,45.514771],[9.149566,45.514271],[9.149851,45.513929],[9.150455,45.51326],[9.151909,45.51168],[9.152536,45.510989],[9.153302,45.510124],[9.154598,45.510147],[9.155455,45.510057],[9.158486,45.509594],[9.158898,45.510427],[9.159196,45.510911],[9.159773,45.511609],[9.160482,45.512429],[9.160603,45.512554],[9.161286,45.513335],[9.162816,45.515133],[9.164798,45.517389],[9.1658,45.518557],[9.165848,45.518608],[9.166168,45.519004],[9.166299,45.519249],[9.166869,45.520273],[9.168035,45.522339]]]}},{"type":"Feature","properties":{"id_nil":84,"nome":"Parco Nord","nome_orig":"PARCO NORD","area_kmq":1.532,"perimetro_km":11.74,"lon_centro":9.18131,"lat_centro":45.51994,"n_annunci":1,"mediana_eur_mq":null,"p25_eur_mq":null,"p75_eur_mq":null,"prezzo_mediano_eur":null,"superficie_mediana_mq":null,"fonte_confini":"Comune di Milano - NIL vigenti PGT 2030 (CC BY)","fonte_prezzi":"Immobiliare.it, estrazione 2026-08-26"},"geometry":{"type":"Polygon","coordinates":[[[9.200403,45.528477],[9.200283,45.528458],[9.199837,45.528389],[9.199161,45.528285],[9.199171,45.528265],[9.199287,45.528108],[9.199289,45.528104],[9.199282,45.528104],[9.199117,45.528055],[9.198893,45.527989],[9.198921,45.527934],[9.198955,45.527868],[9.19901,45.527761],[9.199077,45.527629],[9.199131,45.527526],[9.198987,45.527499],[9.19853,45.527414],[9.19818,45.527346],[9.197899,45.527294],[9.197741,45.527265],[9.197644,45.527542],[9.197561,45.527784],[9.197558,45.527794],[9.197549,45.52782],[9.197499,45.527967],[9.197493,45.528004],[9.197428,45.527995],[9.197356,45.527984],[9.19712,45.527949],[9.19711,45.527975],[9.197109,45.527977],[9.197097,45.52801],[9.197094,45.528029],[9.197091,45.528037],[9.19709,45.52804],[9.1971,45.528043],[9.197005,45.528301],[9.196925,45.528516],[9.196852,45.528716],[9.196752,45.528985],[9.196624,45.529335],[9.196606,45.529385],[9.196573,45.52948],[9.196398,45.529458],[9.196282,45.529444],[9.195813,45.529386],[9.195709,45.529374],[9.195631,45.529366],[9.195468,45.529348],[9.195471,45.529328],[9.195527,45.529046],[9.195604,45.52865],[9.195642,45.528455],[9.195837,45.528477],[9.19604,45.527784],[9.196058,45.527722],[9.196065,45.527696],[9.196069,45.527682],[9.195985,45.527676],[9.195869,45.527667],[9.195809,45.527661],[9.195721,45.527652],[9.195565,45.527635],[9.195315,45.527604],[9.195072,45.52757],[9.194726,45.527514],[9.194621,45.527496],[9.194524,45.527476],[9.194389,45.527446],[9.194302,45.527437],[9.194235,45.527434],[9.1942,45.527431],[9.194126,45.527419],[9.19402,45.527404],[9.193854,45.52738],[9.193614,45.527347],[9.193265,45.527301],[9.193011,45.527263],[9.192744,45.527232],[9.192684,45.527233],[9.192611,45.527234],[9.192613,45.52726],[9.192623,45.527387],[9.192627,45.527444],[9.192631,45.527511],[9.192654,45.527729],[9.192684,45.527999],[9.192582,45.527997],[9.192571,45.527996],[9.192179,45.527973],[9.191821,45.527951],[9.191732,45.527941],[9.19155,45.527922],[9.191356,45.527899],[9.191229,45.527885],[9.191182,45.527852],[9.191173,45.527848],[9.190965,45.527828],[9.190857,45.527818],[9.190504,45.527783],[9.190501,45.52778],[9.190489,45.527762],[9.190504,45.527681],[9.190477,45.527655],[9.190458,45.527654],[9.190415,45.52765],[9.19037,45.527629],[9.190388,45.527305],[9.190388,45.527302],[9.190391,45.527225],[9.190391,45.527216],[9.190378,45.527219],[9.190326,45.527214],[9.189812,45.527163],[9.189548,45.527137],[9.189261,45.527109],[9.189134,45.527096],[9.189074,45.52709],[9.189001,45.527083],[9.18898,45.527099],[9.188964,45.527113],[9.188946,45.527127],[9.188931,45.527141],[9.18892,45.527157],[9.188908,45.527173],[9.188895,45.527189],[9.188884,45.527205],[9.188873,45.527222],[9.188862,45.527238],[9.188851,45.527255],[9.188834,45.527277],[9.188817,45.527291],[9.1888,45.527305],[9.188785,45.527319],[9.18877,45.527333],[9.188755,45.527348],[9.188739,45.527362],[9.188724,45.527377],[9.188708,45.527391],[9.188692,45.527405],[9.188676,45.527419],[9.188658,45.527432],[9.188641,45.527448],[9.188625,45.527462],[9.188611,45.527477],[9.188598,45.527493],[9.188585,45.527508],[9.188573,45.527524],[9.188561,45.52754],[9.188549,45.527556],[9.188538,45.527572],[9.188522,45.527587],[9.188501,45.527603],[9.188483,45.527616],[9.188465,45.527629],[9.188448,45.527642],[9.188429,45.527654],[9.188413,45.527668],[9.188398,45.527683],[9.188382,45.527697],[9.188365,45.527711],[9.18834,45.527731],[9.188325,45.527746],[9.188307,45.527766],[9.188295,45.527782],[9.188281,45.527797],[9.188268,45.527813],[9.188255,45.527828],[9.188241,45.527843],[9.188227,45.527859],[9.188215,45.527875],[9.188203,45.527891],[9.188191,45.527906],[9.188178,45.527922],[9.188164,45.527937],[9.188145,45.527956],[9.18813,45.52797],[9.188114,45.527985],[9.188096,45.527998],[9.188057,45.528025],[9.18803,45.528052],[9.187995,45.528089],[9.187932,45.528146],[9.187914,45.528159],[9.187897,45.528173],[9.18788,45.528186],[9.187863,45.528199],[9.187846,45.528213],[9.187822,45.528234],[9.187807,45.528249],[9.187792,45.528264],[9.187778,45.528279],[9.187763,45.528294],[9.187749,45.528308],[9.187735,45.528324],[9.18772,45.528338],[9.187704,45.528352],[9.18769,45.528367],[9.187679,45.528384],[9.187667,45.5284],[9.187653,45.528415],[9.187635,45.528435],[9.187616,45.528459],[9.187603,45.528474],[9.18759,45.52849],[9.187575,45.528505],[9.187561,45.52852],[9.187549,45.528536],[9.187536,45.528551],[9.187524,45.528567],[9.187512,45.528583],[9.1875,45.528599],[9.187488,45.528615],[9.187477,45.528631],[9.187458,45.528654],[9.187443,45.528669],[9.187429,45.528684],[9.187415,45.5287],[9.187402,45.528715],[9.187387,45.528732],[9.187375,45.528748],[9.187363,45.528764],[9.187351,45.52878],[9.187338,45.528795],[9.187323,45.52881],[9.187308,45.528825],[9.187293,45.528839],[9.187277,45.528854],[9.187257,45.528873],[9.187234,45.528894],[9.18722,45.528909],[9.187206,45.528924],[9.187191,45.528939],[9.187177,45.528954],[9.187163,45.528969],[9.187148,45.528984],[9.187133,45.528998],[9.187117,45.529012],[9.187101,45.529026],[9.187092,45.529037],[9.186863,45.52933],[9.186807,45.529401],[9.186723,45.529493],[9.186651,45.529571],[9.186692,45.529591],[9.186712,45.5296],[9.186698,45.529633],[9.18664,45.529776],[9.186611,45.529844],[9.186609,45.52985],[9.18658,45.52992],[9.186529,45.530048],[9.186585,45.530054],[9.186595,45.530055],[9.186659,45.530063],[9.186658,45.530074],[9.186629,45.530276],[9.186602,45.5305],[9.186577,45.530743],[9.186578,45.530768],[9.186182,45.530713],[9.18598,45.530691],[9.185817,45.530673],[9.185669,45.530657],[9.18541,45.530628],[9.185367,45.530624],[9.185235,45.530609],[9.184933,45.530576],[9.184907,45.530572],[9.184771,45.531059],[9.184727,45.531215],[9.184696,45.531318],[9.184735,45.531449],[9.184731,45.531466],[9.184728,45.531485],[9.184726,45.531503],[9.184724,45.531521],[9.184721,45.531539],[9.184719,45.531557],[9.184717,45.531575],[9.184716,45.531593],[9.184714,45.531611],[9.184713,45.531629],[9.184712,45.531656],[9.18471,45.531674],[9.184708,45.531701],[9.184708,45.531719],[9.184709,45.531737],[9.18471,45.531756],[9.18471,45.531774],[9.184711,45.531792],[9.18471,45.53181],[9.18471,45.531828],[9.184709,45.531846],[9.184707,45.531864],[9.184705,45.531882],[9.184701,45.5319],[9.184697,45.531918],[9.184692,45.531936],[9.184687,45.531954],[9.184683,45.531977],[9.184683,45.531995],[9.18468,45.532022],[9.184676,45.532039],[9.184671,45.532057],[9.184668,45.532075],[9.184666,45.532093],[9.184664,45.532115],[9.184661,45.532133],[9.184659,45.532151],[9.184657,45.532169],[9.184654,45.532187],[9.184653,45.532205],[9.184652,45.532223],[9.184653,45.532241],[9.184652,45.532259],[9.184651,45.532277],[9.184649,45.532295],[9.184649,45.532313],[9.184648,45.532331],[9.184646,45.532358],[9.184643,45.532376],[9.18464,45.532403],[9.184639,45.532421],[9.184637,45.532439],[9.184634,45.532457],[9.184631,45.532475],[9.184628,45.532493],[9.184624,45.53251],[9.184621,45.532528],[9.184619,45.532546],[9.184615,45.532568],[9.184612,45.532586],[9.184605,45.532613],[9.184598,45.53263],[9.184592,45.532648],[9.184585,45.532665],[9.184574,45.532689],[9.184566,45.532706],[9.184557,45.532723],[9.184547,45.532739],[9.184536,45.532756],[9.184525,45.532772],[9.184513,45.532788],[9.1845,45.532804],[9.184488,45.53282],[9.184477,45.532836],[9.184465,45.532852],[9.184452,45.53287],[9.184443,45.532887],[9.184435,45.532904],[9.184426,45.532921],[9.184417,45.532938],[9.184408,45.532954],[9.184397,45.532971],[9.184386,45.532987],[9.184375,45.533003],[9.184363,45.533019],[9.184353,45.533036],[9.184343,45.533052],[9.184335,45.53307],[9.184327,45.533087],[9.184317,45.53311],[9.184299,45.533161],[9.184296,45.533179],[9.184294,45.533197],[9.184292,45.533215],[9.184291,45.533235],[9.18429,45.533253],[9.184287,45.533271],[9.184285,45.533289],[9.184283,45.533316],[9.184285,45.533334],[9.184287,45.533359],[9.184247,45.533357],[9.184229,45.533356],[9.184006,45.533334],[9.183594,45.533242],[9.183383,45.533204],[9.183286,45.53319],[9.18316,45.533666],[9.182987,45.534322],[9.18198,45.534178],[9.181955,45.534174],[9.1819,45.534285],[9.181871,45.534341],[9.181662,45.534317],[9.181622,45.534311],[9.181571,45.534305],[9.181507,45.534296],[9.180772,45.534194],[9.180547,45.53416],[9.180263,45.534134],[9.180235,45.534278],[9.180056,45.535125],[9.179948,45.535107],[9.179906,45.535101],[9.179216,45.534999],[9.179148,45.534988],[9.179134,45.534987],[9.179065,45.535233],[9.179051,45.535284],[9.178981,45.535242],[9.178674,45.535076],[9.178232,45.534852],[9.178134,45.534813],[9.178132,45.534812],[9.178083,45.534793],[9.178067,45.534389],[9.178396,45.531552],[9.178508,45.531156],[9.178941,45.53024],[9.178962,45.530008],[9.178656,45.529033],[9.178423,45.528652],[9.178287,45.528212],[9.179435,45.528275],[9.180866,45.527737],[9.180818,45.527085],[9.18113,45.525377],[9.181087,45.52512],[9.180931,45.524912],[9.180621,45.524759],[9.179388,45.524563],[9.179652,45.52383],[9.179974,45.523087],[9.180231,45.522716],[9.180473,45.522376],[9.180727,45.521459],[9.17825,45.521327],[9.177763,45.520716],[9.17803,45.519082],[9.177667,45.518989],[9.177961,45.518479],[9.178148,45.517976],[9.178679,45.516484],[9.179753,45.51287],[9.180218,45.511227],[9.180903,45.50894],[9.181156,45.508313],[9.181605,45.507728],[9.182039,45.507321],[9.183784,45.505714],[9.184892,45.505544],[9.184708,45.50739],[9.182101,45.508033],[9.181836,45.508362],[9.182512,45.512406],[9.184156,45.513099],[9.184689,45.512965],[9.184662,45.513354],[9.18455,45.513794],[9.184228,45.514137],[9.183691,45.514645],[9.183273,45.515281],[9.182923,45.51579],[9.182733,45.516365],[9.183734,45.516569],[9.184199,45.516771],[9.184891,45.517151],[9.185425,45.517378],[9.185914,45.51748],[9.185349,45.518921],[9.185038,45.519305],[9.184436,45.520584],[9.184817,45.520664],[9.18393,45.522745],[9.184938,45.522698],[9.187219,45.5233],[9.187198,45.523498],[9.188986,45.523872],[9.189115,45.523904],[9.188634,45.52548],[9.189759,45.526312],[9.192503,45.526312],[9.194608,45.526341],[9.196476,45.52635],[9.197083,45.526319],[9.19774,45.526188],[9.199729,45.525548],[9.200208,45.525469],[9.200673,45.525443],[9.201121,45.525493],[9.20166,45.525595],[9.202218,45.525806],[9.200547,45.528281],[9.200403,45.528477]]]}},{"type":"Feature","properties":{"id_nil":63,"nome":"Figino","nome_orig":"FIGINO","area_kmq":1.425,"perimetro_km":5.62,"lon_centro":9.07469,"lat_centro":45.4911,"n_annunci":37,"mediana_eur_mq":3287,"p25_eur_mq":2733,"p75_eur_mq":3484,"prezzo_mediano_eur":349000,"superficie_mediana_mq":107,"fonte_confini":"Comune di Milano - NIL vigenti PGT 2030 (CC BY)","fonte_prezzi":"Immobiliare.it, estrazione 2026-08-26"},"geometry":{"type":"Polygon","coordinates":[[[9.083754,45.48485],[9.08364,45.487654],[9.085103,45.488832],[9.08337,45.490416],[9.082514,45.491579],[9.081658,45.492955],[9.080594,45.494562],[9.079811,45.495479],[9.077527,45.494763],[9.077043,45.495209],[9.075981,45.494901],[9.075624,45.495681],[9.07541,45.496013],[9.074994,45.4963],[9.07463,45.496643],[9.07452,45.496956],[9.074629,45.497809],[9.073309,45.497853],[9.069456,45.497921],[9.066738,45.497997],[9.066667,45.496154],[9.066618,45.493267],[9.066505,45.490631],[9.066672,45.489575],[9.066961,45.488555],[9.067231,45.487854],[9.067444,45.487403],[9.06787,45.486777],[9.068544,45.485847],[9.068907,45.485972],[9.069745,45.485737],[9.072127,45.485924],[9.072147,45.487027],[9.073502,45.487107],[9.073874,45.486357],[9.076238,45.486753],[9.076028,45.487721],[9.077797,45.487136],[9.080647,45.486046],[9.082802,45.485207],[9.083754,45.48485]]]}},{"type":"Feature","properties":{"id_nil":20,"nome":"Loreto - Casoretto - Nolo","nome_orig":"LORETO - CASORETTO - NOLO","area_kmq":1.747,"perimetro_km":5.63,"lon_centro":9.22151,"lat_centro":45.49252,"n_annunci":629,"mediana_eur_mq":4978,"p25_eur_mq":4286,"p75_eur_mq":5667,"prezzo_mediano_eur":320000,"superficie_mediana_mq":70,"fonte_confini":"Comune di Milano - NIL vigenti PGT 2030 (CC BY)","fonte_prezzi":"Immobiliare.it, estrazione 2026-08-26"},"geometry":{"type":"Polygon","coordinates":[[[9.230444,45.4925],[9.229829,45.49318],[9.228242,45.494851],[9.226947,45.49573],[9.226618,45.49591],[9.226194,45.496131],[9.22509,45.496601],[9.224054,45.496995],[9.223695,45.497122],[9.22248,45.497516],[9.221246,45.497967],[9.220398,45.498348],[9.219436,45.499012],[9.219216,45.498798],[9.218941,45.498265],[9.21898,45.497522],[9.219017,45.497015],[9.218222,45.496906],[9.21763,45.496796],[9.216092,45.496225],[9.215765,45.495907],[9.215846,45.49579],[9.215713,45.495666],[9.214883,45.494815],[9.213239,45.493135],[9.212614,45.492536],[9.211678,45.49162],[9.21143,45.491346],[9.209483,45.489385],[9.209703,45.489282],[9.209908,45.48918],[9.210516,45.488875],[9.211467,45.488366],[9.21242,45.4879],[9.212738,45.487731],[9.213574,45.487314],[9.214897,45.486638],[9.215261,45.486446],[9.215972,45.486098],[9.216694,45.48612],[9.216982,45.486132],[9.217869,45.48617],[9.217835,45.486008],[9.219277,45.48601],[9.220186,45.486018],[9.221139,45.48602],[9.222014,45.486025],[9.222612,45.486032],[9.223562,45.486032],[9.224651,45.486034],[9.225399,45.486037],[9.226435,45.48605],[9.226788,45.486047],[9.227219,45.486047],[9.227928,45.48605],[9.228847,45.486064],[9.229861,45.486081],[9.231451,45.486088],[9.231609,45.486092],[9.231891,45.486096],[9.233484,45.486119],[9.234484,45.486121],[9.234735,45.48612],[9.236309,45.486134],[9.234933,45.487565],[9.23448,45.48802],[9.233508,45.489015],[9.232996,45.489606],[9.232829,45.489804],[9.232543,45.490158],[9.232186,45.49058],[9.23115,45.491705],[9.2309,45.491967],[9.230444,45.4925]]]}},{"type":"Feature","properties":{"id_nil":76,"nome":"Quarto Oggiaro - Vialba - Musocco","nome_orig":"QUARTO OGGIARO - VIALBA - MUSOCCO","area_kmq":2.777,"perimetro_km":7.14,"lon_centro":9.13672,"lat_centro":45.51403,"n_annunci":263,"mediana_eur_mq":2619,"p25_eur_mq":2250,"p75_eur_mq":3279,"prezzo_mediano_eur":220000,"superficie_mediana_mq":90,"fonte_confini":"Comune di Milano - NIL vigenti PGT 2030 (CC BY)","fonte_prezzi":"Immobiliare.it, estrazione 2026-08-26"},"geometry":{"type":"Polygon","coordinates":[[[9.134807,45.520946],[9.13473,45.521264],[9.134639,45.521632],[9.134519,45.52209],[9.134497,45.522159],[9.134458,45.522274],[9.134429,45.522358],[9.134428,45.522363],[9.134414,45.522403],[9.134411,45.522415],[9.134382,45.522502],[9.134381,45.522502],[9.134256,45.522441],[9.13289,45.521783],[9.13166,45.5212],[9.130197,45.520499],[9.129381,45.520097],[9.126657,45.518753],[9.124533,45.517405],[9.123106,45.516523],[9.121949,45.516021],[9.121633,45.51589],[9.121202,45.515769],[9.120921,45.515714],[9.12248,45.51481],[9.123516,45.51414],[9.124519,45.513448],[9.125906,45.512417],[9.128017,45.511001],[9.128789,45.510506],[9.129325,45.509977],[9.129728,45.509386],[9.129942,45.508757],[9.130088,45.508198],[9.130162,45.507839],[9.134601,45.506731],[9.137276,45.506201],[9.140252,45.505594],[9.141437,45.505533],[9.142418,45.50558],[9.143082,45.50567],[9.143795,45.505778],[9.144989,45.506103],[9.145924,45.506486],[9.146877,45.507041],[9.148899,45.508426],[9.149737,45.508977],[9.150652,45.509461],[9.151444,45.50976],[9.152269,45.509968],[9.153302,45.510124],[9.152536,45.510989],[9.151909,45.51168],[9.150455,45.51326],[9.149851,45.513929],[9.149566,45.514271],[9.149131,45.514771],[9.148363,45.515689],[9.14766,45.516482],[9.146163,45.518188],[9.144616,45.519988],[9.143065,45.521788],[9.142941,45.521767],[9.142887,45.522057],[9.142695,45.522041],[9.142583,45.522029],[9.142548,45.522025],[9.142526,45.522023],[9.141357,45.521896],[9.141518,45.521263],[9.141686,45.520575],[9.141678,45.520573],[9.14149,45.52055],[9.140581,45.520435],[9.14049,45.520424],[9.140338,45.520405],[9.140039,45.520368],[9.139767,45.520335],[9.139659,45.52032],[9.139099,45.52025],[9.139021,45.520241],[9.138753,45.520205],[9.13869,45.520196],[9.138448,45.520164],[9.138404,45.520161],[9.138183,45.520133],[9.138044,45.520112],[9.13798,45.520105],[9.137928,45.520099],[9.137863,45.520091],[9.137445,45.520041],[9.136972,45.519983],[9.13696,45.520045],[9.136821,45.520782],[9.136778,45.521019],[9.136771,45.521052],[9.136761,45.521106],[9.136685,45.521101],[9.136137,45.521057],[9.135889,45.521041],[9.135866,45.521039],[9.134809,45.520936],[9.134807,45.520946]]]}},{"type":"Feature","properties":{"id_nil":11,"nome":"Isola","nome_orig":"ISOLA","area_kmq":1.323,"perimetro_km":5.08,"lon_centro":9.18992,"lat_centro":45.49099,"n_annunci":320,"mediana_eur_mq":6222,"p25_eur_mq":5270,"p75_eur_mq":7111,"prezzo_mediano_eur":470000,"superficie_mediana_mq":80,"fonte_confini":"Comune di Milano - NIL vigenti PGT 2030 (CC BY)","fonte_prezzi":"Immobiliare.it, estrazione 2026-08-26"},"geometry":{"type":"Polygon","coordinates":[[[9.201165,45.489631],[9.198814,45.490813],[9.198086,45.49117],[9.19733,45.491379],[9.195814,45.491776],[9.194492,45.492127],[9.192835,45.492596],[9.193631,45.494079],[9.194527,45.495546],[9.19283,45.49601],[9.192167,45.496187],[9.191694,45.496309],[9.189629,45.496876],[9.188699,45.49711],[9.186655,45.497653],[9.186601,45.497516],[9.185141,45.497444],[9.184146,45.497368],[9.183717,45.49637],[9.183163,45.495128],[9.182737,45.494092],[9.182642,45.493851],[9.182555,45.49365],[9.182329,45.493145],[9.181965,45.492316],[9.181799,45.491912],[9.181209,45.490609],[9.181135,45.490413],[9.182057,45.48894],[9.182453,45.488337],[9.182404,45.487954],[9.184648,45.48688],[9.185189,45.486775],[9.185158,45.486647],[9.186672,45.485959],[9.187223,45.485749],[9.188288,45.485572],[9.188262,45.485441],[9.188331,45.485297],[9.18856,45.485259],[9.189048,45.485313],[9.189196,45.484768],[9.189913,45.484614],[9.190705,45.484526],[9.191942,45.484698],[9.192445,45.484836],[9.192899,45.485005],[9.193507,45.485345],[9.193945,45.485974],[9.194177,45.48601],[9.195173,45.487332],[9.195519,45.487785],[9.195799,45.488168],[9.196888,45.487626],[9.198069,45.487006],[9.199246,45.48799],[9.20086,45.489375],[9.201165,45.489631]]]}},{"type":"Feature","properties":{"id_nil":61,"nome":"Quarto Cagnino","nome_orig":"QUARTO CAGNINO","area_kmq":0.986,"perimetro_km":4.65,"lon_centro":9.10964,"lat_centro":45.4742,"n_annunci":90,"mediana_eur_mq":4355,"p25_eur_mq":3600,"p75_eur_mq":4741,"prezzo_mediano_eur":317004,"superficie_mediana_mq":74,"fonte_confini":"Comune di Milano - NIL vigenti PGT 2030 (CC BY)","fonte_prezzi":"Immobiliare.it, estrazione 2026-08-26"},"geometry":{"type":"Polygon","coordinates":[[[9.111432,45.4764],[9.108281,45.477433],[9.107962,45.477555],[9.106963,45.477878],[9.106295,45.478133],[9.102905,45.479432],[9.102142,45.478295],[9.100156,45.477359],[9.102734,45.474204],[9.101121,45.474136],[9.099971,45.473809],[9.098457,45.473134],[9.10009,45.471818],[9.101623,45.470495],[9.102217,45.471017],[9.102492,45.471155],[9.102907,45.471168],[9.103474,45.471063],[9.103771,45.470908],[9.103969,45.47075],[9.104478,45.470798],[9.105537,45.471103],[9.106119,45.469754],[9.106456,45.468973],[9.107682,45.469229],[9.10963,45.469638],[9.110851,45.469773],[9.111727,45.469976],[9.113917,45.470559],[9.114193,45.470631],[9.116217,45.470978],[9.116946,45.471192],[9.117855,45.471981],[9.118952,45.47289],[9.116762,45.474188],[9.115787,45.474774],[9.115022,45.475226],[9.112915,45.475908],[9.111926,45.476242],[9.111432,45.4764]]]}},{"type":"Feature","properties":{"id_nil":60,"nome":"Stadio - Ippodromi","nome_orig":"STADIO - IPPODROMI","area_kmq":3.435,"perimetro_km":8.28,"lon_centro":9.12607,"lat_centro":45.47999,"n_annunci":211,"mediana_eur_mq":5091,"p25_eur_mq":4337,"p75_eur_mq":5796,"prezzo_mediano_eur":595000,"superficie_mediana_mq":134,"fonte_confini":"Comune di Milano - NIL vigenti PGT 2030 (CC BY)","fonte_prezzi":"Immobiliare.it, estrazione 2026-08-26"},"geometry":{"type":"Polygon","coordinates":[[[9.130204,45.484636],[9.128025,45.485183],[9.126883,45.485456],[9.124615,45.486005],[9.119288,45.48508],[9.118039,45.484864],[9.118585,45.486646],[9.11852,45.48725],[9.118161,45.487892],[9.117544,45.488304],[9.117013,45.488606],[9.116527,45.488864],[9.114865,45.489739],[9.112924,45.490769],[9.112574,45.490929],[9.112391,45.490713],[9.111825,45.490882],[9.111119,45.49095],[9.109081,45.490273],[9.109664,45.489092],[9.108807,45.488597],[9.109627,45.48432],[9.111432,45.4764],[9.111926,45.476242],[9.112915,45.475908],[9.115022,45.475226],[9.115787,45.474774],[9.116762,45.474188],[9.118952,45.47289],[9.119286,45.472702],[9.120826,45.471823],[9.121731,45.471289],[9.12187,45.471221],[9.122733,45.470745],[9.123635,45.470228],[9.124267,45.469877],[9.124897,45.469648],[9.125736,45.469397],[9.12613,45.469279],[9.127275,45.468938],[9.127533,45.469125],[9.12829,45.469585],[9.128421,45.469674],[9.12917,45.470126],[9.129351,45.470153],[9.129697,45.470517],[9.130274,45.47087],[9.131273,45.471515],[9.13168,45.471781],[9.132441,45.472268],[9.133678,45.473108],[9.134235,45.473458],[9.135009,45.473974],[9.136252,45.474791],[9.137089,45.475368],[9.137353,45.475272],[9.137646,45.475247],[9.137703,45.475973],[9.138612,45.475959],[9.138577,45.476316],[9.140679,45.477673],[9.141785,45.478388],[9.142915,45.479114],[9.142287,45.479509],[9.140745,45.480467],[9.140571,45.48106],[9.140434,45.481431],[9.140204,45.481745],[9.139896,45.482043],[9.139465,45.482339],[9.138907,45.482481],[9.138294,45.482634],[9.137504,45.482829],[9.136894,45.48298],[9.136264,45.483136],[9.135526,45.483312],[9.134748,45.483502],[9.134095,45.483666],[9.133725,45.48376],[9.133365,45.483848],[9.132996,45.483938],[9.132611,45.484029],[9.131847,45.484217],[9.131492,45.484307],[9.131123,45.484398],[9.130754,45.484494],[9.130204,45.484636]]]}},{"type":"Feature","properties":{"id_nil":62,"nome":"Quinto Romano","nome_orig":"QUINTO ROMANO","area_kmq":1.646,"perimetro_km":6.96,"lon_centro":9.09033,"lat_centro":45.47873,"n_annunci":36,"mediana_eur_mq":2624,"p25_eur_mq":1544,"p75_eur_mq":3362,"prezzo_mediano_eur":155000,"superficie_mediana_mq":69,"fonte_confini":"Comune di Milano - NIL vigenti PGT 2030 (CC BY)","fonte_prezzi":"Immobiliare.it, estrazione 2026-08-26"},"geometry":{"type":"Polygon","coordinates":[[[9.083754,45.48485],[9.082802,45.485207],[9.080258,45.485087],[9.080293,45.484889],[9.078934,45.484728],[9.078794,45.4852],[9.076977,45.484916],[9.07775,45.482496],[9.075068,45.482076],[9.072671,45.481423],[9.075384,45.478615],[9.078208,45.478854],[9.078352,45.478124],[9.079592,45.477933],[9.080516,45.478287],[9.080588,45.478451],[9.081102,45.478594],[9.083669,45.476338],[9.082963,45.474914],[9.083673,45.475239],[9.083872,45.474151],[9.086946,45.474731],[9.087172,45.474758],[9.08764,45.473787],[9.088692,45.473971],[9.089082,45.473066],[9.089824,45.472461],[9.090888,45.472159],[9.091057,45.472279],[9.09059,45.472829],[9.090429,45.473277],[9.09117,45.473434],[9.092943,45.47306],[9.094212,45.473702],[9.092758,45.474845],[9.093959,45.475407],[9.09354,45.475892],[9.093937,45.475938],[9.097796,45.476406],[9.09898,45.476909],[9.100156,45.477359],[9.102142,45.478295],[9.102905,45.479432],[9.101721,45.479841],[9.099665,45.480485],[9.097386,45.481181],[9.095166,45.481692],[9.094287,45.481897],[9.092947,45.482232],[9.089095,45.483278],[9.086733,45.483762],[9.08444,45.484595],[9.083754,45.48485]]]}},{"type":"Feature","properties":{"id_nil":1,"nome":"Duomo","nome_orig":"DUOMO","area_kmq":2.342,"perimetro_km":7.57,"lon_centro":9.18726,"lat_centro":45.46435,"n_annunci":305,"mediana_eur_mq":10972,"p25_eur_mq":8684,"p75_eur_mq":13523,"prezzo_mediano_eur":1090000,"superficie_mediana_mq":120,"fonte_confini":"Comune di Milano - NIL vigenti PGT 2030 (CC BY)","fonte_prezzi":"Immobiliare.it, estrazione 2026-08-26"},"geometry":{"type":"Polygon","coordinates":[[[9.194822,45.472011],[9.194727,45.471924],[9.193456,45.470755],[9.192748,45.47004],[9.192456,45.469737],[9.19204,45.469374],[9.191645,45.469056],[9.191054,45.468434],[9.190906,45.468293],[9.190007,45.467443],[9.189911,45.467357],[9.189398,45.466972],[9.189009,45.466589],[9.188933,45.466519],[9.188333,45.465833],[9.188085,45.465605],[9.186778,45.4656],[9.186508,45.465474],[9.186184,45.465208],[9.185666,45.465616],[9.185208,45.46598],[9.184705,45.466336],[9.183871,45.466972],[9.182754,45.467826],[9.182944,45.467985],[9.182462,45.468365],[9.182326,45.468461],[9.182115,45.468327],[9.181247,45.469031],[9.181541,45.469269],[9.181707,45.469526],[9.181823,45.46979],[9.181852,45.470127],[9.181774,45.470485],[9.181613,45.470827],[9.181324,45.471143],[9.180211,45.472032],[9.179583,45.472551],[9.176356,45.470431],[9.175385,45.469807],[9.176061,45.469322],[9.176722,45.468833],[9.177236,45.468442],[9.177847,45.467987],[9.177466,45.46743],[9.176754,45.467689],[9.176568,45.467386],[9.17623,45.466832],[9.175699,45.465995],[9.175634,45.465918],[9.175523,45.465748],[9.175043,45.464876],[9.174821,45.464502],[9.174515,45.463953],[9.173828,45.462688],[9.173639,45.462352],[9.173478,45.461894],[9.173261,45.461674],[9.173509,45.461483],[9.174121,45.461061],[9.175131,45.460355],[9.177547,45.458898],[9.17795,45.459029],[9.178159,45.459103],[9.178207,45.459016],[9.177998,45.458866],[9.17785,45.458775],[9.178162,45.45857],[9.180386,45.457571],[9.180672,45.457458],[9.180954,45.457357],[9.181863,45.457128],[9.182211,45.457051],[9.183015,45.456874],[9.183563,45.456731],[9.184295,45.456551],[9.184815,45.456447],[9.187398,45.456031],[9.187925,45.456141],[9.190144,45.456955],[9.191001,45.457221],[9.191156,45.457236],[9.193304,45.457482],[9.193395,45.457581],[9.194021,45.458201],[9.195287,45.459529],[9.196444,45.460757],[9.19658,45.46089],[9.197162,45.46152],[9.198054,45.462441],[9.198807,45.463222],[9.199709,45.464206],[9.19999,45.464778],[9.200364,45.46543],[9.200462,45.465789],[9.200503,45.466272],[9.20053,45.46673],[9.200544,45.467006],[9.200437,45.467261],[9.200212,45.467581],[9.199749,45.468212],[9.199534,45.468472],[9.199246,45.468783],[9.199042,45.469005],[9.198218,45.46977],[9.198149,45.469833],[9.198046,45.469926],[9.19738,45.47045],[9.195132,45.472292],[9.194953,45.472129],[9.194822,45.472011]]]}},{"type":"Feature","properties":{"id_nil":4,"nome":"Guastalla","nome_orig":"GUASTALLA","area_kmq":1.548,"perimetro_km":6.56,"lon_centro":9.20317,"lat_centro":45.4633,"n_annunci":199,"mediana_eur_mq":9311,"p25_eur_mq":7791,"p75_eur_mq":12288,"prezzo_mediano_eur":1050000,"superficie_mediana_mq":118,"fonte_confini":"Comune di Milano - NIL vigenti PGT 2030 (CC BY)","fonte_prezzi":"Immobiliare.it, estrazione 2026-08-26"},"geometry":{"type":"Polygon","coordinates":[[[9.206999,45.46787],[9.206926,45.468533],[9.206866,45.469162],[9.206734,45.470458],[9.206716,45.470712],[9.206575,45.471851],[9.206575,45.471942],[9.206425,45.47369],[9.206347,45.473959],[9.206212,45.474084],[9.205683,45.474353],[9.205207,45.474578],[9.204282,45.47372],[9.203656,45.473096],[9.202787,45.4722],[9.202449,45.471894],[9.200933,45.472592],[9.19956,45.473078],[9.198965,45.473064],[9.195445,45.47283],[9.195003,45.4724],[9.195132,45.472292],[9.19738,45.47045],[9.198046,45.469926],[9.198149,45.469833],[9.198218,45.46977],[9.199042,45.469005],[9.199246,45.468783],[9.199534,45.468472],[9.199749,45.468212],[9.200212,45.467581],[9.200437,45.467261],[9.200544,45.467006],[9.20053,45.46673],[9.200503,45.466272],[9.200462,45.465789],[9.200364,45.46543],[9.19999,45.464778],[9.199709,45.464206],[9.198807,45.463222],[9.198054,45.462441],[9.197162,45.46152],[9.19658,45.46089],[9.196444,45.460757],[9.195287,45.459529],[9.194021,45.458201],[9.193395,45.457581],[9.193577,45.457465],[9.195392,45.456344],[9.195876,45.456081],[9.196118,45.455918],[9.198075,45.454683],[9.198608,45.454343],[9.199631,45.453724],[9.200234,45.453357],[9.200327,45.453301],[9.200784,45.453008],[9.20186,45.452381],[9.202554,45.451964],[9.20265,45.452119],[9.202917,45.452638],[9.203475,45.453718],[9.203577,45.453943],[9.203904,45.454548],[9.204223,45.455123],[9.204948,45.45645],[9.205676,45.457793],[9.205874,45.458145],[9.206335,45.458731],[9.206962,45.459512],[9.207157,45.459766],[9.207727,45.460525],[9.207691,45.460841],[9.207578,45.462265],[9.207463,45.463372],[9.207388,45.464339],[9.207314,45.465265],[9.207314,45.465326],[9.207224,45.466319],[9.207194,45.466561],[9.207115,45.467211],[9.206999,45.46787]]]}},{"type":"Feature","properties":{"id_nil":57,"nome":"San Siro","nome_orig":"SAN SIRO","area_kmq":0.985,"perimetro_km":4.63,"lon_centro":9.13866,"lat_centro":45.47269,"n_annunci":234,"mediana_eur_mq":4671,"p25_eur_mq":4053,"p75_eur_mq":5200,"prezzo_mediano_eur":293500,"superficie_mediana_mq":65,"fonte_confini":"Comune di Milano - NIL vigenti PGT 2030 (CC BY)","fonte_prezzi":"Immobiliare.it, estrazione 2026-08-26"},"geometry":{"type":"Polygon","coordinates":[[[9.14606,45.466949],[9.145729,45.467979],[9.145696,45.468083],[9.145531,45.468607],[9.145492,45.468749],[9.145361,45.469161],[9.145192,45.469655],[9.145097,45.469974],[9.144886,45.470641],[9.144768,45.471028],[9.144557,45.471697],[9.144447,45.472082],[9.144122,45.473194],[9.143867,45.473859],[9.143688,45.474415],[9.143335,45.475429],[9.143201,45.475902],[9.143085,45.476359],[9.142871,45.477156],[9.142867,45.477736],[9.142915,45.479114],[9.141785,45.478388],[9.140679,45.477673],[9.138577,45.476316],[9.138612,45.475959],[9.137703,45.475973],[9.137646,45.475247],[9.137353,45.475272],[9.137089,45.475368],[9.136252,45.474791],[9.135009,45.473974],[9.134235,45.473458],[9.133678,45.473108],[9.132441,45.472268],[9.13168,45.471781],[9.131273,45.471515],[9.130274,45.47087],[9.129697,45.470517],[9.129351,45.470153],[9.12917,45.470126],[9.128421,45.469674],[9.12829,45.469585],[9.127533,45.469125],[9.127275,45.468938],[9.12874,45.468401],[9.129845,45.468181],[9.131105,45.468023],[9.133948,45.467686],[9.134442,45.467632],[9.136008,45.467435],[9.137055,45.467368],[9.138171,45.467374],[9.138452,45.467374],[9.139422,45.467361],[9.140421,45.467374],[9.140904,45.467373],[9.141482,45.467384],[9.143206,45.467206],[9.144186,45.467121],[9.144543,45.467088],[9.145004,45.467049],[9.14606,45.466949]]]}},{"type":"Feature","properties":{"id_nil":82,"nome":"Comasina","nome_orig":"COMASINA","area_kmq":0.927,"perimetro_km":5.38,"lon_centro":9.16135,"lat_centro":45.52733,"n_annunci":110,"mediana_eur_mq":3056,"p25_eur_mq":2563,"p75_eur_mq":3524,"prezzo_mediano_eur":252500,"superficie_mediana_mq":80,"fonte_confini":"Comune di Milano - NIL vigenti PGT 2030 (CC BY)","fonte_prezzi":"Immobiliare.it, estrazione 2026-08-26"},"geometry":{"type":"Polygon","coordinates":[[[9.169508,45.525139],[9.169203,45.525366],[9.167707,45.526493],[9.166902,45.527087],[9.16522,45.528373],[9.164202,45.527776],[9.163794,45.527641],[9.163468,45.528325],[9.163334,45.528629],[9.162738,45.529833],[9.161887,45.531817],[9.161221,45.533777],[9.161174,45.533774],[9.161058,45.533757],[9.161014,45.53375],[9.160824,45.53373],[9.15996,45.533624],[9.158501,45.533448],[9.158503,45.533173],[9.158529,45.532868],[9.158541,45.532697],[9.158407,45.532662],[9.157988,45.53254],[9.157916,45.53252],[9.15781,45.53249],[9.157455,45.532386],[9.157491,45.532247],[9.157493,45.532247],[9.157767,45.531236],[9.157793,45.531141],[9.156783,45.531003],[9.156778,45.531003],[9.156795,45.530932],[9.156979,45.530167],[9.156986,45.530137],[9.156579,45.530087],[9.156773,45.529446],[9.156857,45.52917],[9.156903,45.528995],[9.156816,45.528981],[9.156158,45.528884],[9.155747,45.528828],[9.155648,45.528814],[9.155792,45.52836],[9.155872,45.528111],[9.155985,45.527724],[9.156058,45.527517],[9.156164,45.527146],[9.156185,45.527072],[9.156224,45.526984],[9.1564,45.526415],[9.15638,45.526408],[9.156349,45.526405],[9.156281,45.526397],[9.155829,45.52634],[9.155495,45.526298],[9.154958,45.526231],[9.155022,45.525989],[9.155092,45.525724],[9.154399,45.525644],[9.153919,45.525589],[9.153609,45.525555],[9.153596,45.525603],[9.153589,45.525631],[9.153582,45.525658],[9.15357,45.5257],[9.153559,45.525741],[9.153532,45.52584],[9.153108,45.525779],[9.15278,45.52573],[9.152773,45.52573],[9.152677,45.525717],[9.152544,45.525698],[9.152609,45.52546],[9.152618,45.52543],[9.152352,45.525395],[9.152467,45.524889],[9.152582,45.524395],[9.151552,45.524255],[9.151671,45.523804],[9.151721,45.523651],[9.151817,45.523299],[9.151861,45.523138],[9.151851,45.523136],[9.151425,45.523076],[9.15102,45.523018],[9.151031,45.522957],[9.151037,45.522936],[9.151039,45.52293],[9.151092,45.522741],[9.151103,45.522699],[9.151177,45.522431],[9.151228,45.522253],[9.151235,45.522228],[9.15127,45.522147],[9.15131,45.521998],[9.151336,45.521897],[9.151382,45.52172],[9.151387,45.521705],[9.151409,45.521612],[9.151439,45.521499],[9.151467,45.521399],[9.151477,45.52136],[9.151485,45.521333],[9.151489,45.521319],[9.151498,45.521289],[9.151507,45.521253],[9.151516,45.521199],[9.153702,45.521648],[9.154088,45.521714],[9.159773,45.522775],[9.161519,45.5231],[9.163281,45.523436],[9.166277,45.524021],[9.166979,45.523338],[9.16763,45.522721],[9.168035,45.522339],[9.16887,45.523965],[9.169508,45.525139]]]}},{"type":"Feature","properties":{"id_nil":43,"nome":"Tibaldi","nome_orig":"TIBALDI","area_kmq":0.786,"perimetro_km":3.96,"lon_centro":9.18017,"lat_centro":45.4413,"n_annunci":241,"mediana_eur_mq":5000,"p25_eur_mq":4341,"p75_eur_mq":5831,"prezzo_mediano_eur":340000,"superficie_mediana_mq":70,"fonte_confini":"Comune di Milano - NIL vigenti PGT 2030 (CC BY)","fonte_prezzi":"Immobiliare.it, estrazione 2026-08-26"},"geometry":{"type":"Polygon","coordinates":[[[9.18775,45.437321],[9.187774,45.439204],[9.187775,45.439663],[9.18776,45.440146],[9.187806,45.44188],[9.187816,45.442545],[9.187727,45.444741],[9.187161,45.444626],[9.186411,45.444416],[9.185353,45.444091],[9.184653,45.443872],[9.183859,45.443634],[9.182867,45.443318],[9.181288,45.442908],[9.179852,45.442738],[9.178923,45.44273],[9.177541,45.442801],[9.175871,45.442868],[9.173871,45.442957],[9.172669,45.443008],[9.1726,45.441888],[9.172519,45.440724],[9.172498,45.440362],[9.172239,45.439487],[9.171951,45.438928],[9.171109,45.437657],[9.172802,45.437617],[9.173572,45.437605],[9.174653,45.4376],[9.176622,45.437561],[9.177346,45.437546],[9.177781,45.43744],[9.178248,45.437422],[9.17865,45.437414],[9.179992,45.437395],[9.180794,45.437386],[9.181653,45.437376],[9.182108,45.437367],[9.183443,45.437336],[9.18554,45.437332],[9.186437,45.437328],[9.18775,45.437321]]]}},{"type":"Feature","properties":{"id_nil":13,"nome":"Greco - Segnano","nome_orig":"GRECO - SEGNANO","area_kmq":1.769,"perimetro_km":7.47,"lon_centro":9.21022,"lat_centro":45.50272,"n_annunci":255,"mediana_eur_mq":4293,"p25_eur_mq":3567,"p75_eur_mq":5082,"prezzo_mediano_eur":290000,"superficie_mediana_mq":65,"fonte_confini":"Comune di Milano - NIL vigenti PGT 2030 (CC BY)","fonte_prezzi":"Immobiliare.it, estrazione 2026-08-26"},"geometry":{"type":"Polygon","coordinates":[[[9.212199,45.509709],[9.211989,45.509671],[9.210489,45.509324],[9.209895,45.508997],[9.209719,45.50888],[9.210272,45.509876],[9.208369,45.510391],[9.207124,45.510731],[9.206098,45.511011],[9.205825,45.51053],[9.204684,45.510845],[9.203376,45.511221],[9.20292,45.510393],[9.202709,45.510033],[9.202473,45.509586],[9.202238,45.509197],[9.201998,45.508762],[9.201757,45.508368],[9.201209,45.507422],[9.201046,45.507114],[9.200991,45.507011],[9.200619,45.506362],[9.200171,45.505572],[9.199996,45.50527],[9.198926,45.503351],[9.199781,45.503213],[9.200693,45.503067],[9.20239,45.502814],[9.202978,45.50272],[9.203864,45.502577],[9.20475,45.502439],[9.206487,45.502174],[9.205855,45.501343],[9.204338,45.499343],[9.203699,45.498487],[9.203148,45.497755],[9.202922,45.497486],[9.202801,45.497312],[9.202581,45.497008],[9.204357,45.496337],[9.20532,45.496007],[9.205836,45.495841],[9.207139,45.49543],[9.20757,45.495285],[9.207757,45.495783],[9.209348,45.494983],[9.209935,45.494697],[9.210868,45.494225],[9.211709,45.495123],[9.213136,45.496466],[9.214121,45.49748],[9.214614,45.497975],[9.214926,45.499091],[9.215334,45.499294],[9.215597,45.499425],[9.215848,45.499558],[9.216514,45.499939],[9.21683,45.500244],[9.217364,45.500085],[9.218357,45.499703],[9.218506,45.499792],[9.218284,45.499972],[9.217984,45.500211],[9.217654,45.500501],[9.217106,45.50097],[9.217331,45.501425],[9.216855,45.501535],[9.217201,45.502175],[9.217479,45.502725],[9.217612,45.503925],[9.218036,45.504645],[9.218523,45.505353],[9.219221,45.506504],[9.218648,45.509536],[9.21828,45.510291],[9.217279,45.509984],[9.216698,45.510614],[9.216467,45.511085],[9.216031,45.51096],[9.215576,45.508629],[9.215533,45.506552],[9.214977,45.506309],[9.21378,45.506983],[9.213225,45.507253],[9.212935,45.507622],[9.212257,45.508403],[9.212242,45.509221],[9.212199,45.509709]]]}},{"type":"Feature","properties":{"id_nil":58,"nome":"De Angeli - Monte Rosa","nome_orig":"DE ANGELI - MONTE ROSA","area_kmq":1.323,"perimetro_km":5.77,"lon_centro":9.1473,"lat_centro":45.47602,"n_annunci":306,"mediana_eur_mq":6750,"p25_eur_mq":5756,"p75_eur_mq":7829,"prezzo_mediano_eur":513000,"superficie_mediana_mq":82,"fonte_confini":"Comune di Milano - NIL vigenti PGT 2030 (CC BY)","fonte_prezzi":"Immobiliare.it, estrazione 2026-08-26"},"geometry":{"type":"Polygon","coordinates":[[[9.151638,45.480449],[9.151028,45.480934],[9.150366,45.481442],[9.149771,45.481907],[9.149167,45.482322],[9.148509,45.482816],[9.147988,45.483179],[9.147652,45.483419],[9.147382,45.483617],[9.146367,45.484415],[9.14534,45.485183],[9.144785,45.485652],[9.144475,45.48546],[9.144099,45.485144],[9.143683,45.484744],[9.14338,45.484204],[9.143225,45.483707],[9.143168,45.483304],[9.142494,45.48335],[9.142284,45.483121],[9.143116,45.482461],[9.143046,45.481394],[9.142956,45.479869],[9.142915,45.479114],[9.142867,45.477736],[9.142871,45.477156],[9.143085,45.476359],[9.143201,45.475902],[9.143335,45.475429],[9.143688,45.474415],[9.143867,45.473859],[9.144122,45.473194],[9.144447,45.472082],[9.144557,45.471697],[9.144768,45.471028],[9.144886,45.470641],[9.145097,45.469974],[9.145192,45.469655],[9.145361,45.469161],[9.145492,45.468749],[9.145531,45.468607],[9.145696,45.468083],[9.145729,45.467979],[9.14606,45.466949],[9.146548,45.466906],[9.14791,45.466782],[9.148591,45.466721],[9.148628,45.46652],[9.150047,45.466848],[9.150653,45.466406],[9.151669,45.466704],[9.152835,45.467065],[9.1552,45.466869],[9.155234,45.46776],[9.155261,45.468026],[9.155302,45.468715],[9.155364,45.470368],[9.155555,45.473561],[9.153733,45.473606],[9.15272,45.473624],[9.151623,45.473661],[9.151581,45.4732],[9.150572,45.473982],[9.151143,45.474351],[9.151337,45.474427],[9.15141,45.475496],[9.15142,45.475801],[9.151433,45.476142],[9.151487,45.477553],[9.151613,45.47983],[9.151638,45.480449]]]}},{"type":"Feature","properties":{"id_nil":78,"nome":"Farini","nome_orig":"FARINI","area_kmq":1.01,"perimetro_km":5.09,"lon_centro":9.17511,"lat_centro":45.49288,"n_annunci":56,"mediana_eur_mq":4845,"p25_eur_mq":4287,"p75_eur_mq":5586,"prezzo_mediano_eur":349000,"superficie_mediana_mq":80,"fonte_confini":"Comune di Milano - NIL vigenti PGT 2030 (CC BY)","fonte_prezzi":"Immobiliare.it, estrazione 2026-08-26"},"geometry":{"type":"Polygon","coordinates":[[[9.172337,45.496649],[9.171773,45.496608],[9.171137,45.496541],[9.170535,45.496548],[9.170125,45.496721],[9.169097,45.497182],[9.167465,45.497913],[9.166832,45.498229],[9.166589,45.498382],[9.166176,45.498455],[9.165798,45.498489],[9.165436,45.498499],[9.164775,45.498424],[9.164094,45.498245],[9.162038,45.496901],[9.163524,45.496228],[9.163912,45.495908],[9.16568,45.494813],[9.166355,45.49422],[9.167185,45.493492],[9.16836,45.492613],[9.169679,45.49174],[9.170411,45.491362],[9.171002,45.491143],[9.171812,45.490861],[9.173028,45.490602],[9.174349,45.490442],[9.175974,45.490262],[9.17682,45.490094],[9.177836,45.489745],[9.179131,45.489136],[9.182253,45.486787],[9.182404,45.487954],[9.182453,45.488337],[9.182057,45.48894],[9.181135,45.490413],[9.181209,45.490609],[9.181799,45.491912],[9.181965,45.492316],[9.182329,45.493145],[9.182555,45.49365],[9.182642,45.493851],[9.182737,45.494092],[9.183163,45.495128],[9.183717,45.49637],[9.184146,45.497368],[9.18387,45.497353],[9.181813,45.49725],[9.18022,45.497134],[9.179215,45.497069],[9.178718,45.497039],[9.177348,45.496949],[9.176031,45.496853],[9.174617,45.496781],[9.173283,45.4967],[9.172337,45.496649]]]}},{"type":"Feature","properties":{"id_nil":83,"nome":"Bruzzano","nome_orig":"BRUZZANO","area_kmq":1.67,"perimetro_km":6.44,"lon_centro":9.17369,"lat_centro":45.52736,"n_annunci":82,"mediana_eur_mq":3242,"p25_eur_mq":2718,"p75_eur_mq":3769,"prezzo_mediano_eur":229500,"superficie_mediana_mq":65,"fonte_confini":"Comune di Milano - NIL vigenti PGT 2030 (CC BY)","fonte_prezzi":"Immobiliare.it, estrazione 2026-08-26"},"geometry":{"type":"Polygon","coordinates":[[[9.178083,45.534793],[9.178014,45.534874],[9.177956,45.534942],[9.177654,45.535463],[9.177637,45.535491],[9.177262,45.535464],[9.177174,45.53546],[9.177087,45.535453],[9.177021,45.535448],[9.176786,45.535435],[9.17647,45.535415],[9.176068,45.535389],[9.175728,45.535367],[9.175675,45.535944],[9.175099,45.535936],[9.174616,45.535926],[9.174317,45.535923],[9.174258,45.53592],[9.174029,45.53591],[9.174152,45.535581],[9.174197,45.534989],[9.172943,45.534949],[9.172769,45.534943],[9.172668,45.53494],[9.172333,45.534932],[9.171949,45.534918],[9.171908,45.535147],[9.171602,45.535127],[9.171474,45.535121],[9.171264,45.535103],[9.170884,45.535078],[9.170869,45.535156],[9.170803,45.535477],[9.170186,45.535422],[9.169952,45.535407],[9.169307,45.535351],[9.169189,45.53534],[9.168926,45.535323],[9.168778,45.535313],[9.168745,45.535503],[9.168744,45.535509],[9.168716,45.53567],[9.168709,45.535708],[9.168644,45.535695],[9.168645,45.535696],[9.168636,45.535806],[9.168201,45.535752],[9.168092,45.535738],[9.167989,45.535726],[9.167912,45.535716],[9.167907,45.535715],[9.167815,45.535704],[9.167596,45.535677],[9.167356,45.535648],[9.167278,45.535638],[9.167234,45.535634],[9.167197,45.53563],[9.167196,45.535634],[9.167179,45.535777],[9.167154,45.535943],[9.167099,45.535939],[9.166868,45.535916],[9.166369,45.535869],[9.166105,45.535843],[9.166034,45.535838],[9.166024,45.535836],[9.165567,45.535794],[9.165661,45.535306],[9.165652,45.535305],[9.165597,45.535299],[9.165581,45.535297],[9.165184,45.535251],[9.165125,45.535244],[9.165043,45.535235],[9.164994,45.535229],[9.16491,45.53522],[9.164623,45.535186],[9.164272,45.535146],[9.164303,45.534989],[9.162998,45.534843],[9.162957,45.534838],[9.162591,45.534797],[9.161117,45.534632],[9.161055,45.534625],[9.161017,45.534631],[9.160989,45.534628],[9.160966,45.534625],[9.160895,45.534616],[9.160956,45.534594],[9.161016,45.534256],[9.161079,45.534064],[9.161113,45.533962],[9.161174,45.533774],[9.161221,45.533777],[9.161887,45.531817],[9.162738,45.529833],[9.163334,45.528629],[9.163468,45.528325],[9.163794,45.527641],[9.164202,45.527776],[9.16522,45.528373],[9.166902,45.527087],[9.167707,45.526493],[9.169203,45.525366],[9.169508,45.525139],[9.17071,45.524214],[9.171253,45.523819],[9.172037,45.523227],[9.172672,45.522724],[9.173517,45.522099],[9.174865,45.521222],[9.175675,45.520667],[9.176832,45.519871],[9.177288,45.519474],[9.177667,45.518989],[9.17803,45.519082],[9.177763,45.520716],[9.17825,45.521327],[9.180727,45.521459],[9.180473,45.522376],[9.180231,45.522716],[9.179974,45.523087],[9.179652,45.52383],[9.179388,45.524563],[9.180621,45.524759],[9.180931,45.524912],[9.181087,45.52512],[9.18113,45.525377],[9.180818,45.527085],[9.180866,45.527737],[9.179435,45.528275],[9.178287,45.528212],[9.178423,45.528652],[9.178656,45.529033],[9.178962,45.530008],[9.178941,45.53024],[9.178508,45.531156],[9.178396,45.531552],[9.178067,45.534389],[9.178083,45.534793]]]}},{"type":"Feature","properties":{"id_nil":66,"nome":"Qt 8","nome_orig":"QT 8","area_kmq":1.024,"perimetro_km":4.89,"lon_centro":9.13666,"lat_centro":45.48694,"n_annunci":33,"mediana_eur_mq":4362,"p25_eur_mq":4050,"p75_eur_mq":4740,"prezzo_mediano_eur":420000,"superficie_mediana_mq":95,"fonte_confini":"Comune di Milano - NIL vigenti PGT 2030 (CC BY)","fonte_prezzi":"Immobiliare.it, estrazione 2026-08-26"},"geometry":{"type":"Polygon","coordinates":[[[9.144785,45.485652],[9.144321,45.486019],[9.142755,45.487255],[9.141521,45.488126],[9.140405,45.488865],[9.138989,45.489956],[9.138288,45.490615],[9.137735,45.49119],[9.136236,45.491901],[9.136748,45.492025],[9.135558,45.492789],[9.135154,45.492975],[9.134524,45.493255],[9.134093,45.493467],[9.13263,45.4941],[9.130926,45.494864],[9.130188,45.495196],[9.130021,45.494034],[9.12999,45.492737],[9.129997,45.492162],[9.130107,45.487417],[9.130203,45.486625],[9.130215,45.486557],[9.130227,45.485809],[9.130204,45.484636],[9.130754,45.484494],[9.131123,45.484398],[9.131492,45.484307],[9.131847,45.484217],[9.132611,45.484029],[9.132996,45.483938],[9.133365,45.483848],[9.133725,45.48376],[9.134095,45.483666],[9.134748,45.483502],[9.135526,45.483312],[9.136264,45.483136],[9.136894,45.48298],[9.137504,45.482829],[9.138294,45.482634],[9.138907,45.482481],[9.139465,45.482339],[9.139896,45.482043],[9.140204,45.481745],[9.140434,45.481431],[9.140571,45.48106],[9.140745,45.480467],[9.142287,45.479509],[9.142915,45.479114],[9.142956,45.479869],[9.143046,45.481394],[9.143116,45.482461],[9.142284,45.483121],[9.142494,45.48335],[9.143168,45.483304],[9.143225,45.483707],[9.14338,45.484204],[9.143683,45.484744],[9.144099,45.485144],[9.144475,45.48546],[9.144785,45.485652]]]}},{"type":"Feature","properties":{"id_nil":75,"nome":"Stephenson","nome_orig":"STEPHENSON","area_kmq":0.56,"perimetro_km":3.58,"lon_centro":9.12257,"lat_centro":45.51139,"n_annunci":0,"mediana_eur_mq":null,"p25_eur_mq":null,"p75_eur_mq":null,"prezzo_mediano_eur":null,"superficie_mediana_mq":null,"fonte_confini":"Comune di Milano - NIL vigenti PGT 2030 (CC BY)","fonte_prezzi":"Immobiliare.it, estrazione 2026-08-26"},"geometry":{"type":"Polygon","coordinates":[[[9.130088,45.508198],[9.129942,45.508757],[9.129728,45.509386],[9.129325,45.509977],[9.128789,45.510506],[9.128017,45.511001],[9.125906,45.512417],[9.124519,45.513448],[9.123516,45.51414],[9.12248,45.51481],[9.120921,45.515714],[9.120156,45.515616],[9.118856,45.515549],[9.112894,45.515299],[9.112974,45.514199],[9.113041,45.51372],[9.113369,45.513258],[9.113678,45.51291],[9.114719,45.5126],[9.116021,45.512168],[9.11653,45.512059],[9.117083,45.512035],[9.117093,45.511864],[9.116513,45.511784],[9.118881,45.511001],[9.120548,45.510264],[9.123252,45.509286],[9.127122,45.508484],[9.130162,45.507839],[9.130088,45.508198]]]}},{"type":"Feature","properties":{"id_nil":47,"nome":"Cantalupa","nome_orig":"CANTALUPA","area_kmq":0.927,"perimetro_km":5.16,"lon_centro":9.15839,"lat_centro":45.42233,"n_annunci":32,"mediana_eur_mq":2978,"p25_eur_mq":2053,"p75_eur_mq":3367,"prezzo_mediano_eur":195000,"superficie_mediana_mq":74,"fonte_confini":"Comune di Milano - NIL vigenti PGT 2030 (CC BY)","fonte_prezzi":"Immobiliare.it, estrazione 2026-08-26"},"geometry":{"type":"Polygon","coordinates":[[[9.161123,45.425891],[9.160555,45.426055],[9.16012,45.426244],[9.159869,45.426476],[9.159709,45.426761],[9.159886,45.427084],[9.15984,45.427224],[9.158888,45.427756],[9.158763,45.427243],[9.158681,45.426645],[9.158614,45.426394],[9.158009,45.424922],[9.157091,45.423407],[9.156377,45.423778],[9.15587,45.424026],[9.156298,45.424701],[9.154264,45.425331],[9.154015,45.425418],[9.153421,45.425195],[9.151433,45.424133],[9.151019,45.424473],[9.150154,45.42396],[9.150249,45.423573],[9.149045,45.421644],[9.147814,45.420886],[9.148332,45.420591],[9.14979,45.419586],[9.150387,45.419382],[9.150531,45.419169],[9.151094,45.419065],[9.152087,45.418449],[9.151135,45.41773],[9.152353,45.416548],[9.153304,45.41696],[9.15375,45.41749],[9.154334,45.417429],[9.154451,45.417584],[9.155792,45.417416],[9.157125,45.417089],[9.15757,45.417488],[9.158772,45.417191],[9.159103,45.417252],[9.159045,45.418363],[9.160179,45.418662],[9.159728,45.419534],[9.159799,45.419659],[9.162826,45.420309],[9.165201,45.420333],[9.165324,45.421975],[9.166911,45.421644],[9.167505,45.422682],[9.165824,45.423311],[9.16509,45.423962],[9.16414,45.424709],[9.163459,45.425177],[9.162699,45.425441],[9.161123,45.425891]]]}},{"type":"Feature","properties":{"id_nil":39,"nome":"Quintosole","nome_orig":"QUINTOSOLE","area_kmq":1.059,"perimetro_km":6.74,"lon_centro":9.20358,"lat_centro":45.4028,"n_annunci":5,"mediana_eur_mq":3192,"p25_eur_mq":2652,"p75_eur_mq":3361,"prezzo_mediano_eur":305000,"superficie_mediana_mq":115,"fonte_confini":"Comune di Milano - NIL vigenti PGT 2030 (CC BY)","fonte_prezzi":"Immobiliare.it, estrazione 2026-08-26"},"geometry":{"type":"Polygon","coordinates":[[[9.210466,45.396993],[9.20965,45.400179],[9.206187,45.39953],[9.206022,45.399647],[9.205953,45.399745],[9.20592,45.400198],[9.205983,45.400436],[9.205991,45.400592],[9.205847,45.400884],[9.205468,45.40143],[9.205242,45.401658],[9.204786,45.402202],[9.205604,45.402615],[9.206365,45.402985],[9.20705,45.403177],[9.208822,45.403449],[9.208558,45.404516],[9.207944,45.40681],[9.207832,45.407381],[9.206392,45.413093],[9.204857,45.412793],[9.204637,45.413063],[9.201117,45.411613],[9.200317,45.411309],[9.200333,45.409714],[9.200327,45.409712],[9.200435,45.405638],[9.200435,45.405626],[9.200285,45.404917],[9.200414,45.404081],[9.201525,45.402213],[9.201845,45.401591],[9.198752,45.401672],[9.198735,45.400568],[9.198818,45.399876],[9.199809,45.400099],[9.199933,45.399824],[9.200785,45.39999],[9.202051,45.400172],[9.204401,45.400467],[9.204477,45.399762],[9.204277,45.399655],[9.203867,45.398813],[9.20382,45.39826],[9.203788,45.397548],[9.203406,45.397548],[9.203399,45.397443],[9.203382,45.397081],[9.203373,45.39692],[9.203384,45.396795],[9.203376,45.396713],[9.203363,45.396617],[9.203357,45.396576],[9.203352,45.396535],[9.203378,45.396408],[9.203397,45.396341],[9.203432,45.396207],[9.203458,45.396132],[9.203517,45.396083],[9.203649,45.396055],[9.203764,45.39598],[9.203809,45.395896],[9.203873,45.395862],[9.20388,45.395832],[9.203831,45.395699],[9.203843,45.395612],[9.203972,45.395407],[9.204021,45.395346],[9.204102,45.395175],[9.204213,45.39497],[9.204317,45.394745],[9.204438,45.394521],[9.204565,45.394282],[9.204676,45.394082],[9.204794,45.393864],[9.204891,45.393687],[9.204896,45.393678],[9.204966,45.39357],[9.204992,45.393531],[9.205,45.393518],[9.205025,45.393441],[9.20507,45.393361],[9.205115,45.393283],[9.205139,45.393247],[9.205158,45.393224],[9.205175,45.393219],[9.205252,45.393229],[9.205479,45.393283],[9.205572,45.393306],[9.205649,45.393323],[9.205694,45.393328],[9.205735,45.393328],[9.205865,45.393333],[9.205876,45.39332],[9.205893,45.393296],[9.205908,45.393272],[9.205927,45.393244],[9.205946,45.393217],[9.205965,45.393191],[9.205982,45.393168],[9.205994,45.393145],[9.206011,45.393124],[9.206029,45.393105],[9.20605,45.393094],[9.206075,45.393096],[9.2061,45.393104],[9.20613,45.393116],[9.206166,45.39313],[9.206203,45.393146],[9.206243,45.393161],[9.206288,45.393172],[9.206337,45.393178],[9.206382,45.393177],[9.206426,45.393171],[9.206469,45.393156],[9.206508,45.393138],[9.206547,45.39312],[9.20659,45.393106],[9.206627,45.393094],[9.206665,45.393087],[9.206705,45.393082],[9.20674,45.393081],[9.206776,45.393076],[9.206807,45.393064],[9.206838,45.393049],[9.206873,45.393031],[9.206909,45.393009],[9.206944,45.392988],[9.206981,45.392963],[9.207021,45.392937],[9.207055,45.392914],[9.207092,45.392888],[9.207127,45.392863],[9.207162,45.39284],[9.2072,45.392817],[9.207236,45.392796],[9.207271,45.392779],[9.207302,45.392762],[9.207335,45.392745],[9.207365,45.392727],[9.207391,45.392711],[9.207419,45.392692],[9.207448,45.392668],[9.207449,45.392668],[9.207494,45.392663],[9.207549,45.392663],[9.207617,45.392668],[9.207896,45.392736],[9.208193,45.392807],[9.208494,45.392879],[9.208703,45.392928],[9.208791,45.392947],[9.208793,45.392948],[9.209022,45.393009],[9.209032,45.393019],[9.209065,45.393049],[9.209092,45.393046],[9.209114,45.393045],[9.209165,45.393044],[9.20916,45.39307],[9.20914,45.393108],[9.20913,45.393167],[9.209108,45.393244],[9.209098,45.393285],[9.209089,45.393321],[9.209087,45.393331],[9.209085,45.39334],[9.209083,45.393349],[9.209082,45.393357],[9.209081,45.393365],[9.209081,45.393374],[9.209081,45.393383],[9.20908,45.393392],[9.209079,45.393401],[9.209078,45.39341],[9.209077,45.393419],[9.209075,45.393428],[9.209074,45.393438],[9.209072,45.393447],[9.209071,45.393455],[9.209069,45.393464],[9.209068,45.393473],[9.209067,45.393482],[9.209066,45.393491],[9.209065,45.3935],[9.209064,45.393509],[9.209062,45.393518],[9.20906,45.393527],[9.209058,45.393536],[9.209055,45.393546],[9.209051,45.393555],[9.209047,45.393564],[9.209043,45.393572],[9.209038,45.393581],[9.209034,45.393589],[9.20903,45.393597],[9.209027,45.393606],[9.209023,45.393614],[9.209019,45.393623],[9.209016,45.393632],[9.209012,45.39364],[9.209008,45.393649],[9.209005,45.393657],[9.209002,45.393666],[9.209,45.393674],[9.208999,45.393683],[9.208998,45.393691],[9.208997,45.393701],[9.208995,45.39371],[9.208994,45.393719],[9.208991,45.393728],[9.208988,45.393737],[9.208985,45.393746],[9.208983,45.393755],[9.20898,45.393764],[9.208976,45.393772],[9.208973,45.393781],[9.20897,45.39379],[9.208967,45.393799],[9.208965,45.393807],[9.208962,45.393816],[9.20896,45.393825],[9.208958,45.393834],[9.208955,45.393842],[9.208953,45.393851],[9.208951,45.39386],[9.208949,45.393868],[9.208947,45.393877],[9.208945,45.393886],[9.208944,45.393895],[9.208942,45.393904],[9.20894,45.393913],[9.208939,45.393921],[9.208937,45.39393],[9.208935,45.393939],[9.208934,45.393948],[9.208932,45.393956],[9.208931,45.393965],[9.208928,45.393975],[9.208926,45.393984],[9.208923,45.393992],[9.208921,45.394001],[9.208921,45.39401],[9.208921,45.394019],[9.20892,45.394028],[9.208917,45.394033],[9.208908,45.394048],[9.208821,45.394079],[9.208847,45.394236],[9.208845,45.394276],[9.208838,45.394588],[9.208827,45.394915],[9.208814,45.395309],[9.20881,45.395525],[9.208799,45.395974],[9.20906,45.396195],[9.209087,45.39623],[9.209576,45.396874],[9.209619,45.39688],[9.209863,45.396914],[9.209863,45.396915],[9.20997,45.39693],[9.210106,45.396947],[9.210378,45.396982],[9.210389,45.396983],[9.210466,45.396993]]]}},{"type":"Feature","properties":{"id_nil":8,"nome":"Parco Sempione","nome_orig":"PARCO SEMPIONE","area_kmq":0.47,"perimetro_km":2.97,"lon_centro":9.17576,"lat_centro":45.47348,"n_annunci":11,"mediana_eur_mq":9478,"p25_eur_mq":8212,"p75_eur_mq":10227,"prezzo_mediano_eur":1150000,"superficie_mediana_mq":125,"fonte_confini":"Comune di Milano - NIL vigenti PGT 2030 (CC BY)","fonte_prezzi":"Immobiliare.it, estrazione 2026-08-26"},"geometry":{"type":"Polygon","coordinates":[[[9.179583,45.472551],[9.180508,45.473164],[9.181427,45.473794],[9.18181,45.473885],[9.181659,45.474811],[9.181582,45.47539],[9.181431,45.476321],[9.181275,45.477275],[9.181233,45.477574],[9.18088,45.477519],[9.180059,45.477388],[9.178225,45.477048],[9.177101,45.476622],[9.176476,45.476146],[9.175007,45.477339],[9.173191,45.476159],[9.172812,45.476326],[9.172459,45.476391],[9.172226,45.476373],[9.171976,45.476316],[9.171738,45.476194],[9.171502,45.47595],[9.171394,45.475726],[9.171474,45.475407],[9.171611,45.475158],[9.17108,45.474804],[9.169834,45.473996],[9.171155,45.473054],[9.172103,45.472662],[9.172213,45.472279],[9.172467,45.47197],[9.172793,45.471698],[9.173675,45.471117],[9.174171,45.470977],[9.174739,45.470319],[9.175385,45.469807],[9.176356,45.470431],[9.179583,45.472551]]]}},{"type":"Feature","properties":{"id_nil":46,"nome":"Barona","nome_orig":"BARONA","area_kmq":2.006,"perimetro_km":6.84,"lon_centro":9.15359,"lat_centro":45.43072,"n_annunci":85,"mediana_eur_mq":3391,"p25_eur_mq":2944,"p75_eur_mq":3800,"prezzo_mediano_eur":285000,"superficie_mediana_mq":95,"fonte_confini":"Comune di Milano - NIL vigenti PGT 2030 (CC BY)","fonte_prezzi":"Immobiliare.it, estrazione 2026-08-26"},"geometry":{"type":"Polygon","coordinates":[[[9.161123,45.425891],[9.162266,45.427868],[9.162879,45.428691],[9.163519,45.429398],[9.163991,45.429848],[9.165587,45.431121],[9.166247,45.431581],[9.167601,45.432568],[9.168646,45.433516],[9.169398,45.434386],[9.169947,45.435197],[9.171109,45.437657],[9.166316,45.437509],[9.164972,45.437436],[9.162705,45.437352],[9.161763,45.43733],[9.160723,45.4373],[9.160584,45.437296],[9.159656,45.437267],[9.159139,45.437247],[9.158436,45.437224],[9.15718,45.437173],[9.156295,45.43714],[9.155478,45.437109],[9.155117,45.437096],[9.154603,45.437076],[9.154194,45.437067],[9.153571,45.437056],[9.152302,45.437034],[9.151307,45.437004],[9.150627,45.436976],[9.149445,45.436939],[9.148855,45.436904],[9.148515,45.436891],[9.147194,45.436812],[9.14671,45.436789],[9.145618,45.435647],[9.144355,45.434767],[9.143216,45.434],[9.142499,45.433495],[9.142163,45.433074],[9.141971,45.432589],[9.141685,45.432587],[9.141338,45.432517],[9.141529,45.432034],[9.140705,45.430987],[9.143463,45.43046],[9.145056,45.430155],[9.147309,45.429712],[9.149108,45.429373],[9.149924,45.429231],[9.149863,45.429097],[9.149878,45.428937],[9.150007,45.428803],[9.150605,45.428514],[9.151111,45.4283],[9.150805,45.427828],[9.1528,45.425917],[9.153208,45.425745],[9.154015,45.425418],[9.154264,45.425331],[9.156298,45.424701],[9.15587,45.424026],[9.156377,45.423778],[9.157091,45.423407],[9.158009,45.424922],[9.158614,45.426394],[9.158681,45.426645],[9.158763,45.427243],[9.158888,45.427756],[9.15984,45.427224],[9.159886,45.427084],[9.159709,45.426761],[9.159869,45.426476],[9.16012,45.426244],[9.160555,45.426055],[9.161123,45.425891]]]}},{"type":"Feature","properties":{"id_nil":71,"nome":"Villapizzone - Cagnola - Boldinasco","nome_orig":"VILLAPIZZONE - CAGNOLA - BOLDINASCO","area_kmq":3.427,"perimetro_km":8.38,"lon_centro":9.14573,"lat_centro":45.4973,"n_annunci":534,"mediana_eur_mq":3955,"p25_eur_mq":3231,"p75_eur_mq":4697,"prezzo_mediano_eur":275000,"superficie_mediana_mq":70,"fonte_confini":"Comune di Milano - NIL vigenti PGT 2030 (CC BY)","fonte_prezzi":"Immobiliare.it, estrazione 2026-08-26"},"geometry":{"type":"Polygon","coordinates":[[[9.162038,45.496901],[9.159912,45.497874],[9.159031,45.498282],[9.158409,45.498568],[9.157561,45.498975],[9.153931,45.500641],[9.152744,45.501154],[9.151228,45.501831],[9.150839,45.502038],[9.150265,45.5023],[9.149218,45.502977],[9.148379,45.503708],[9.147843,45.504319],[9.147499,45.504962],[9.147369,45.505684],[9.147462,45.506501],[9.147792,45.507233],[9.148213,45.507794],[9.148899,45.508426],[9.146877,45.507041],[9.145924,45.506486],[9.144989,45.506103],[9.143795,45.505778],[9.143082,45.50567],[9.142418,45.50558],[9.141437,45.505533],[9.140252,45.505594],[9.137276,45.506201],[9.134601,45.506731],[9.130162,45.507839],[9.130381,45.506864],[9.130482,45.506319],[9.130585,45.50565],[9.130668,45.504708],[9.130619,45.503247],[9.130426,45.50044],[9.130418,45.499697],[9.130291,45.497607],[9.130302,45.496997],[9.130188,45.495196],[9.130926,45.494864],[9.13263,45.4941],[9.134093,45.493467],[9.134524,45.493255],[9.135154,45.492975],[9.135558,45.492789],[9.136748,45.492025],[9.136236,45.491901],[9.137735,45.49119],[9.138288,45.490615],[9.138989,45.489956],[9.140405,45.488865],[9.141521,45.488126],[9.142755,45.487255],[9.144321,45.486019],[9.144785,45.485652],[9.147431,45.487383],[9.149174,45.488543],[9.149904,45.489026],[9.15152,45.490074],[9.152555,45.490745],[9.153024,45.491053],[9.153304,45.491238],[9.155196,45.492478],[9.156559,45.493361],[9.157092,45.493703],[9.157157,45.493744],[9.157707,45.494096],[9.15951,45.495311],[9.160123,45.495699],[9.162038,45.496901]]]}},{"type":"Feature","properties":{"id_nil":88,"nome":"Parco Bosco In Citta'","nome_orig":"PARCO BOSCO IN CITTA'","area_kmq":7.834,"perimetro_km":37.07,"lon_centro":9.09909,"lat_centro":45.48343,"n_annunci":32,"mediana_eur_mq":2251,"p25_eur_mq":1495,"p75_eur_mq":3710,"prezzo_mediano_eur":237750,"superficie_mediana_mq":154,"fonte_confini":"Comune di Milano - NIL vigenti PGT 2030 (CC BY)","fonte_prezzi":"Immobiliare.it, estrazione 2026-08-26"},"geometry":{"type":"Polygon","coordinates":[[[9.073091,45.506036],[9.073045,45.506059],[9.072946,45.506069],[9.072723,45.506078],[9.07248,45.505992],[9.072392,45.505976],[9.072172,45.505987],[9.07207,45.505977],[9.071951,45.505962],[9.071748,45.505901],[9.071448,45.505814],[9.071314,45.505799],[9.071303,45.505799],[9.071185,45.505793],[9.070842,45.505784],[9.070805,45.505788],[9.070773,45.505793],[9.070694,45.505833],[9.070667,45.505835],[9.070658,45.505835],[9.070516,45.505826],[9.070493,45.505825],[9.070372,45.505814],[9.070273,45.505796],[9.069952,45.505754],[9.069883,45.505741],[9.069669,45.505686],[9.069425,45.505639],[9.069176,45.505603],[9.069081,45.505565],[9.069047,45.505552],[9.068964,45.505523],[9.068769,45.505377],[9.068753,45.505366],[9.068626,45.505313],[9.06855,45.505272],[9.068532,45.505233],[9.068483,45.505196],[9.068388,45.505167],[9.068328,45.505148],[9.068242,45.50512],[9.068218,45.505115],[9.068191,45.505109],[9.068149,45.5051],[9.067681,45.505005],[9.067439,45.504955],[9.067354,45.504937],[9.067321,45.504931],[9.067297,45.504928],[9.067277,45.504931],[9.066591,45.505055],[9.066588,45.505055],[9.065865,45.505175],[9.065465,45.504944],[9.065463,45.504943],[9.0649,45.504617],[9.064833,45.504578],[9.065014,45.504367],[9.065121,45.504242],[9.065461,45.503845],[9.065644,45.503668],[9.065387,45.50357],[9.065355,45.503557],[9.064765,45.503343],[9.064756,45.503339],[9.064379,45.503202],[9.063423,45.502853],[9.061937,45.502312],[9.061913,45.502303],[9.061826,45.50242],[9.061724,45.50256],[9.061585,45.50275],[9.06141,45.502989],[9.06133,45.503098],[9.061267,45.503183],[9.061173,45.503311],[9.061058,45.503467],[9.060979,45.503576],[9.060905,45.503677],[9.060781,45.503846],[9.06067,45.503998],[9.060583,45.504116],[9.060468,45.504273],[9.060361,45.50442],[9.060307,45.504491],[9.060257,45.504553],[9.060247,45.504566],[9.06023,45.504581],[9.060098,45.504519],[9.060052,45.504493],[9.060022,45.504476],[9.059967,45.504446],[9.059936,45.504426],[9.059922,45.504413],[9.059906,45.504405],[9.059887,45.504396],[9.059869,45.504385],[9.059856,45.50437],[9.059839,45.504334],[9.059825,45.504323],[9.059804,45.504315],[9.059783,45.504315],[9.05976,45.504331],[9.0597,45.504379],[9.059613,45.50447],[9.0596,45.50447],[9.059552,45.50444],[9.059272,45.504263],[9.059243,45.504299],[9.05917,45.504421],[9.059106,45.504461],[9.058919,45.504464],[9.058527,45.504458],[9.058516,45.504458],[9.058404,45.504466],[9.058395,45.504466],[9.05833,45.504479],[9.057941,45.504721],[9.057799,45.504892],[9.057346,45.50511],[9.057328,45.505099],[9.057188,45.505133],[9.057168,45.50512],[9.057118,45.505089],[9.057088,45.50507],[9.057029,45.505035],[9.057023,45.505032],[9.056996,45.505019],[9.056953,45.505072],[9.056905,45.505129],[9.056853,45.505192],[9.056817,45.505232],[9.056786,45.505275],[9.056768,45.505298],[9.056739,45.505357],[9.056715,45.505398],[9.056685,45.505441],[9.056607,45.505429],[9.056485,45.505408],[9.056374,45.505395],[9.056245,45.505374],[9.056148,45.505358],[9.056028,45.505337],[9.055822,45.505308],[9.055681,45.505282],[9.055474,45.505244],[9.055264,45.505205],[9.055145,45.505177],[9.054969,45.505134],[9.054842,45.505105],[9.0547,45.505072],[9.054576,45.505039],[9.054444,45.505007],[9.054324,45.504974],[9.054247,45.504953],[9.054168,45.504935],[9.054025,45.504904],[9.053902,45.504877],[9.053877,45.504872],[9.053891,45.504836],[9.054195,45.504346],[9.054418,45.503992],[9.053998,45.50385],[9.053965,45.503838],[9.053803,45.503782],[9.053723,45.503755],[9.053745,45.503713],[9.054,45.503255],[9.054007,45.503242],[9.054082,45.50311],[9.054345,45.502636],[9.054469,45.502424],[9.054484,45.502398],[9.054561,45.502257],[9.054592,45.502201],[9.054778,45.501878],[9.054922,45.501624],[9.055015,45.501466],[9.055058,45.501388],[9.055094,45.501332],[9.055153,45.501214],[9.055222,45.501076],[9.055255,45.501008],[9.055312,45.500894],[9.05535,45.500813],[9.055384,45.500737],[9.055492,45.500503],[9.055624,45.500215],[9.055816,45.499813],[9.055939,45.499549],[9.056005,45.4994],[9.05607,45.499236],[9.056169,45.498946],[9.056308,45.498547],[9.056432,45.498162],[9.056497,45.49796],[9.056543,45.497824],[9.056554,45.497789],[9.056558,45.497755],[9.05655,45.497727],[9.056604,45.497727],[9.056748,45.497729],[9.056802,45.49773],[9.058148,45.497744],[9.058184,45.497745],[9.058176,45.497679],[9.058172,45.497642],[9.058171,45.497623],[9.058182,45.49758],[9.058222,45.497433],[9.05825,45.497336],[9.058274,45.497263],[9.058296,45.497199],[9.058318,45.497132],[9.058336,45.497077],[9.05835,45.497039],[9.05836,45.49701],[9.058367,45.496997],[9.058387,45.49697],[9.058406,45.496939],[9.058414,45.496927],[9.058405,45.496907],[9.058404,45.496905],[9.058414,45.496873],[9.058425,45.496839],[9.058434,45.496813],[9.058459,45.496737],[9.058472,45.496696],[9.058494,45.496628],[9.058502,45.496603],[9.058519,45.496552],[9.058641,45.496241],[9.058622,45.496014],[9.058647,45.495943],[9.058737,45.495733],[9.058832,45.495505],[9.058914,45.495335],[9.058993,45.495143],[9.059124,45.494917],[9.059258,45.494789],[9.05934,45.494707],[9.059411,45.494638],[9.059468,45.494602],[9.059539,45.494563],[9.059662,45.49448],[9.059725,45.494448],[9.059802,45.494379],[9.059846,45.494341],[9.059895,45.494308],[9.059939,45.494276],[9.059977,45.494246],[9.060029,45.494258],[9.060073,45.49427],[9.060119,45.494284],[9.060174,45.494312],[9.060239,45.494343],[9.060311,45.494371],[9.060412,45.494411],[9.060513,45.49445],[9.060601,45.494482],[9.060716,45.494524],[9.060814,45.49456],[9.060932,45.494609],[9.061036,45.494651],[9.061164,45.494698],[9.061252,45.494736],[9.061372,45.494784],[9.061438,45.4948],[9.061512,45.494758],[9.061618,45.494689],[9.061681,45.494647],[9.061804,45.494566],[9.061864,45.494522],[9.061957,45.494451],[9.062075,45.49436],[9.062198,45.494265],[9.062421,45.494014],[9.062516,45.493942],[9.062547,45.4939],[9.062742,45.493628],[9.062823,45.493532],[9.06287,45.493487],[9.062921,45.493444],[9.062964,45.493406],[9.063047,45.493335],[9.063113,45.493279],[9.063162,45.493236],[9.063215,45.49319],[9.063279,45.493136],[9.063375,45.493054],[9.063392,45.493045],[9.063485,45.493001],[9.063537,45.492965],[9.063559,45.492924],[9.063592,45.492876],[9.063679,45.492793],[9.063696,45.492733],[9.063742,45.492577],[9.063791,45.492399],[9.063833,45.492243],[9.063877,45.492076],[9.06391,45.491946],[9.063825,45.491944],[9.063703,45.491942],[9.063568,45.491939],[9.063427,45.491937],[9.063322,45.491935],[9.063286,45.491937],[9.063233,45.491926],[9.063108,45.491917],[9.062955,45.491908],[9.062756,45.491896],[9.062632,45.491887],[9.062497,45.491877],[9.062433,45.49191],[9.062375,45.491968],[9.062311,45.492031],[9.062226,45.492066],[9.062154,45.49215],[9.062116,45.492146],[9.06211,45.492145],[9.06206,45.492104],[9.061986,45.492045],[9.061917,45.49199],[9.061879,45.491959],[9.061832,45.491919],[9.061791,45.491895],[9.06171,45.491846],[9.061609,45.491797],[9.061585,45.491789],[9.061453,45.491744],[9.06133,45.491703],[9.061243,45.491672],[9.061131,45.491631],[9.061068,45.491599],[9.061062,45.491596],[9.061032,45.491589],[9.060997,45.491575],[9.060971,45.491565],[9.060937,45.491556],[9.060972,45.491513],[9.061052,45.491406],[9.061136,45.491297],[9.0612,45.491208],[9.061266,45.491119],[9.061336,45.490996],[9.061376,45.49089],[9.061389,45.490726],[9.061379,45.490588],[9.061387,45.490513],[9.061397,45.490424],[9.061439,45.490296],[9.061492,45.490188],[9.061507,45.489958],[9.061475,45.489776],[9.06147,45.48963],[9.061462,45.4895],[9.061464,45.489446],[9.061462,45.489323],[9.061482,45.489194],[9.061491,45.489093],[9.061491,45.489091],[9.061489,45.489076],[9.061484,45.489036],[9.061516,45.489031],[9.061563,45.489024],[9.061622,45.489013],[9.061651,45.489007],[9.061718,45.488991],[9.06185,45.488963],[9.062019,45.488927],[9.062242,45.488876],[9.062698,45.488777],[9.063024,45.488704],[9.063354,45.488626],[9.063631,45.488568],[9.063827,45.488529],[9.063955,45.488497],[9.064036,45.488484],[9.06412,45.488469],[9.064155,45.488462],[9.064157,45.488462],[9.064173,45.488458],[9.064181,45.488513],[9.064186,45.488543],[9.064151,45.488564],[9.064131,45.488589],[9.064122,45.488612],[9.064069,45.488658],[9.064018,45.488698],[9.063966,45.488755],[9.063866,45.488848],[9.063825,45.488887],[9.063716,45.488973],[9.063681,45.489008],[9.063617,45.489052],[9.063521,45.489103],[9.063388,45.489162],[9.063241,45.489224],[9.063097,45.489283],[9.063018,45.48936],[9.062941,45.489471],[9.062923,45.489514],[9.06287,45.489616],[9.062848,45.489702],[9.062842,45.489771],[9.062841,45.489844],[9.062844,45.489888],[9.062862,45.48999],[9.062865,45.490041],[9.062857,45.490052],[9.062817,45.490112],[9.062775,45.490175],[9.06274,45.490236],[9.062704,45.490329],[9.062664,45.490424],[9.062769,45.490421],[9.062837,45.490419],[9.063107,45.490412],[9.063263,45.490407],[9.063437,45.490403],[9.063959,45.490391],[9.063959,45.490194],[9.06504,45.490168],[9.065044,45.490168],[9.065031,45.490024],[9.065024,45.489944],[9.065005,45.489635],[9.06498,45.489275],[9.064968,45.48906],[9.064956,45.48887],[9.064942,45.488678],[9.064939,45.488607],[9.064938,45.488577],[9.064936,45.488548],[9.064936,45.488534],[9.064936,45.48852],[9.064936,45.488507],[9.064937,45.488479],[9.06527,45.488495],[9.065704,45.488516],[9.065835,45.488522],[9.066025,45.488531],[9.066209,45.48854],[9.066434,45.48855],[9.066688,45.488562],[9.066733,45.488564],[9.066739,45.488564],[9.066749,45.488506],[9.06676,45.488441],[9.066777,45.488336],[9.066794,45.488236],[9.066804,45.488198],[9.066806,45.488188],[9.066808,45.488166],[9.066838,45.488105],[9.066905,45.487965],[9.066972,45.487766],[9.067013,45.487651],[9.067023,45.487622],[9.067057,45.487529],[9.067087,45.487448],[9.067105,45.487397],[9.06712,45.487356],[9.067181,45.487186],[9.067261,45.486968],[9.067328,45.486806],[9.067337,45.48677],[9.067342,45.486747],[9.067312,45.486742],[9.067264,45.486715],[9.06721,45.486682],[9.067092,45.486617],[9.066958,45.486542],[9.066917,45.48652],[9.066866,45.486495],[9.066755,45.486445],[9.066606,45.486386],[9.066509,45.486365],[9.066468,45.486357],[9.066428,45.486352],[9.066393,45.486345],[9.066361,45.486341],[9.066269,45.48633],[9.065716,45.486209],[9.065877,45.485771],[9.06599,45.485468],[9.066093,45.485193],[9.06613,45.485068],[9.066107,45.484909],[9.066084,45.484812],[9.066039,45.484602],[9.066003,45.484498],[9.06598,45.484447],[9.065978,45.484287],[9.06597,45.483947],[9.065964,45.483664],[9.065858,45.483561],[9.065833,45.483536],[9.065811,45.483514],[9.065776,45.48348],[9.065675,45.483381],[9.065645,45.48335],[9.065667,45.483327],[9.065693,45.483295],[9.065706,45.48324],[9.065691,45.483224],[9.065688,45.483219],[9.065658,45.483165],[9.065659,45.483152],[9.065672,45.483129],[9.065723,45.483087],[9.065764,45.483047],[9.065803,45.483004],[9.065843,45.482974],[9.065896,45.482926],[9.065971,45.482865],[9.065982,45.482857],[9.066005,45.482836],[9.066025,45.482816],[9.06605,45.482793],[9.066133,45.482732],[9.066369,45.482589],[9.066434,45.482551],[9.066591,45.482473],[9.06665,45.482439],[9.066681,45.48242],[9.066721,45.482402],[9.066825,45.482355],[9.066948,45.482304],[9.06701,45.482275],[9.06767,45.481901],[9.068161,45.481626],[9.068607,45.481386],[9.06874,45.481316],[9.069018,45.481168],[9.069194,45.481075],[9.069359,45.480952],[9.069613,45.48076],[9.06982,45.480597],[9.069866,45.480627],[9.069927,45.480667],[9.070058,45.480567],[9.070145,45.480512],[9.070256,45.480413],[9.070351,45.480334],[9.070462,45.480242],[9.070565,45.480154],[9.070676,45.480061],[9.070724,45.480022],[9.070812,45.479916],[9.070874,45.479844],[9.070915,45.479795],[9.071101,45.479634],[9.071169,45.479575],[9.071339,45.479411],[9.071457,45.479293],[9.071463,45.479288],[9.071523,45.479227],[9.071582,45.479168],[9.071583,45.479164],[9.071624,45.479126],[9.071642,45.47911],[9.071655,45.4791],[9.071664,45.479093],[9.071679,45.479082],[9.07169,45.479074],[9.071699,45.479068],[9.071708,45.479062],[9.071714,45.479057],[9.071725,45.47905],[9.071733,45.479045],[9.07174,45.47904],[9.07175,45.479034],[9.071761,45.479028],[9.071768,45.479021],[9.071777,45.479014],[9.071786,45.479007],[9.071801,45.478993],[9.071817,45.478975],[9.071826,45.478964],[9.071835,45.478954],[9.071846,45.478942],[9.071855,45.478933],[9.071868,45.478921],[9.071878,45.478911],[9.071886,45.478901],[9.071892,45.478892],[9.071902,45.47888],[9.071909,45.47887],[9.071923,45.478849],[9.071929,45.478837],[9.071936,45.478824],[9.071945,45.478811],[9.071954,45.478801],[9.071964,45.478788],[9.071977,45.478776],[9.07199,45.478764],[9.072003,45.478753],[9.072016,45.478743],[9.07203,45.478734],[9.072047,45.478723],[9.072062,45.478714],[9.072077,45.478706],[9.072108,45.478691],[9.072125,45.478682],[9.072141,45.478673],[9.072161,45.478664],[9.07218,45.478653],[9.072201,45.478643],[9.072221,45.478633],[9.072238,45.478624],[9.072255,45.478615],[9.072275,45.478603],[9.072293,45.478593],[9.072309,45.478586],[9.072329,45.478576],[9.072342,45.47857],[9.072348,45.478566],[9.07236,45.478558],[9.072377,45.478549],[9.072394,45.478539],[9.072411,45.478531],[9.072427,45.478522],[9.072444,45.478512],[9.072459,45.478502],[9.072488,45.47848],[9.072502,45.478467],[9.072518,45.478452],[9.072531,45.478438],[9.07259,45.478384],[9.072619,45.478363],[9.072632,45.478354],[9.072646,45.478345],[9.072663,45.478336],[9.07268,45.47833],[9.072698,45.478324],[9.072715,45.478319],[9.072736,45.478315],[9.072753,45.478312],[9.07277,45.47831],[9.072793,45.478307],[9.072877,45.478307],[9.072879,45.478308],[9.072901,45.478312],[9.072912,45.478313],[9.072925,45.478314],[9.072942,45.478314],[9.072955,45.478311],[9.07297,45.478307],[9.072985,45.478302],[9.073015,45.478292],[9.073033,45.478287],[9.07305,45.478283],[9.073067,45.478278],[9.073087,45.478272],[9.073104,45.478267],[9.073123,45.478261],[9.07314,45.478254],[9.073158,45.478247],[9.073173,45.478241],[9.073184,45.478235],[9.073192,45.478229],[9.073202,45.47822],[9.07321,45.478209],[9.073217,45.478199],[9.073224,45.478185],[9.073229,45.478175],[9.073234,45.478165],[9.07324,45.478152],[9.073246,45.478139],[9.073251,45.478128],[9.073265,45.478103],[9.073269,45.478093],[9.073273,45.47808],[9.073276,45.478069],[9.073279,45.478058],[9.073283,45.478048],[9.073289,45.478037],[9.073296,45.478027],[9.073304,45.478016],[9.073334,45.477983],[9.073346,45.477973],[9.073359,45.477963],[9.073374,45.477952],[9.073391,45.477942],[9.073406,45.477934],[9.073416,45.477929],[9.073432,45.477924],[9.073447,45.477919],[9.073465,45.477915],[9.073507,45.477909],[9.073527,45.477904],[9.073547,45.477896],[9.073585,45.477876],[9.073605,45.477865],[9.073625,45.477856],[9.073644,45.477847],[9.073664,45.47784],[9.073687,45.477836],[9.073711,45.477836],[9.073732,45.477839],[9.073753,45.477841],[9.073775,45.477844],[9.0738,45.477849],[9.073818,45.477854],[9.073837,45.47786],[9.073844,45.477862],[9.073865,45.477859],[9.073889,45.477853],[9.073902,45.477842],[9.073916,45.477818],[9.073935,45.477784],[9.073948,45.477772],[9.073968,45.477766],[9.073998,45.477758],[9.074031,45.477754],[9.074065,45.477751],[9.074095,45.477748],[9.074116,45.477745],[9.074131,45.477741],[9.074153,45.477726],[9.074166,45.477711],[9.074181,45.477685],[9.074205,45.477646],[9.07422,45.477618],[9.074227,45.477604],[9.074238,45.477597],[9.074273,45.47758],[9.074296,45.477571],[9.074322,45.477565],[9.07435,45.477561],[9.074378,45.477559],[9.074412,45.477556],[9.07445,45.477553],[9.074479,45.477551],[9.074503,45.477552],[9.074525,45.477556],[9.074573,45.477569],[9.074591,45.477538],[9.07461,45.477518],[9.074636,45.477504],[9.074677,45.477491],[9.074709,45.477488],[9.074735,45.47748],[9.074755,45.477466],[9.074774,45.477454],[9.074787,45.477449],[9.074806,45.477454],[9.07482,45.477467],[9.074823,45.477483],[9.074818,45.4775],[9.074817,45.47752],[9.074835,45.477546],[9.074859,45.477576],[9.074872,45.477592],[9.074877,45.477598],[9.0749,45.47761],[9.074916,45.477617],[9.074935,45.477617],[9.074965,45.477603],[9.075017,45.477575],[9.075079,45.477544],[9.075129,45.47752],[9.07518,45.477494],[9.075226,45.477477],[9.075247,45.477462],[9.075252,45.477443],[9.075251,45.477431],[9.075222,45.477403],[9.075136,45.47735],[9.075126,45.477325],[9.075129,45.477236],[9.075119,45.477203],[9.075092,45.477179],[9.074902,45.477008],[9.074885,45.476956],[9.074907,45.476901],[9.074941,45.476862],[9.074976,45.476846],[9.075079,45.476858],[9.07515,45.476864],[9.075193,45.476857],[9.075208,45.476842],[9.075174,45.476764],[9.075175,45.476736],[9.075202,45.476722],[9.075263,45.476715],[9.075347,45.476712],[9.07536,45.476709],[9.075406,45.476699],[9.07543,45.476688],[9.075454,45.476667],[9.075477,45.476642],[9.075486,45.476614],[9.075489,45.476597],[9.075473,45.476583],[9.075422,45.476538],[9.075401,45.47651],[9.075393,45.476474],[9.075361,45.476384],[9.075324,45.476326],[9.075328,45.476183],[9.075328,45.476145],[9.075353,45.476109],[9.07541,45.476084],[9.07547,45.476067],[9.07553,45.47604],[9.07556,45.476011],[9.075565,45.475994],[9.075569,45.475974],[9.075573,45.475929],[9.075565,45.47588],[9.075573,45.475843],[9.075601,45.475819],[9.075665,45.475769],[9.075679,45.47573],[9.075686,45.475701],[9.075691,45.475681],[9.075727,45.475635],[9.075812,45.475531],[9.075859,45.475427],[9.075857,45.4754],[9.075829,45.475386],[9.075759,45.475337],[9.075706,45.475226],[9.075682,45.475204],[9.075657,45.475174],[9.075586,45.475129],[9.07555,45.475096],[9.075539,45.475028],[9.075552,45.474996],[9.074734,45.474334],[9.074746,45.474316],[9.075279,45.473929],[9.075789,45.473555],[9.076036,45.473376],[9.076596,45.472974],[9.077024,45.472665],[9.077306,45.472464],[9.077678,45.472195],[9.077738,45.472152],[9.077791,45.472114],[9.077773,45.472083],[9.07772,45.471993],[9.077714,45.471982],[9.077632,45.471995],[9.077477,45.472013],[9.077164,45.472062],[9.077117,45.472068],[9.077116,45.472068],[9.077034,45.472067],[9.077022,45.472068],[9.07697,45.472069],[9.076962,45.472069],[9.076946,45.47207],[9.076937,45.47207],[9.076929,45.47207],[9.07692,45.47207],[9.076911,45.472069],[9.076895,45.472068],[9.076848,45.472065],[9.076822,45.472064],[9.076813,45.472064],[9.076804,45.472063],[9.076796,45.472062],[9.076788,45.472061],[9.076781,45.472061],[9.076773,45.47206],[9.076756,45.472057],[9.076747,45.472056],[9.076729,45.472053],[9.076704,45.472049],[9.076696,45.472048],[9.076688,45.472047],[9.07668,45.472045],[9.076673,45.472044],[9.076665,45.472042],[9.076658,45.47204],[9.076627,45.472032],[9.076619,45.47203],[9.076611,45.472028],[9.076603,45.472025],[9.076595,45.472022],[9.076588,45.472018],[9.076581,45.472015],[9.076561,45.472004],[9.076517,45.471978],[9.07651,45.471975],[9.076503,45.47197],[9.076497,45.471966],[9.076491,45.471962],[9.076479,45.471954],[9.076473,45.47195],[9.076456,45.471938],[9.07645,45.471934],[9.076445,45.47193],[9.076437,45.471926],[9.076424,45.471919],[9.076401,45.471906],[9.076389,45.471899],[9.076383,45.471896],[9.076377,45.471893],[9.076371,45.471889],[9.076365,45.471885],[9.076347,45.471873],[9.076312,45.47185],[9.076305,45.471846],[9.076286,45.471834],[9.076279,45.47183],[9.076272,45.471825],[9.076252,45.471812],[9.076245,45.471807],[9.076237,45.471802],[9.076213,45.471788],[9.076205,45.471783],[9.076199,45.471779],[9.076193,45.471775],[9.076187,45.471771],[9.076182,45.471767],[9.076176,45.471763],[9.076169,45.471758],[9.076143,45.471737],[9.076126,45.471724],[9.076082,45.47169],[9.076036,45.471657],[9.076031,45.471653],[9.076026,45.471649],[9.07602,45.471644],[9.076014,45.471639],[9.076002,45.471628],[9.075997,45.471623],[9.075981,45.471609],[9.075971,45.471601],[9.075964,45.471595],[9.075944,45.471579],[9.075937,45.471574],[9.075932,45.471569],[9.075922,45.47156],[9.075916,45.471555],[9.075911,45.471551],[9.075905,45.471546],[9.07589,45.471536],[9.075885,45.471532],[9.075868,45.47152],[9.075862,45.471515],[9.075857,45.471511],[9.075852,45.471507],[9.075848,45.471503],[9.075844,45.471498],[9.075835,45.471488],[9.075831,45.471483],[9.075823,45.471473],[9.075818,45.471469],[9.075814,45.471464],[9.075809,45.471459],[9.075804,45.471454],[9.075798,45.47145],[9.075787,45.471441],[9.075782,45.471436],[9.075777,45.471432],[9.075744,45.471402],[9.075739,45.471398],[9.075734,45.471394],[9.075729,45.47139],[9.075723,45.471386],[9.075688,45.471357],[9.07565,45.471326],[9.075593,45.471278],[9.075545,45.471234],[9.075506,45.4712],[9.075475,45.471169],[9.075465,45.471157],[9.075444,45.471136],[9.075439,45.47113],[9.075434,45.471125],[9.075418,45.47111],[9.075413,45.471105],[9.07536,45.471053],[9.075354,45.471047],[9.075348,45.471041],[9.075341,45.471035],[9.075304,45.471003],[9.075298,45.470998],[9.075293,45.470993],[9.075289,45.470989],[9.075275,45.470975],[9.07527,45.47097],[9.075265,45.470964],[9.075259,45.470959],[9.075254,45.470954],[9.075241,45.470944],[9.075212,45.470918],[9.075201,45.470909],[9.075184,45.470895],[9.075179,45.470891],[9.075169,45.470883],[9.075164,45.470879],[9.075159,45.470875],[9.075154,45.470871],[9.07515,45.470867],[9.075145,45.470863],[9.075136,45.470854],[9.075132,45.47085],[9.075119,45.470837],[9.075114,45.470832],[9.075109,45.470827],[9.075095,45.470815],[9.075091,45.470811],[9.075086,45.470806],[9.075081,45.470801],[9.075076,45.470795],[9.075052,45.470771],[9.075047,45.470766],[9.075043,45.470761],[9.07504,45.470757],[9.075034,45.47075],[9.07503,45.470746],[9.075027,45.470741],[9.075021,45.470736],[9.075005,45.470719],[9.075,45.470714],[9.074996,45.47071],[9.07498,45.470692],[9.074967,45.470677],[9.074963,45.470673],[9.074959,45.470668],[9.074955,45.470663],[9.074942,45.470647],[9.074938,45.470641],[9.074928,45.470631],[9.074924,45.470625],[9.074919,45.47062],[9.074913,45.470614],[9.074908,45.470609],[9.074903,45.470605],[9.074897,45.470601],[9.074893,45.470597],[9.074888,45.470594],[9.074885,45.47059],[9.074882,45.470587],[9.074878,45.470583],[9.074874,45.470578],[9.07487,45.470574],[9.074865,45.470571],[9.07486,45.470567],[9.074855,45.470564],[9.07485,45.470561],[9.074844,45.470558],[9.074838,45.470554],[9.074831,45.470552],[9.074818,45.470548],[9.074813,45.470545],[9.074807,45.470543],[9.074802,45.47054],[9.07479,45.470535],[9.074783,45.470532],[9.074777,45.470529],[9.07476,45.470522],[9.074754,45.470519],[9.074747,45.470516],[9.07474,45.470513],[9.074718,45.470503],[9.074701,45.470495],[9.074678,45.470484],[9.074672,45.470481],[9.074665,45.470478],[9.074658,45.470475],[9.074651,45.470473],[9.074644,45.47047],[9.074631,45.470466],[9.074624,45.470464],[9.0746,45.470456],[9.074592,45.470454],[9.074584,45.470451],[9.074576,45.470448],[9.074569,45.470445],[9.074553,45.470439],[9.074545,45.470435],[9.074537,45.470432],[9.074505,45.47042],[9.074498,45.470418],[9.074483,45.470412],[9.074475,45.470409],[9.074466,45.470406],[9.074458,45.470404],[9.07445,45.470402],[9.074442,45.4704],[9.074435,45.470398],[9.074428,45.470396],[9.074422,45.470395],[9.074416,45.470393],[9.07441,45.47039],[9.074389,45.470383],[9.074373,45.470376],[9.074357,45.47037],[9.07434,45.470363],[9.074312,45.470354],[9.074287,45.470349],[9.074256,45.470342],[9.074229,45.470338],[9.074202,45.470333],[9.074172,45.47033],[9.074143,45.470327],[9.074121,45.470325],[9.07409,45.470323],[9.074056,45.470322],[9.074025,45.470321],[9.073962,45.470318],[9.073932,45.470317],[9.073873,45.470316],[9.073808,45.470316],[9.07378,45.470316],[9.073749,45.470315],[9.073719,45.470311],[9.073696,45.47031],[9.073665,45.470306],[9.073616,45.470302],[9.073586,45.470299],[9.073528,45.470294],[9.073499,45.470291],[9.073457,45.470288],[9.073434,45.470284],[9.073406,45.470281],[9.073373,45.470276],[9.073346,45.470273],[9.073321,45.470271],[9.073293,45.47027],[9.073261,45.47027],[9.073233,45.470271],[9.073208,45.470274],[9.073177,45.470279],[9.073146,45.470283],[9.073114,45.47029],[9.073088,45.470296],[9.07305,45.470302],[9.072995,45.470313],[9.072927,45.470332],[9.072961,45.470236],[9.073014,45.470092],[9.073107,45.469846],[9.07321,45.469577],[9.073321,45.469309],[9.073422,45.469054],[9.073526,45.468799],[9.073501,45.468769],[9.073504,45.468761],[9.073528,45.468708],[9.073583,45.468599],[9.073848,45.468051],[9.074043,45.467669],[9.074125,45.467502],[9.074155,45.467441],[9.074378,45.466982],[9.07386,45.466865],[9.073805,45.466849],[9.073877,45.466821],[9.073956,45.466786],[9.074004,45.466754],[9.074046,45.46671],[9.074084,45.466666],[9.074109,45.466614],[9.07414,45.466544],[9.074168,45.466456],[9.074333,45.465978],[9.074429,45.465688],[9.074482,45.465539],[9.074519,45.465428],[9.074591,45.465223],[9.074625,45.465129],[9.074723,45.464867],[9.074781,45.464704],[9.074824,45.46464],[9.074895,45.46453],[9.075213,45.464105],[9.075363,45.463904],[9.075448,45.463799],[9.075512,45.463726],[9.075594,45.463678],[9.075649,45.463661],[9.075666,45.463583],[9.075717,45.463581],[9.076002,45.463588],[9.076125,45.463646],[9.076153,45.464374],[9.076249,45.464922],[9.076466,45.465655],[9.077043,45.465518],[9.077159,45.465915],[9.077357,45.465972],[9.078203,45.466187],[9.079212,45.46645],[9.07948,45.466486],[9.079961,45.466567],[9.081342,45.466896],[9.081607,45.466913],[9.081771,45.466866],[9.08201,45.466757],[9.082194,45.466736],[9.083398,45.467089],[9.084902,45.467567],[9.084497,45.468221],[9.084155,45.46848],[9.083417,45.468908],[9.082024,45.469451],[9.081798,45.469565],[9.081382,45.469838],[9.085869,45.47025],[9.089819,45.470871],[9.092146,45.471215],[9.09278,45.470829],[9.092847,45.470592],[9.093152,45.469376],[9.093929,45.468024],[9.094215,45.468071],[9.095933,45.465409],[9.096173,45.465472],[9.096808,45.464802],[9.097529,45.462863],[9.097715,45.460861],[9.099241,45.460741],[9.101389,45.461052],[9.102232,45.462675],[9.102985,45.462747],[9.103431,45.46178],[9.103964,45.461861],[9.104014,45.461799],[9.106083,45.462117],[9.106354,45.461746],[9.106864,45.461433],[9.107539,45.46149],[9.10714,45.462971],[9.108002,45.463091],[9.108822,45.463256],[9.110072,45.463516],[9.109549,45.46509],[9.109371,45.465759],[9.109525,45.46675],[9.109623,45.466905],[9.107485,45.466825],[9.10599,45.466656],[9.103623,45.466601],[9.102923,45.46918],[9.101623,45.470495],[9.10009,45.471818],[9.098457,45.473134],[9.099971,45.473809],[9.101121,45.474136],[9.102734,45.474204],[9.100156,45.477359],[9.09898,45.476909],[9.097796,45.476406],[9.093937,45.475938],[9.09354,45.475892],[9.093959,45.475407],[9.092758,45.474845],[9.094212,45.473702],[9.092943,45.47306],[9.09117,45.473434],[9.090429,45.473277],[9.09059,45.472829],[9.091057,45.472279],[9.090888,45.472159],[9.089824,45.472461],[9.089082,45.473066],[9.088692,45.473971],[9.08764,45.473787],[9.087172,45.474758],[9.086946,45.474731],[9.083872,45.474151],[9.083673,45.475239],[9.082963,45.474914],[9.083669,45.476338],[9.081102,45.478594],[9.080588,45.478451],[9.080516,45.478287],[9.079592,45.477933],[9.078352,45.478124],[9.078208,45.478854],[9.075384,45.478615],[9.072671,45.481423],[9.075068,45.482076],[9.07775,45.482496],[9.076977,45.484916],[9.078794,45.4852],[9.078934,45.484728],[9.080293,45.484889],[9.080258,45.485087],[9.082802,45.485207],[9.080647,45.486046],[9.077797,45.487136],[9.076028,45.487721],[9.076238,45.486753],[9.073874,45.486357],[9.073502,45.487107],[9.072147,45.487027],[9.072127,45.485924],[9.069745,45.485737],[9.068907,45.485972],[9.068544,45.485847],[9.06787,45.486777],[9.067444,45.487403],[9.067231,45.487854],[9.066961,45.488555],[9.066672,45.489575],[9.066505,45.490631],[9.066618,45.493267],[9.066667,45.496154],[9.066738,45.497997],[9.069456,45.497921],[9.073309,45.497853],[9.074629,45.497809],[9.07452,45.496956],[9.07463,45.496643],[9.074994,45.4963],[9.07541,45.496013],[9.075624,45.495681],[9.075981,45.494901],[9.077043,45.495209],[9.077527,45.494763],[9.079811,45.495479],[9.080594,45.494562],[9.081658,45.492955],[9.082514,45.491579],[9.08337,45.490416],[9.085103,45.488832],[9.08364,45.487654],[9.083754,45.48485],[9.08444,45.484595],[9.086733,45.483762],[9.089095,45.483278],[9.092947,45.482232],[9.094287,45.481897],[9.095166,45.481692],[9.097386,45.481181],[9.099665,45.480485],[9.101721,45.479841],[9.102905,45.479432],[9.106295,45.478133],[9.106963,45.477878],[9.107962,45.477555],[9.108281,45.477433],[9.111432,45.4764],[9.109627,45.48432],[9.108807,45.488597],[9.109664,45.489092],[9.109081,45.490273],[9.108129,45.49186],[9.10662,45.491624],[9.107231,45.490381],[9.106227,45.490162],[9.102954,45.48939],[9.103106,45.488814],[9.101456,45.488474],[9.099982,45.487891],[9.099932,45.488592],[9.099593,45.490218],[9.097964,45.491191],[9.09789,45.492461],[9.098612,45.49253],[9.098424,45.493174],[9.097602,45.493272],[9.097386,45.493413],[9.097326,45.493741],[9.097152,45.493687],[9.096724,45.496372],[9.096343,45.49644],[9.095513,45.497013],[9.094496,45.499534],[9.094115,45.49951],[9.091931,45.498319],[9.091334,45.498873],[9.090951,45.498553],[9.089714,45.4987],[9.089706,45.498704],[9.089239,45.498508],[9.088951,45.498367],[9.08888,45.498349],[9.088547,45.498191],[9.088214,45.49807],[9.088054,45.497998],[9.087943,45.497967],[9.087862,45.497949],[9.087817,45.497904],[9.087849,45.497836],[9.087779,45.497805],[9.087325,45.497954],[9.087242,45.498044],[9.087178,45.498044],[9.087088,45.497985],[9.086979,45.497959],[9.08687,45.497824],[9.086844,45.497819],[9.086615,45.498098],[9.086474,45.49826],[9.086398,45.498368],[9.08632,45.498441],[9.086027,45.498819],[9.085873,45.498791],[9.084551,45.498323],[9.084174,45.49818],[9.084029,45.498147],[9.083794,45.498055],[9.083559,45.497405],[9.082841,45.497621],[9.082779,45.497673],[9.082675,45.497708],[9.082571,45.497731],[9.082291,45.497694],[9.081758,45.49776],[9.081574,45.497818],[9.081502,45.498044],[9.081497,45.49806],[9.081437,45.498081],[9.081291,45.498153],[9.081259,45.498153],[9.080911,45.498001],[9.080741,45.497927],[9.080813,45.497813],[9.08054,45.497717],[9.079684,45.497409],[9.078998,45.497163],[9.078965,45.497151],[9.078909,45.497149],[9.078655,45.49703],[9.078036,45.497741],[9.077764,45.498053],[9.07766,45.498173],[9.077463,45.49843],[9.077081,45.498193],[9.076964,45.498113],[9.076726,45.498011],[9.076638,45.497973],[9.076181,45.497935],[9.07586,45.497928],[9.075844,45.497927],[9.075541,45.497932],[9.075095,45.497939],[9.074989,45.497972],[9.074791,45.498035],[9.074609,45.49806],[9.0748,45.498247],[9.074935,45.49838],[9.07511,45.4986],[9.075147,45.498723],[9.075161,45.498824],[9.075031,45.499351],[9.074954,45.499515],[9.074792,45.499824],[9.074752,45.499901],[9.074648,45.500102],[9.074448,45.500478],[9.07432,45.500726],[9.074261,45.500834],[9.074159,45.501012],[9.074016,45.501309],[9.073943,45.5015],[9.073855,45.501671],[9.072984,45.503348],[9.072916,45.503481],[9.072746,45.50381],[9.072454,45.504391],[9.072246,45.504802],[9.072143,45.505026],[9.072025,45.505266],[9.07202,45.505279],[9.072088,45.505292],[9.073186,45.505495],[9.073215,45.505507],[9.073336,45.505527],[9.07336,45.50553],[9.073366,45.505601],[9.073355,45.505692],[9.073313,45.505791],[9.073293,45.505827],[9.07329,45.505832],[9.073279,45.505851],[9.073257,45.505889],[9.073091,45.506036]]]}},{"type":"Feature","properties":{"id_nil":16,"nome":"Gorla - Precotto","nome_orig":"GORLA - PRECOTTO","area_kmq":3.002,"perimetro_km":9.57,"lon_centro":9.22433,"lat_centro":45.51248,"n_annunci":470,"mediana_eur_mq":4082,"p25_eur_mq":3268,"p75_eur_mq":4856,"prezzo_mediano_eur":299500,"superficie_mediana_mq":72,"fonte_confini":"Comune di Milano - NIL vigenti PGT 2030 (CC BY)","fonte_prezzi":"Immobiliare.it, estrazione 2026-08-26"},"geometry":{"type":"Polygon","coordinates":[[[9.235906,45.517472],[9.235873,45.517588],[9.235845,45.517678],[9.235831,45.517719],[9.235742,45.517701],[9.235628,45.517676],[9.235489,45.517643],[9.235352,45.517615],[9.235212,45.517583],[9.235082,45.517555],[9.234897,45.517514],[9.234751,45.517482],[9.234598,45.517448],[9.234591,45.51745],[9.234537,45.517584],[9.234423,45.517863],[9.234203,45.518411],[9.234006,45.518893],[9.233972,45.518985],[9.233928,45.519031],[9.233881,45.519034],[9.233694,45.519007],[9.233535,45.518979],[9.233397,45.519448],[9.233288,45.519816],[9.2333,45.519834],[9.233363,45.51984],[9.233383,45.519862],[9.233385,45.519882],[9.233382,45.519902],[9.233379,45.519911],[9.233328,45.520093],[9.233158,45.520695],[9.233102,45.52091],[9.233099,45.520922],[9.233017,45.52124],[9.233011,45.521262],[9.232999,45.521261],[9.232888,45.521288],[9.232683,45.521271],[9.231272,45.521151],[9.23127,45.52116],[9.231259,45.521228],[9.231236,45.521359],[9.23122,45.521439],[9.231202,45.521551],[9.231182,45.521662],[9.231179,45.521676],[9.231163,45.521767],[9.231149,45.521852],[9.23113,45.521944],[9.231127,45.52196],[9.231109,45.522057],[9.231097,45.522119],[9.23108,45.522202],[9.23106,45.522308],[9.231042,45.522398],[9.231035,45.522438],[9.231027,45.52248],[9.231021,45.522512],[9.230998,45.522634],[9.230982,45.522721],[9.230959,45.522838],[9.230935,45.522965],[9.230914,45.523068],[9.230895,45.523163],[9.23089,45.523195],[9.230821,45.523187],[9.230131,45.523118],[9.229677,45.523072],[9.229495,45.523053],[9.22937,45.523041],[9.229331,45.523037],[9.229261,45.523031],[9.229256,45.523031],[9.229227,45.523027],[9.229207,45.523107],[9.229187,45.523175],[9.229176,45.523224],[9.229131,45.52322],[9.229073,45.523213],[9.229056,45.523211],[9.228885,45.523192],[9.228656,45.523164],[9.228472,45.523141],[9.228076,45.523094],[9.228014,45.523086],[9.227611,45.523029],[9.227607,45.523028],[9.227453,45.523011],[9.227383,45.523003],[9.227302,45.522994],[9.227177,45.522981],[9.227146,45.522977],[9.227127,45.522975],[9.226938,45.522952],[9.22672,45.522929],[9.226377,45.52289],[9.226015,45.52285],[9.226,45.522907],[9.225992,45.522942],[9.225983,45.522974],[9.22597,45.523028],[9.225953,45.5231],[9.225929,45.523204],[9.225884,45.523376],[9.225882,45.523381],[9.225858,45.52347],[9.225835,45.523559],[9.225825,45.523597],[9.225822,45.523612],[9.225683,45.523593],[9.225582,45.52358],[9.225521,45.523571],[9.225513,45.523599],[9.225212,45.523559],[9.225222,45.523513],[9.225033,45.523488],[9.225032,45.523494],[9.22488,45.523473],[9.224878,45.523483],[9.224736,45.523463],[9.224724,45.523461],[9.224628,45.523447],[9.224561,45.523438],[9.224465,45.523426],[9.224378,45.523414],[9.224304,45.523405],[9.224236,45.523396],[9.224229,45.523395],[9.224131,45.523382],[9.224066,45.523374],[9.224023,45.523368],[9.223983,45.523364],[9.223968,45.523362],[9.223941,45.523469],[9.223939,45.523479],[9.223916,45.523569],[9.223901,45.523628],[9.223663,45.523593],[9.223571,45.523579],[9.223554,45.523576],[9.223467,45.523558],[9.223439,45.523556],[9.223431,45.523558],[9.223397,45.523566],[9.22334,45.523581],[9.223316,45.523588],[9.223264,45.523524],[9.223219,45.523466],[9.223203,45.523446],[9.2232,45.523442],[9.223165,45.523451],[9.222941,45.523513],[9.222858,45.523534],[9.2228,45.523551],[9.222767,45.52356],[9.222715,45.523573],[9.2227,45.523578],[9.22267,45.523586],[9.222594,45.523609],[9.222201,45.523197],[9.219138,45.519838],[9.217189,45.517405],[9.216628,45.516534],[9.216319,45.516029],[9.215579,45.514835],[9.214579,45.513503],[9.214828,45.513425],[9.213988,45.512253],[9.212199,45.509709],[9.212242,45.509221],[9.212257,45.508403],[9.212935,45.507622],[9.213225,45.507253],[9.21378,45.506983],[9.214977,45.506309],[9.215533,45.506552],[9.215576,45.508629],[9.216031,45.51096],[9.216467,45.511085],[9.216698,45.510614],[9.217279,45.509984],[9.21828,45.510291],[9.218648,45.509536],[9.219221,45.506504],[9.218523,45.505353],[9.218036,45.504645],[9.217612,45.503925],[9.217479,45.502725],[9.217201,45.502175],[9.216855,45.501535],[9.217331,45.501425],[9.21756,45.5018],[9.218104,45.502483],[9.218246,45.502618],[9.218834,45.503043],[9.219108,45.503199],[9.219462,45.503327],[9.21992,45.50342],[9.220686,45.503523],[9.221192,45.503629],[9.221997,45.503776],[9.222963,45.50396],[9.223957,45.504046],[9.224854,45.504027],[9.225238,45.503977],[9.226157,45.503705],[9.226695,45.503558],[9.227303,45.503441],[9.227847,45.503411],[9.228168,45.503445],[9.228977,45.503585],[9.229939,45.503789],[9.230991,45.503958],[9.231926,45.504061],[9.232116,45.504078],[9.23358,45.504244],[9.234418,45.504411],[9.235614,45.504638],[9.236937,45.504818],[9.237439,45.504921],[9.237891,45.505067],[9.237773,45.505182],[9.23761,45.505494],[9.237235,45.506327],[9.236754,45.507392],[9.236513,45.507932],[9.236427,45.508144],[9.236289,45.508415],[9.236107,45.508854],[9.235215,45.510955],[9.234841,45.511775],[9.234407,45.512711],[9.233509,45.51468],[9.231503,45.514428],[9.231373,45.514857],[9.236572,45.515737],[9.235924,45.517444],[9.235906,45.517472]]]}},{"type":"Feature","properties":{"id_nil":14,"nome":"Niguarda - Ca' Granda - Prato Centenaro - Q.Re Fulvio Testi","nome_orig":"NIGUARDA - CA' GRANDA - PRATO CENTENARO - Q.RE FULVIO TESTI","area_kmq":4.247,"perimetro_km":10.63,"lon_centro":9.1952,"lat_centro":45.51667,"n_annunci":266,"mediana_eur_mq":3812,"p25_eur_mq":3294,"p75_eur_mq":4812,"prezzo_mediano_eur":319000,"superficie_mediana_mq":80,"fonte_confini":"Comune di Milano - NIL vigenti PGT 2030 (CC BY)","fonte_prezzi":"Immobiliare.it, estrazione 2026-08-26"},"geometry":{"type":"Polygon","coordinates":[[[9.213368,45.529483],[9.213355,45.529669],[9.213342,45.529842],[9.213325,45.53008],[9.213116,45.530062],[9.212904,45.530044],[9.212796,45.530036],[9.21271,45.530029],[9.212645,45.530022],[9.212638,45.530022],[9.212567,45.530011],[9.212505,45.530002],[9.212387,45.52999],[9.212292,45.529978],[9.212229,45.529961],[9.212102,45.529935],[9.211992,45.529883],[9.211991,45.529883],[9.211934,45.529825],[9.211964,45.5295],[9.211958,45.529357],[9.211963,45.529228],[9.21197,45.529033],[9.211953,45.529033],[9.211931,45.529032],[9.211874,45.52903],[9.211843,45.529029],[9.211851,45.528991],[9.211863,45.528919],[9.211864,45.528915],[9.21187,45.528872],[9.211887,45.528771],[9.211911,45.52865],[9.211941,45.52848],[9.211967,45.528337],[9.211865,45.528329],[9.211722,45.528319],[9.211639,45.528311],[9.211588,45.528307],[9.211577,45.528306],[9.211463,45.528299],[9.211425,45.528296],[9.211335,45.52829],[9.211267,45.528285],[9.211099,45.528273],[9.210724,45.528246],[9.210481,45.528228],[9.210459,45.528227],[9.2102,45.528208],[9.210193,45.528208],[9.210354,45.528496],[9.208025,45.52832],[9.207507,45.528279],[9.207351,45.527995],[9.20715,45.52798],[9.206114,45.527893],[9.206031,45.528187],[9.205883,45.528741],[9.205732,45.529314],[9.20569,45.52931],[9.205282,45.529269],[9.205122,45.529253],[9.204909,45.529229],[9.204534,45.529182],[9.204266,45.529145],[9.204116,45.529127],[9.203832,45.52909],[9.203626,45.529063],[9.203442,45.529037],[9.203202,45.528994],[9.203089,45.528967],[9.203077,45.529011],[9.203071,45.529029],[9.203056,45.529082],[9.203016,45.529205],[9.202008,45.529092],[9.202083,45.528869],[9.202096,45.528811],[9.202106,45.528769],[9.201979,45.528738],[9.201516,45.528647],[9.201505,45.528707],[9.201501,45.528725],[9.201496,45.528742],[9.201444,45.528911],[9.201303,45.529376],[9.201153,45.529885],[9.200679,45.529816],[9.200066,45.529727],[9.200175,45.529378],[9.200217,45.529257],[9.200301,45.529008],[9.200395,45.528733],[9.200447,45.52858],[9.200454,45.528554],[9.20046,45.528538],[9.200476,45.528488],[9.200403,45.528477],[9.200547,45.528281],[9.202218,45.525806],[9.20166,45.525595],[9.201121,45.525493],[9.200673,45.525443],[9.200208,45.525469],[9.199729,45.525548],[9.19774,45.526188],[9.197083,45.526319],[9.196476,45.52635],[9.194608,45.526341],[9.192503,45.526312],[9.189759,45.526312],[9.188634,45.52548],[9.189115,45.523904],[9.188986,45.523872],[9.187198,45.523498],[9.187219,45.5233],[9.184938,45.522698],[9.18393,45.522745],[9.184817,45.520664],[9.184436,45.520584],[9.185038,45.519305],[9.185349,45.518921],[9.185914,45.51748],[9.185425,45.517378],[9.184891,45.517151],[9.184199,45.516771],[9.183734,45.516569],[9.182733,45.516365],[9.182923,45.51579],[9.183273,45.515281],[9.183691,45.514645],[9.184228,45.514137],[9.18455,45.513794],[9.184662,45.513354],[9.184689,45.512965],[9.184156,45.513099],[9.182512,45.512406],[9.181836,45.508362],[9.182101,45.508033],[9.184708,45.50739],[9.184892,45.505544],[9.187239,45.505181],[9.188516,45.50498],[9.192487,45.50437],[9.193318,45.504238],[9.19352,45.504204],[9.194426,45.504061],[9.196414,45.503767],[9.197234,45.503632],[9.198116,45.503486],[9.198926,45.503351],[9.199996,45.50527],[9.200171,45.505572],[9.200619,45.506362],[9.200991,45.507011],[9.201046,45.507114],[9.201209,45.507422],[9.201757,45.508368],[9.201998,45.508762],[9.202238,45.509197],[9.202473,45.509586],[9.202709,45.510033],[9.20292,45.510393],[9.203376,45.511221],[9.204075,45.512402],[9.205056,45.514157],[9.205629,45.515214],[9.206287,45.516405],[9.206849,45.517397],[9.20749,45.518509],[9.207507,45.518534],[9.208588,45.520348],[9.20914,45.521343],[9.209787,45.52242],[9.210288,45.523408],[9.211991,45.526399],[9.212326,45.527003],[9.213748,45.529497],[9.213368,45.529477],[9.213368,45.529483]]]}},{"type":"Feature","properties":{"id_nil":32,"nome":"Triulzo Superiore","nome_orig":"TRIULZO SUPERIORE","area_kmq":1.39,"perimetro_km":6.92,"lon_centro":9.24771,"lat_centro":45.42744,"n_annunci":18,"mediana_eur_mq":2630,"p25_eur_mq":1451,"p75_eur_mq":3264,"prezzo_mediano_eur":160000,"superficie_mediana_mq":74,"fonte_confini":"Comune di Milano - NIL vigenti PGT 2030 (CC BY)","fonte_prezzi":"Immobiliare.it, estrazione 2026-08-26"},"geometry":{"type":"Polygon","coordinates":[[[9.263782,45.432505],[9.26006,45.433934],[9.255386,45.435425],[9.254967,45.434651],[9.254389,45.433852],[9.253652,45.433027],[9.253001,45.43234],[9.252093,45.431585],[9.251762,45.431319],[9.25099,45.430813],[9.249421,45.429826],[9.248734,45.42938],[9.247815,45.428849],[9.246836,45.429344],[9.246834,45.42954],[9.246174,45.429866],[9.245122,45.430355],[9.244065,45.43086],[9.243267,45.431241],[9.242685,45.431528],[9.239343,45.432984],[9.239805,45.431623],[9.239888,45.431248],[9.239984,45.4307],[9.240233,45.429629],[9.240447,45.428461],[9.240469,45.427001],[9.240226,45.425448],[9.239511,45.422481],[9.238937,45.420146],[9.240336,45.419517],[9.240377,45.419555],[9.24038,45.419558],[9.240474,45.419644],[9.240482,45.419651],[9.240491,45.419658],[9.2405,45.419664],[9.240509,45.419671],[9.240518,45.419678],[9.240526,45.419684],[9.240534,45.419691],[9.240543,45.419698],[9.240551,45.419704],[9.24056,45.419711],[9.240568,45.419718],[9.240577,45.419725],[9.240585,45.419731],[9.240593,45.419738],[9.240602,45.419745],[9.240611,45.419751],[9.240619,45.419758],[9.240628,45.419765],[9.240637,45.419771],[9.240645,45.419778],[9.240654,45.419784],[9.240663,45.419791],[9.240671,45.419798],[9.24068,45.419805],[9.240689,45.419811],[9.240697,45.419818],[9.240706,45.419825],[9.240714,45.419831],[9.240723,45.419838],[9.240731,45.419845],[9.24074,45.419852],[9.240748,45.419858],[9.240757,45.419865],[9.240765,45.419872],[9.240774,45.419879],[9.240782,45.419886],[9.24079,45.419893],[9.240798,45.419899],[9.240807,45.419906],[9.240815,45.419913],[9.240824,45.41992],[9.240832,45.419927],[9.240841,45.419933],[9.240849,45.41994],[9.240857,45.419947],[9.240866,45.419954],[9.240874,45.41996],[9.240883,45.419967],[9.240891,45.419974],[9.2409,45.41998],[9.240908,45.419987],[9.240917,45.419994],[9.240925,45.420001],[9.240933,45.420007],[9.240942,45.420014],[9.24095,45.420021],[9.240959,45.420028],[9.240967,45.420034],[9.240976,45.420041],[9.240984,45.420048],[9.240993,45.420055],[9.241001,45.420061],[9.24101,45.420068],[9.241018,45.420075],[9.241026,45.420082],[9.241035,45.420088],[9.241043,45.420095],[9.241052,45.420102],[9.24106,45.420109],[9.241069,45.420115],[9.241077,45.420122],[9.241086,45.420129],[9.241094,45.420136],[9.241103,45.420142],[9.241111,45.420149],[9.24112,45.420156],[9.241128,45.420163],[9.241137,45.420169],[9.241145,45.420176],[9.241154,45.420183],[9.241162,45.420189],[9.241171,45.420196],[9.241179,45.420203],[9.241188,45.42021],[9.241196,45.420216],[9.241205,45.420223],[9.241213,45.42023],[9.241222,45.420236],[9.24123,45.420243],[9.241239,45.42025],[9.241247,45.420257],[9.241256,45.420263],[9.241264,45.42027],[9.241273,45.420277],[9.241281,45.420283],[9.24129,45.42029],[9.241298,45.420297],[9.241307,45.420304],[9.241315,45.42031],[9.241324,45.420317],[9.241332,45.420324],[9.241341,45.42033],[9.241349,45.420337],[9.241358,45.420344],[9.241366,45.420351],[9.241375,45.420357],[9.241383,45.420364],[9.241392,45.420371],[9.2414,45.420377],[9.241409,45.420384],[9.241418,45.420391],[9.241426,45.420398],[9.241435,45.420404],[9.241443,45.420411],[9.241452,45.420418],[9.24146,45.420424],[9.241469,45.420431],[9.241477,45.420438],[9.241486,45.420445],[9.241494,45.420451],[9.241503,45.420458],[9.241511,45.420465],[9.24152,45.420471],[9.241529,45.420478],[9.241538,45.420484],[9.241546,45.420491],[9.241555,45.420497],[9.241564,45.420504],[9.241573,45.42051],[9.241582,45.420517],[9.24159,45.420523],[9.241599,45.42053],[9.241608,45.420536],[9.241617,45.420542],[9.241626,45.420548],[9.241635,45.420554],[9.241645,45.420559],[9.241655,45.420564],[9.241665,45.420569],[9.241677,45.420578],[9.24169,45.420587],[9.241701,45.420595],[9.241733,45.420615],[9.241769,45.420635],[9.241814,45.42066],[9.241822,45.420667],[9.24183,45.420674],[9.241838,45.420681],[9.241845,45.420689],[9.241853,45.420696],[9.24186,45.420703],[9.241868,45.420711],[9.241875,45.420718],[9.241883,45.420725],[9.241891,45.420733],[9.241899,45.42074],[9.241908,45.420747],[9.241916,45.420754],[9.241925,45.42076],[9.241933,45.420767],[9.241942,45.420774],[9.241951,45.420781],[9.24196,45.420787],[9.241968,45.420794],[9.241977,45.420801],[9.241986,45.420807],[9.241995,45.420814],[9.242004,45.42082],[9.242013,45.420826],[9.242022,45.420833],[9.242031,45.420839],[9.24204,45.420845],[9.242049,45.420852],[9.242058,45.420858],[9.242067,45.420865],[9.242076,45.420871],[9.242085,45.420877],[9.242093,45.420884],[9.242102,45.420891],[9.24211,45.420897],[9.242119,45.420904],[9.242127,45.420911],[9.242136,45.420918],[9.242144,45.420925],[9.242153,45.420931],[9.242162,45.420938],[9.24217,45.420944],[9.242179,45.420951],[9.242188,45.420957],[9.242197,45.420964],[9.242207,45.42097],[9.242216,45.420976],[9.242225,45.420983],[9.242234,45.420989],[9.242243,45.420996],[9.242252,45.421002],[9.242261,45.421009],[9.24227,45.421015],[9.242279,45.421021],[9.242288,45.421028],[9.242297,45.421034],[9.242306,45.421041],[9.242315,45.421047],[9.242324,45.421053],[9.242334,45.421059],[9.242343,45.421065],[9.242353,45.421071],[9.242363,45.421077],[9.242373,45.421083],[9.242382,45.421089],[9.242392,45.421094],[9.242402,45.4211],[9.242411,45.421106],[9.24242,45.421112],[9.242429,45.421119],[9.242438,45.421125],[9.242447,45.421131],[9.242457,45.421137],[9.242466,45.421144],[9.242475,45.42115],[9.242497,45.421166],[9.242667,45.421284],[9.242923,45.421412],[9.242933,45.421417],[9.242944,45.421423],[9.242954,45.421428],[9.242964,45.421434],[9.242974,45.421439],[9.242984,45.421445],[9.242994,45.42145],[9.243005,45.421456],[9.243015,45.421461],[9.243025,45.421467],[9.243035,45.421472],[9.243045,45.421478],[9.243055,45.421483],[9.243065,45.421489],[9.243075,45.421494],[9.243085,45.4215],[9.243095,45.421505],[9.243105,45.421511],[9.243116,45.421516],[9.243126,45.421521],[9.243136,45.421527],[9.243146,45.421532],[9.243156,45.421538],[9.243166,45.421543],[9.243177,45.421549],[9.243187,45.421554],[9.243197,45.42156],[9.243207,45.421565],[9.243217,45.421571],[9.243227,45.421576],[9.243237,45.421582],[9.243247,45.421588],[9.243257,45.421593],[9.243267,45.421599],[9.243277,45.421605],[9.243287,45.421611],[9.243297,45.421616],[9.243307,45.421622],[9.243317,45.421627],[9.243327,45.421633],[9.243337,45.421638],[9.243347,45.421644],[9.243357,45.421649],[9.243367,45.421655],[9.243377,45.42166],[9.243388,45.421666],[9.243398,45.421671],[9.243408,45.421677],[9.243418,45.421682],[9.243428,45.421688],[9.243439,45.421693],[9.243449,45.421698],[9.243459,45.421704],[9.243469,45.421709],[9.243479,45.421715],[9.243489,45.42172],[9.2435,45.421726],[9.24351,45.421732],[9.243519,45.421737],[9.243529,45.421743],[9.243539,45.421749],[9.243549,45.421754],[9.243559,45.42176],[9.243569,45.421765],[9.243579,45.421771],[9.243589,45.421776],[9.243599,45.421782],[9.243609,45.421787],[9.243619,45.421793],[9.243629,45.421798],[9.24364,45.421804],[9.24365,45.42181],[9.243662,45.421819],[9.243676,45.421827],[9.243768,45.421876],[9.243774,45.42188],[9.243815,45.4219],[9.243824,45.421905],[9.243982,45.421999],[9.244012,45.422017],[9.244119,45.422068],[9.244141,45.422078],[9.244238,45.422124],[9.244384,45.422205],[9.244463,45.422248],[9.24453,45.422285],[9.244699,45.422377],[9.244888,45.422486],[9.244945,45.422514],[9.245149,45.42262],[9.245166,45.422627],[9.24537,45.422749],[9.245403,45.422793],[9.245383,45.422831],[9.245393,45.422837],[9.245424,45.422856],[9.24548,45.422877],[9.245517,45.422891],[9.245631,45.422935],[9.245633,45.423],[9.245669,45.423009],[9.245675,45.423007],[9.245693,45.422999],[9.245731,45.422983],[9.245779,45.423],[9.245909,45.423045],[9.245966,45.423066],[9.246123,45.423127],[9.246167,45.423146],[9.246262,45.423171],[9.246379,45.423204],[9.246525,45.423245],[9.246642,45.423278],[9.246776,45.423317],[9.246867,45.423343],[9.246951,45.423365],[9.246952,45.423365],[9.247052,45.42339],[9.247096,45.423401],[9.247196,45.42342],[9.247213,45.423423],[9.247286,45.423436],[9.24731,45.423448],[9.247432,45.42351],[9.247467,45.423518],[9.247493,45.423523],[9.247595,45.423542],[9.247611,45.423543],[9.247749,45.423558],[9.247862,45.423551],[9.247987,45.423546],[9.248111,45.423541],[9.24826,45.423534],[9.248388,45.423531],[9.248489,45.423527],[9.248519,45.423527],[9.248693,45.423441],[9.248819,45.42338],[9.248914,45.423335],[9.249085,45.423277],[9.24924,45.423225],[9.249373,45.423138],[9.249434,45.423097],[9.249632,45.423017],[9.249772,45.422962],[9.249876,45.422922],[9.249949,45.422894],[9.250114,45.422802],[9.250115,45.422802],[9.250127,45.422797],[9.250263,45.42274],[9.250299,45.422725],[9.25039,45.422688],[9.250391,45.422687],[9.250397,45.422685],[9.250672,45.42257],[9.250694,45.422561],[9.250849,45.422497],[9.250891,45.422515],[9.250939,45.422535],[9.250986,45.422556],[9.250983,45.422579],[9.251001,45.422588],[9.251057,45.422618],[9.251102,45.422635],[9.25127,45.422699],[9.251456,45.422769],[9.251565,45.42281],[9.251613,45.422829],[9.251691,45.422859],[9.251773,45.422885],[9.25181,45.422895],[9.251859,45.42291],[9.251939,45.422934],[9.252074,45.422977],[9.252236,45.423025],[9.25235,45.42306],[9.252494,45.423099],[9.252656,45.423145],[9.252731,45.423166],[9.252833,45.423195],[9.252947,45.423226],[9.253038,45.423256],[9.253105,45.423277],[9.253216,45.423313],[9.25333,45.423351],[9.25356,45.423444],[9.253591,45.42342],[9.253842,45.423515],[9.253853,45.423514],[9.253869,45.423514],[9.253882,45.423505],[9.254094,45.42363],[9.253946,45.423759],[9.253935,45.42377],[9.253763,45.42392],[9.253564,45.424089],[9.253475,45.424165],[9.253175,45.42442],[9.252944,45.424624],[9.252866,45.424687],[9.252739,45.424785],[9.251859,45.42554],[9.251777,45.42561],[9.251924,45.425687],[9.25199,45.425721],[9.252461,45.425967],[9.252502,45.425985],[9.252544,45.426003],[9.252744,45.426074],[9.25295,45.426171],[9.253167,45.426281],[9.253211,45.426303],[9.253524,45.426421],[9.253577,45.426441],[9.253703,45.426522],[9.253857,45.426725],[9.254026,45.426918],[9.254187,45.427027],[9.254366,45.427117],[9.254821,45.427363],[9.25509,45.427508],[9.255936,45.428002],[9.256154,45.428141],[9.256513,45.428352],[9.256694,45.428452],[9.256699,45.428454],[9.256764,45.428484],[9.256854,45.428526],[9.256978,45.428582],[9.257061,45.428622],[9.25735,45.428771],[9.257922,45.429086],[9.25794,45.429094],[9.257955,45.429101],[9.25797,45.429109],[9.257983,45.429115],[9.257994,45.429121],[9.258005,45.429127],[9.258015,45.429133],[9.258025,45.429139],[9.258035,45.429145],[9.258045,45.429151],[9.258054,45.429156],[9.258064,45.429162],[9.258074,45.429168],[9.258084,45.429174],[9.258094,45.42918],[9.258104,45.429186],[9.258113,45.429191],[9.258123,45.429197],[9.258133,45.429203],[9.258143,45.429209],[9.258153,45.429215],[9.258162,45.42922],[9.258172,45.429226],[9.258182,45.429232],[9.258192,45.429238],[9.258202,45.429244],[9.258211,45.429249],[9.258221,45.429255],[9.258231,45.429261],[9.258241,45.429267],[9.25825,45.429273],[9.25826,45.429278],[9.25827,45.429284],[9.25828,45.42929],[9.25829,45.429296],[9.258299,45.429302],[9.258309,45.429307],[9.258319,45.429313],[9.258329,45.429319],[9.258339,45.429325],[9.258348,45.42933],[9.258358,45.429336],[9.258368,45.429342],[9.258378,45.429348],[9.258388,45.429354],[9.258397,45.429359],[9.258407,45.429365],[9.258417,45.429371],[9.258427,45.429377],[9.258437,45.429382],[9.258446,45.429388],[9.258456,45.429394],[9.258466,45.4294],[9.258476,45.429406],[9.258486,45.429411],[9.258495,45.429417],[9.258505,45.429423],[9.258515,45.429429],[9.258525,45.429435],[9.258542,45.429446],[9.258624,45.429498],[9.258658,45.429527],[9.258667,45.429536],[9.258674,45.429544],[9.25868,45.429552],[9.258687,45.42956],[9.258693,45.429567],[9.258699,45.429575],[9.258706,45.429583],[9.258712,45.429591],[9.258717,45.429599],[9.258723,45.429607],[9.258729,45.429615],[9.258735,45.429623],[9.258741,45.429631],[9.258747,45.429639],[9.258753,45.429647],[9.258759,45.429655],[9.258765,45.429663],[9.258771,45.429671],[9.258777,45.429679],[9.258783,45.429687],[9.25879,45.429696],[9.258796,45.429704],[9.258802,45.429713],[9.258809,45.429722],[9.258815,45.429732],[9.25882,45.429743],[9.258828,45.429756],[9.258949,45.429908],[9.258972,45.429937],[9.25899,45.429955],[9.259001,45.429966],[9.259011,45.429975],[9.25902,45.429983],[9.259028,45.42999],[9.259037,45.429997],[9.259045,45.430003],[9.259054,45.43001],[9.259062,45.430017],[9.259071,45.430024],[9.259079,45.430031],[9.259088,45.430037],[9.259096,45.430044],[9.259105,45.430051],[9.259113,45.430057],[9.259122,45.430064],[9.259131,45.430071],[9.259139,45.430077],[9.259148,45.430084],[9.259156,45.43009],[9.259165,45.430097],[9.259174,45.430104],[9.259182,45.43011],[9.259191,45.430117],[9.2592,45.430123],[9.259208,45.43013],[9.259217,45.430136],[9.259226,45.430142],[9.259235,45.430149],[9.2593,45.430192],[9.259309,45.430198],[9.259318,45.430204],[9.259328,45.43021],[9.259337,45.430216],[9.259347,45.430222],[9.259356,45.430229],[9.259365,45.430235],[9.259375,45.430241],[9.259384,45.430247],[9.259395,45.430254],[9.259406,45.430262],[9.259423,45.430274],[9.259438,45.430284],[9.259465,45.430294],[9.259491,45.430301],[9.259512,45.430305],[9.259548,45.43031],[9.259582,45.430315],[9.259658,45.430323],[9.259733,45.430328],[9.2599,45.430337],[9.260081,45.430363],[9.260093,45.430368],[9.260105,45.430372],[9.260117,45.430376],[9.260129,45.430381],[9.260141,45.430385],[9.260153,45.43039],[9.260165,45.430394],[9.260177,45.430399],[9.260189,45.430404],[9.260201,45.430409],[9.260213,45.430414],[9.260225,45.430419],[9.260236,45.430424],[9.260248,45.43043],[9.260259,45.430435],[9.260271,45.430441],[9.260281,45.430446],[9.260388,45.430508],[9.260794,45.430721],[9.261019,45.430842],[9.261117,45.430893],[9.261295,45.43099],[9.261376,45.431042],[9.261469,45.431122],[9.261534,45.431178],[9.261553,45.431195],[9.261652,45.431283],[9.261675,45.431301],[9.261703,45.431319],[9.261737,45.431328],[9.261769,45.431336],[9.26178,45.431339],[9.26179,45.431341],[9.261818,45.431344],[9.261897,45.431351],[9.26192,45.431355],[9.261946,45.431359],[9.261998,45.431366],[9.262099,45.431418],[9.262265,45.431514],[9.262418,45.431602],[9.262805,45.431827],[9.262998,45.431944],[9.263112,45.432011],[9.263132,45.432023],[9.263136,45.432026],[9.263137,45.432026],[9.263142,45.432029],[9.263161,45.43204],[9.263356,45.432156],[9.263375,45.432167],[9.263381,45.432171],[9.263395,45.432179],[9.2634,45.432182],[9.263415,45.432191],[9.263419,45.432194],[9.263421,45.432194],[9.263426,45.432197],[9.263442,45.432207],[9.263446,45.43221],[9.263459,45.432217],[9.263465,45.43222],[9.263479,45.432229],[9.263484,45.432232],[9.263498,45.43224],[9.263503,45.432243],[9.263523,45.432255],[9.263593,45.432297],[9.263662,45.432344],[9.263693,45.432365],[9.263811,45.432445],[9.263811,45.432446],[9.263846,45.432477],[9.263837,45.432481],[9.263837,45.432481],[9.263782,45.432505]]]}},{"type":"Feature","properties":{"id_nil":27,"nome":"Pta Romana","nome_orig":"PTA ROMANA","area_kmq":1.003,"perimetro_km":4.7,"lon_centro":9.20488,"lat_centro":45.45084,"n_annunci":177,"mediana_eur_mq":7450,"p25_eur_mq":6636,"p75_eur_mq":8318,"prezzo_mediano_eur":595000,"superficie_mediana_mq":80,"fonte_confini":"Comune di Milano - NIL vigenti PGT 2030 (CC BY)","fonte_prezzi":"Immobiliare.it, estrazione 2026-08-26"},"geometry":{"type":"Polygon","coordinates":[[[9.214386,45.452642],[9.213116,45.453143],[9.212524,45.453382],[9.211042,45.453976],[9.211649,45.45468],[9.210719,45.455063],[9.209668,45.455479],[9.209134,45.454824],[9.208132,45.455217],[9.206489,45.455847],[9.205975,45.456063],[9.205757,45.456143],[9.204948,45.45645],[9.204223,45.455123],[9.203904,45.454548],[9.203577,45.453943],[9.203475,45.453718],[9.202917,45.452638],[9.20265,45.452119],[9.202554,45.451964],[9.20186,45.452381],[9.201152,45.451961],[9.200497,45.45194],[9.199884,45.451974],[9.198622,45.452038],[9.198027,45.452044],[9.196524,45.452035],[9.196742,45.451221],[9.196825,45.450929],[9.196872,45.450759],[9.196913,45.450552],[9.197235,45.449353],[9.197321,45.449077],[9.197437,45.448628],[9.197694,45.447688],[9.197785,45.447366],[9.198034,45.446496],[9.198361,45.445264],[9.204479,45.445488],[9.204542,45.446156],[9.204476,45.446591],[9.204288,45.446803],[9.207316,45.44693],[9.210667,45.447036],[9.210177,45.447306],[9.210024,45.447388],[9.210389,45.447798],[9.211406,45.448962],[9.211526,45.449117],[9.211904,45.449562],[9.212775,45.450664],[9.213404,45.45144],[9.21381,45.451979],[9.214386,45.452642]]]}},{"type":"Feature","properties":{"id_nil":30,"nome":"Taliedo - Morsenchio - Q.Re Forlanini","nome_orig":"TALIEDO - MORSENCHIO - Q.RE FORLANINI","area_kmq":3.821,"perimetro_km":8.78,"lon_centro":9.24709,"lat_centro":45.44778,"n_annunci":203,"mediana_eur_mq":3753,"p25_eur_mq":3255,"p75_eur_mq":4248,"prezzo_mediano_eur":280000,"superficie_mediana_mq":78,"fonte_confini":"Comune di Milano - NIL vigenti PGT 2030 (CC BY)","fonte_prezzi":"Immobiliare.it, estrazione 2026-08-26"},"geometry":{"type":"Polygon","coordinates":[[[9.251287,45.461976],[9.248538,45.461986],[9.247547,45.461994],[9.245376,45.462007],[9.244704,45.462023],[9.243156,45.462023],[9.242444,45.46204],[9.240822,45.462055],[9.239747,45.462053],[9.238506,45.462055],[9.237593,45.462061],[9.237534,45.461051],[9.237474,45.460203],[9.237471,45.457819],[9.2374,45.456272],[9.237389,45.455877],[9.23731,45.454272],[9.237263,45.453816],[9.237049,45.452294],[9.236836,45.450868],[9.236254,45.449417],[9.235792,45.44872],[9.235646,45.448422],[9.235442,45.448004],[9.235215,45.447554],[9.234996,45.447069],[9.234882,45.446619],[9.234804,45.446242],[9.234798,45.445884],[9.236738,45.445376],[9.23738,45.445183],[9.238082,45.444825],[9.238695,45.444538],[9.239506,45.44435],[9.240445,45.444273],[9.240842,45.44424],[9.241418,45.444248],[9.241961,45.444275],[9.24247,45.444353],[9.242663,45.443458],[9.242957,45.442864],[9.243158,45.442529],[9.243521,45.441903],[9.243382,45.441858],[9.243479,45.441511],[9.243965,45.441199],[9.24358,45.440885],[9.244222,45.440392],[9.242688,45.439381],[9.245647,45.437483],[9.2475,45.436371],[9.247913,45.436129],[9.248458,45.435758],[9.248917,45.435478],[9.248698,45.434551],[9.248835,45.434573],[9.250202,45.433799],[9.253023,45.436135],[9.255386,45.435425],[9.255853,45.436457],[9.256404,45.43801],[9.256688,45.438917],[9.257108,45.440381],[9.257487,45.442103],[9.257871,45.443424],[9.258066,45.444025],[9.258675,45.446098],[9.258837,45.446786],[9.258876,45.447328],[9.258831,45.448224],[9.258712,45.448843],[9.258566,45.449179],[9.2583,45.449679],[9.258021,45.450239],[9.257882,45.450396],[9.255029,45.453775],[9.252998,45.456241],[9.252342,45.457189],[9.251955,45.45796],[9.251705,45.458773],[9.251533,45.459523],[9.251391,45.460806],[9.251287,45.461976]]]}},{"type":"Feature","properties":{"id_nil":6,"nome":"Porta Ticinese - Conca Del Naviglio","nome_orig":"PORTA TICINESE - CONCA DEL NAVIGLIO","area_kmq":1.255,"perimetro_km":5.29,"lon_centro":9.18195,"lat_centro":45.4506,"n_annunci":324,"mediana_eur_mq":6889,"p25_eur_mq":5691,"p75_eur_mq":8203,"prezzo_mediano_eur":459000,"superficie_mediana_mq":68,"fonte_confini":"Comune di Milano - NIL vigenti PGT 2030 (CC BY)","fonte_prezzi":"Immobiliare.it, estrazione 2026-08-26"},"geometry":{"type":"Polygon","coordinates":[[[9.187398,45.456031],[9.184815,45.456447],[9.184295,45.456551],[9.183563,45.456731],[9.183015,45.456874],[9.182211,45.457051],[9.181863,45.457128],[9.180954,45.457357],[9.180672,45.457458],[9.180386,45.457571],[9.178162,45.45857],[9.17785,45.458775],[9.177543,45.458597],[9.176889,45.458153],[9.175548,45.457213],[9.174444,45.456476],[9.173776,45.456025],[9.17348,45.455828],[9.174167,45.455352],[9.174477,45.455128],[9.174871,45.454847],[9.175456,45.454415],[9.17587,45.45413],[9.176648,45.453444],[9.177295,45.452931],[9.178439,45.452985],[9.178677,45.453005],[9.178935,45.452363],[9.178103,45.452271],[9.177952,45.451631],[9.177902,45.451442],[9.177858,45.451242],[9.177556,45.449928],[9.177319,45.448905],[9.177038,45.447776],[9.176981,45.447481],[9.176901,45.447152],[9.176531,45.445572],[9.176506,45.445449],[9.176112,45.44386],[9.17605,45.44366],[9.175871,45.442868],[9.177541,45.442801],[9.178923,45.44273],[9.179852,45.442738],[9.181288,45.442908],[9.182867,45.443318],[9.183859,45.443634],[9.184653,45.443872],[9.185353,45.444091],[9.186411,45.444416],[9.187161,45.444626],[9.187727,45.444741],[9.18757,45.44578],[9.187355,45.446217],[9.187081,45.44671],[9.186898,45.447124],[9.186711,45.447513],[9.186506,45.448018],[9.186209,45.44874],[9.185836,45.449484],[9.186079,45.450239],[9.186305,45.450953],[9.186588,45.451835],[9.186745,45.452347],[9.186914,45.453323],[9.187003,45.453964],[9.187059,45.454452],[9.187219,45.455203],[9.187259,45.45538],[9.187302,45.455574],[9.187363,45.455843],[9.187398,45.456031]]]}},{"type":"Feature","properties":{"id_nil":59,"nome":"Tre Torri","nome_orig":"TRE TORRI","area_kmq":0.513,"perimetro_km":3.0,"lon_centro":9.15575,"lat_centro":45.47679,"n_annunci":30,"mediana_eur_mq":9030,"p25_eur_mq":7545,"p75_eur_mq":15259,"prezzo_mediano_eur":1665000,"superficie_mediana_mq":170,"fonte_confini":"Comune di Milano - NIL vigenti PGT 2030 (CC BY)","fonte_prezzi":"Immobiliare.it, estrazione 2026-08-26"},"geometry":{"type":"Polygon","coordinates":[[[9.160275,45.480301],[9.158685,45.480359],[9.155982,45.480392],[9.151638,45.480449],[9.151613,45.47983],[9.151487,45.477553],[9.151433,45.476142],[9.15142,45.475801],[9.15141,45.475496],[9.151337,45.474427],[9.151143,45.474351],[9.150572,45.473982],[9.151581,45.4732],[9.151623,45.473661],[9.15272,45.473624],[9.153733,45.473606],[9.155555,45.473561],[9.156784,45.473534],[9.157363,45.473515],[9.158371,45.473485],[9.159825,45.473447],[9.159889,45.474252],[9.159967,45.475226],[9.159981,45.475719],[9.160077,45.477438],[9.160136,45.478669],[9.160219,45.480052],[9.160275,45.480301]]]}},{"type":"Feature","properties":{"id_nil":87,"nome":"Assiano","nome_orig":"ASSIANO","area_kmq":5.841,"perimetro_km":16.2,"lon_centro":9.05623,"lat_centro":45.44969,"n_annunci":9,"mediana_eur_mq":2889,"p25_eur_mq":2632,"p75_eur_mq":3031,"prezzo_mediano_eur":221250,"superficie_mediana_mq":73,"fonte_confini":"Comune di Milano - NIL vigenti PGT 2030 (CC BY)","fonte_prezzi":"Immobiliare.it, estrazione 2026-08-26"},"geometry":{"type":"Polygon","coordinates":[[[9.046874,45.462762],[9.046855,45.462785],[9.046646,45.463033],[9.046621,45.463064],[9.046522,45.463171],[9.046471,45.463218],[9.046439,45.463255],[9.046417,45.463288],[9.046397,45.463315],[9.046298,45.463448],[9.046243,45.46352],[9.046208,45.463566],[9.046171,45.463615],[9.046035,45.463847],[9.04562,45.4646],[9.045098,45.465573],[9.044932,45.465875],[9.044893,45.465939],[9.044873,45.465967],[9.044864,45.465979],[9.044838,45.466012],[9.044823,45.46603],[9.04481,45.466045],[9.0448,45.466056],[9.044791,45.466065],[9.04478,45.466077],[9.044772,45.466085],[9.044756,45.466098],[9.044743,45.466109],[9.044729,45.466116],[9.044719,45.46612],[9.044709,45.466121],[9.044694,45.466118],[9.044681,45.466113],[9.044663,45.466106],[9.044642,45.466097],[9.044628,45.466091],[9.044597,45.466079],[9.044554,45.466063],[9.044499,45.466041],[9.044432,45.466016],[9.04436,45.465988],[9.044289,45.465961],[9.044228,45.465937],[9.044179,45.465918],[9.04414,45.465903],[9.044109,45.465891],[9.044083,45.465882],[9.044061,45.465875],[9.044043,45.465869],[9.044028,45.465864],[9.044015,45.465861],[9.044005,45.465858],[9.043997,45.465857],[9.043981,45.465852],[9.043967,45.465847],[9.043698,45.46575],[9.043073,45.465523],[9.043001,45.465499],[9.043042,45.465214],[9.043049,45.465161],[9.043168,45.464762],[9.043182,45.464697],[9.043282,45.464227],[9.04334,45.463969],[9.043366,45.463846],[9.042861,45.463742],[9.043301,45.462869],[9.043332,45.462807],[9.043339,45.462793],[9.043489,45.462501],[9.043538,45.462407],[9.043562,45.46236],[9.043631,45.462225],[9.043739,45.462019],[9.043813,45.461882],[9.043828,45.461861],[9.043867,45.461813],[9.043873,45.461788],[9.043879,45.461765],[9.043893,45.461724],[9.043929,45.461646],[9.043997,45.461503],[9.044024,45.461447],[9.044075,45.461341],[9.044119,45.461246],[9.044152,45.461174],[9.044178,45.46112],[9.044195,45.461083],[9.044227,45.461018],[9.044288,45.460888],[9.044313,45.460839],[9.044328,45.460805],[9.044356,45.460745],[9.044403,45.46064],[9.044449,45.460541],[9.044493,45.460445],[9.04452,45.460387],[9.044591,45.460239],[9.044652,45.46011],[9.044672,45.460067],[9.044679,45.460054],[9.044717,45.459967],[9.044722,45.459955],[9.044754,45.459923],[9.044755,45.45992],[9.044759,45.459914],[9.04478,45.45988],[9.044823,45.45981],[9.044934,45.459636],[9.044983,45.459557],[9.045009,45.459517],[9.045069,45.459398],[9.045146,45.459253],[9.045188,45.459175],[9.04521,45.459133],[9.045267,45.459026],[9.045317,45.458929],[9.045335,45.458895],[9.045415,45.458921],[9.045849,45.459071],[9.045969,45.459117],[9.046207,45.459199],[9.046256,45.459216],[9.046441,45.459279],[9.046565,45.459095],[9.046735,45.458838],[9.046901,45.458586],[9.047051,45.45836],[9.04704,45.4583],[9.047061,45.45829],[9.047086,45.458267],[9.047107,45.45824],[9.047132,45.458205],[9.047151,45.458182],[9.047154,45.458178],[9.047164,45.458168],[9.04718,45.458162],[9.047199,45.458161],[9.047216,45.458106],[9.047227,45.45808],[9.047233,45.458062],[9.047237,45.458051],[9.047238,45.458049],[9.047262,45.458004],[9.047381,45.457803],[9.04742,45.457738],[9.047486,45.457637],[9.047605,45.457449],[9.047784,45.457169],[9.047928,45.456955],[9.048073,45.456742],[9.048132,45.456659],[9.04819,45.456574],[9.048374,45.456304],[9.048452,45.456191],[9.04859,45.455994],[9.048715,45.455812],[9.048963,45.455451],[9.048993,45.455407],[9.049199,45.455108],[9.049383,45.454841],[9.049507,45.454658],[9.049468,45.454642],[9.048342,45.454781],[9.048291,45.454787],[9.048245,45.454793],[9.048275,45.454744],[9.04832,45.454675],[9.048341,45.454645],[9.048352,45.45463],[9.048419,45.454539],[9.04843,45.454524],[9.04844,45.454508],[9.048451,45.454492],[9.048471,45.454459],[9.048532,45.454361],[9.048552,45.454328],[9.048572,45.454298],[9.048634,45.454208],[9.048697,45.454117],[9.048761,45.454023],[9.048801,45.453962],[9.048839,45.453904],[9.0489,45.453812],[9.048959,45.453724],[9.048989,45.453679],[9.049038,45.453606],[9.049049,45.45359],[9.049073,45.453552],[9.049082,45.453537],[9.049095,45.453521],[9.049118,45.453493],[9.049138,45.453464],[9.049153,45.45344],[9.049179,45.453399],[9.049189,45.453382],[9.04921,45.453352],[9.049234,45.453319],[9.049264,45.453275],[9.049286,45.453239],[9.049319,45.453185],[9.049326,45.453173],[9.049334,45.45316],[9.049341,45.453148],[9.04935,45.453136],[9.049358,45.453124],[9.049366,45.453112],[9.049377,45.453098],[9.049398,45.453071],[9.049408,45.453057],[9.049418,45.453044],[9.049427,45.453029],[9.049436,45.453015],[9.04945,45.452988],[9.049461,45.452966],[9.049476,45.452945],[9.049497,45.452918],[9.049532,45.452871],[9.049563,45.452824],[9.049576,45.452806],[9.049588,45.452787],[9.049638,45.452709],[9.049661,45.452678],[9.049669,45.452666],[9.049683,45.452645],[9.04969,45.452635],[9.049698,45.452625],[9.049714,45.452605],[9.049721,45.452596],[9.049729,45.452586],[9.049736,45.452576],[9.049743,45.452566],[9.049749,45.452556],[9.049756,45.452546],[9.049759,45.45254],[9.049762,45.452535],[9.049764,45.452529],[9.04977,45.452518],[9.049773,45.45251],[9.04978,45.452494],[9.049783,45.452486],[9.049788,45.452477],[9.049793,45.45247],[9.049798,45.452463],[9.049809,45.45245],[9.049813,45.452444],[9.049818,45.452437],[9.049832,45.452417],[9.049837,45.452411],[9.049843,45.452404],[9.049854,45.45239],[9.049865,45.452377],[9.0499,45.452334],[9.049877,45.452327],[9.049862,45.452323],[9.049435,45.452215],[9.049376,45.4522],[9.04941,45.452137],[9.049479,45.451983],[9.049537,45.451884],[9.049696,45.451605],[9.049717,45.451579],[9.049778,45.451505],[9.049846,45.451428],[9.049872,45.451397],[9.049878,45.45139],[9.049891,45.451377],[9.049897,45.45137],[9.049903,45.451363],[9.049913,45.451351],[9.049924,45.451337],[9.049949,45.451306],[9.049951,45.451304],[9.049955,45.451298],[9.04996,45.451291],[9.049968,45.451279],[9.049972,45.451273],[9.049976,45.451267],[9.049981,45.451261],[9.049985,45.451255],[9.049994,45.451244],[9.049998,45.451239],[9.050002,45.451234],[9.050015,45.45122],[9.050017,45.451217],[9.050023,45.451212],[9.050026,45.451208],[9.050028,45.451205],[9.05003,45.451201],[9.050032,45.451198],[9.050033,45.451194],[9.050034,45.451191],[9.050035,45.451187],[9.050035,45.451184],[9.050036,45.45118],[9.050035,45.451177],[9.050035,45.451173],[9.050034,45.451169],[9.050032,45.451161],[9.05003,45.451156],[9.050027,45.451152],[9.050022,45.451147],[9.050015,45.451142],[9.050007,45.451137],[9.049999,45.451133],[9.04999,45.451129],[9.04998,45.451126],[9.049775,45.45109],[9.049462,45.451038],[9.049452,45.451037],[9.049441,45.451035],[9.049431,45.451033],[9.04942,45.451032],[9.04941,45.45103],[9.049401,45.451029],[9.049393,45.451029],[9.049384,45.451028],[9.049376,45.451027],[9.049355,45.451026],[9.049335,45.451026],[9.04931,45.451026],[9.049281,45.451028],[9.04926,45.451031],[9.049246,45.451033],[9.049232,45.451033],[9.049222,45.451032],[9.049215,45.451031],[9.049208,45.451029],[9.049202,45.451028],[9.049165,45.451015],[9.049094,45.450988],[9.04894,45.450934],[9.048854,45.4509],[9.048794,45.450869],[9.048739,45.450847],[9.048566,45.45078],[9.048396,45.450711],[9.048384,45.450705],[9.048022,45.450558],[9.047961,45.450533],[9.047849,45.450488],[9.047722,45.450439],[9.04762,45.450394],[9.047505,45.450348],[9.047467,45.450322],[9.047359,45.450277],[9.047342,45.45027],[9.04705,45.450152],[9.046924,45.4501],[9.046694,45.450004],[9.046673,45.449999],[9.046656,45.449994],[9.046642,45.44999],[9.046628,45.449986],[9.046614,45.44998],[9.046599,45.449974],[9.046579,45.449967],[9.046476,45.449925],[9.04644,45.449911],[9.04639,45.449892],[9.046299,45.449858],[9.046191,45.449817],[9.04617,45.449808],[9.046149,45.449799],[9.046127,45.449789],[9.046107,45.449779],[9.046085,45.449769],[9.045968,45.449717],[9.045927,45.4497],[9.045907,45.449691],[9.045888,45.449682],[9.045868,45.449673],[9.045847,45.449665],[9.045813,45.449649],[9.045726,45.449616],[9.045705,45.449608],[9.045685,45.4496],[9.045664,45.449591],[9.045644,45.449582],[9.045623,45.449575],[9.045602,45.449566],[9.045581,45.449557],[9.045561,45.449546],[9.045538,45.449535],[9.045512,45.449522],[9.045465,45.4495],[9.045434,45.449486],[9.045351,45.449453],[9.045229,45.449399],[9.045214,45.449393],[9.0452,45.449388],[9.045191,45.449385],[9.045183,45.449382],[9.045174,45.44938],[9.045165,45.449378],[9.045157,45.449376],[9.045151,45.449375],[9.045144,45.449373],[9.045138,45.449373],[9.045132,45.449372],[9.045125,45.449371],[9.045117,45.449371],[9.045108,45.449371],[9.045099,45.449371],[9.04509,45.449371],[9.04508,45.449373],[9.045071,45.449375],[9.045063,45.449378],[9.045055,45.449382],[9.045024,45.449372],[9.044995,45.449362],[9.044942,45.449316],[9.044705,45.449215],[9.044338,45.449049],[9.044063,45.448926],[9.043813,45.448857],[9.043869,45.448686],[9.043856,45.448674],[9.043839,45.448669],[9.043745,45.448638],[9.043543,45.448573],[9.043455,45.448548],[9.043088,45.448426],[9.042543,45.448246],[9.042271,45.448156],[9.041805,45.448003],[9.041084,45.44776],[9.041046,45.447747],[9.040648,45.44754],[9.040602,45.447516],[9.040612,45.447499],[9.040619,45.447485],[9.040627,45.447463],[9.040629,45.447456],[9.040632,45.447451],[9.040634,45.447447],[9.040639,45.447439],[9.040641,45.447436],[9.040643,45.447433],[9.040649,45.44742],[9.040666,45.447393],[9.040683,45.447372],[9.040691,45.447357],[9.040705,45.447339],[9.040718,45.447317],[9.040731,45.447296],[9.040735,45.44729],[9.040739,45.447285],[9.040742,45.44728],[9.040745,45.447275],[9.040758,45.447255],[9.040765,45.447242],[9.040768,45.447236],[9.040772,45.447229],[9.040777,45.447223],[9.040785,45.447212],[9.040789,45.447206],[9.040793,45.447201],[9.040794,45.447199],[9.040799,45.447189],[9.040802,45.447178],[9.040806,45.447167],[9.040813,45.447156],[9.040824,45.447147],[9.040832,45.447142],[9.040842,45.447136],[9.040844,45.447131],[9.040849,45.447119],[9.040852,45.447113],[9.040857,45.447105],[9.040862,45.447097],[9.040881,45.44707],[9.040914,45.447024],[9.040918,45.447018],[9.040923,45.447011],[9.040926,45.447006],[9.040929,45.447001],[9.040932,45.446995],[9.040935,45.44699],[9.040937,45.446985],[9.04094,45.44698],[9.040942,45.446975],[9.040946,45.446964],[9.040949,45.446958],[9.040954,45.446947],[9.040957,45.446941],[9.04096,45.446936],[9.04097,45.446916],[9.040974,45.446908],[9.040978,45.446901],[9.040983,45.446893],[9.040988,45.446886],[9.040994,45.446879],[9.040999,45.446872],[9.041005,45.446866],[9.041009,45.446859],[9.041014,45.446852],[9.041018,45.446845],[9.041032,45.446824],[9.041035,45.446818],[9.041042,45.446806],[9.041046,45.4468],[9.04105,45.446793],[9.041058,45.446784],[9.041067,45.446776],[9.041074,45.446768],[9.041082,45.446761],[9.041088,45.446754],[9.041093,45.446746],[9.041098,45.446737],[9.041109,45.446719],[9.041115,45.44671],[9.041118,45.446705],[9.041122,45.4467],[9.041126,45.446696],[9.041129,45.446691],[9.041132,45.446687],[9.041135,45.446683],[9.041138,45.446679],[9.04114,45.446675],[9.041142,45.446671],[9.041144,45.446668],[9.041145,45.446663],[9.041148,45.446658],[9.041153,45.446646],[9.041157,45.446636],[9.041165,45.446626],[9.041175,45.446613],[9.041185,45.446602],[9.041201,45.446587],[9.04122,45.446572],[9.041225,45.446568],[9.041231,45.446564],[9.041241,45.446557],[9.041246,45.446554],[9.04125,45.44655],[9.041254,45.446546],[9.041258,45.446542],[9.041267,45.446532],[9.041272,45.446527],[9.041277,45.446521],[9.041294,45.446505],[9.041299,45.4465],[9.041302,45.446497],[9.041309,45.446488],[9.041318,45.44648],[9.041327,45.446472],[9.041341,45.446462],[9.041362,45.446451],[9.041385,45.446439],[9.041408,45.446428],[9.041422,45.44642],[9.041428,45.446418],[9.041433,45.446416],[9.041438,45.446413],[9.041443,45.44641],[9.041449,45.446407],[9.041458,45.446403],[9.041472,45.446397],[9.041489,45.446391],[9.041502,45.446386],[9.041518,45.44638],[9.041536,45.446375],[9.041556,45.446369],[9.041563,45.446367],[9.041571,45.446365],[9.041577,45.446364],[9.041598,45.446357],[9.041615,45.446352],[9.041617,45.446352],[9.041617,45.446351],[9.041618,45.446351],[9.041622,45.446349],[9.041626,45.446348],[9.041643,45.446344],[9.041688,45.446337],[9.04179,45.44638],[9.041893,45.446384],[9.042939,45.446237],[9.043238,45.44621],[9.043346,45.446195],[9.043632,45.446159],[9.044239,45.446085],[9.044567,45.446046],[9.044783,45.44601],[9.044941,45.445988],[9.045334,45.44594],[9.045751,45.445893],[9.046322,45.445825],[9.046818,45.445755],[9.046836,45.445752],[9.046858,45.445749],[9.04699,45.445736],[9.047112,45.445727],[9.047267,45.445696],[9.047375,45.445672],[9.047503,45.44564],[9.047603,45.445623],[9.047874,45.445583],[9.04848,45.445507],[9.048905,45.445458],[9.049095,45.445438],[9.049229,45.445424],[9.049364,45.445413],[9.049527,45.445403],[9.04965,45.445387],[9.050087,45.445331],[9.050725,45.445254],[9.051185,45.445197],[9.051433,45.445163],[9.052033,45.44509],[9.052346,45.44505],[9.05264,45.445014],[9.052914,45.44498],[9.053377,45.444925],[9.053799,45.444874],[9.053915,45.444859],[9.054017,45.444853],[9.054073,45.444852],[9.054086,45.444806],[9.054094,45.44478],[9.054096,45.444776],[9.054097,45.444771],[9.0541,45.444767],[9.054102,45.444763],[9.054105,45.444757],[9.054108,45.44475],[9.054114,45.44474],[9.054133,45.444698],[9.054143,45.444679],[9.054152,45.444651],[9.054154,45.444644],[9.054157,45.444638],[9.054159,45.444632],[9.054161,45.444627],[9.054166,45.444616],[9.054169,45.44461],[9.054188,45.444564],[9.05419,45.444558],[9.054192,45.444552],[9.054199,45.444536],[9.054201,45.444531],[9.054203,45.444525],[9.054206,45.444512],[9.054208,45.444505],[9.05421,45.444498],[9.054213,45.444491],[9.054216,45.444485],[9.054223,45.444472],[9.054226,45.444466],[9.054231,45.444454],[9.054234,45.444448],[9.054236,45.444443],[9.054238,45.444437],[9.05424,45.444431],[9.054242,45.444425],[9.054245,45.444413],[9.054247,45.444407],[9.054249,45.444401],[9.054251,45.444395],[9.054254,45.44439],[9.054256,45.444384],[9.054258,45.444379],[9.05426,45.444371],[9.054266,45.444349],[9.054269,45.444342],[9.054271,45.444334],[9.054274,45.444327],[9.054284,45.444301],[9.054302,45.444252],[9.054322,45.4442],[9.054342,45.444133],[9.054431,45.443913],[9.054502,45.443725],[9.054609,45.443444],[9.054655,45.443323],[9.054674,45.443276],[9.054706,45.443188],[9.054746,45.443074],[9.054774,45.442985],[9.0548,45.442915],[9.054863,45.442746],[9.054897,45.442631],[9.054908,45.442594],[9.05492,45.442554],[9.054928,45.442525],[9.054934,45.4425],[9.054938,45.442477],[9.054941,45.442463],[9.05494,45.442448],[9.054937,45.44243],[9.054935,45.442422],[9.054931,45.442399],[9.054915,45.442343],[9.054898,45.44228],[9.054872,45.4422],[9.054822,45.442045],[9.054739,45.441748],[9.054724,45.4417],[9.054706,45.441632],[9.054697,45.441604],[9.054693,45.44159],[9.054685,45.44157],[9.054672,45.441527],[9.054668,45.441515],[9.054664,45.441502],[9.054661,45.441492],[9.054636,45.4414],[9.054617,45.441336],[9.054604,45.441295],[9.054592,45.441257],[9.054581,45.44122],[9.054575,45.441204],[9.05457,45.441187],[9.054565,45.441171],[9.054562,45.441155],[9.054553,45.441124],[9.054535,45.441043],[9.054532,45.441031],[9.054524,45.440996],[9.054521,45.440985],[9.054517,45.440972],[9.054505,45.440932],[9.054501,45.440919],[9.054474,45.440823],[9.054461,45.440777],[9.054457,45.440762],[9.054455,45.440749],[9.054446,45.440709],[9.054438,45.440682],[9.054427,45.440635],[9.054415,45.4406],[9.054401,45.440542],[9.054397,45.440526],[9.054392,45.44051],[9.054364,45.440413],[9.054321,45.440263],[9.054258,45.440047],[9.054234,45.43995],[9.054223,45.439904],[9.054208,45.439851],[9.054209,45.439848],[9.054211,45.439846],[9.054213,45.439845],[9.054216,45.439843],[9.054219,45.439842],[9.054223,45.439841],[9.054227,45.43984],[9.05423,45.439839],[9.054234,45.439838],[9.054239,45.439837],[9.054244,45.439837],[9.054253,45.439836],[9.054257,45.439836],[9.05426,45.439835],[9.054263,45.439835],[9.054266,45.439834],[9.054269,45.439834],[9.054272,45.439833],[9.054277,45.439832],[9.054287,45.439829],[9.054293,45.439828],[9.054299,45.439827],[9.054304,45.439826],[9.054309,45.439826],[9.054314,45.439826],[9.05434,45.439826],[9.054352,45.439827],[9.05437,45.43983],[9.05438,45.439836],[9.0544,45.439845],[9.054418,45.439851],[9.054427,45.439853],[9.05444,45.439858],[9.054454,45.439863],[9.054476,45.43987],[9.054494,45.439875],[9.054519,45.439881],[9.05456,45.439892],[9.05458,45.439896],[9.054601,45.439902],[9.054666,45.439917],[9.054709,45.439928],[9.05473,45.439933],[9.054752,45.439937],[9.05482,45.43995],[9.054843,45.439955],[9.054864,45.439959],[9.054905,45.439969],[9.054967,45.439984],[9.054983,45.439988],[9.055032,45.439998],[9.055086,45.440008],[9.055109,45.440013],[9.055125,45.440014],[9.055136,45.440013],[9.055149,45.440008],[9.055156,45.440003],[9.05516,45.439997],[9.055165,45.43999],[9.055174,45.439973],[9.05518,45.439962],[9.055187,45.439944],[9.055198,45.439913],[9.055201,45.439904],[9.055204,45.439896],[9.055208,45.439887],[9.055219,45.439862],[9.055223,45.439852],[9.055226,45.439842],[9.055231,45.439825],[9.055235,45.439815],[9.05524,45.439803],[9.055245,45.439793],[9.055252,45.439778],[9.055263,45.439757],[9.055276,45.439731],[9.055297,45.439698],[9.055348,45.439615],[9.055365,45.439585],[9.055417,45.439495],[9.055426,45.43948],[9.055473,45.439404],[9.055492,45.439374],[9.055501,45.439359],[9.05551,45.439343],[9.055518,45.439326],[9.055534,45.439292],[9.055572,45.439215],[9.055579,45.4392],[9.055587,45.439184],[9.055627,45.439087],[9.055655,45.439022],[9.055669,45.438989],[9.05569,45.438938],[9.055697,45.438921],[9.055704,45.438904],[9.055713,45.438887],[9.055721,45.438871],[9.055731,45.438854],[9.05574,45.43884],[9.05575,45.438822],[9.055771,45.438789],[9.055833,45.438693],[9.055853,45.438661],[9.055872,45.43863],[9.055925,45.438536],[9.055935,45.43852],[9.055944,45.438505],[9.055964,45.438474],[9.056023,45.438381],[9.056042,45.43835],[9.056051,45.438335],[9.056069,45.438304],[9.056103,45.438243],[9.056156,45.438147],[9.056165,45.438131],[9.056173,45.438115],[9.056181,45.4381],[9.056188,45.438084],[9.056195,45.438069],[9.056199,45.438062],[9.056204,45.438047],[9.056375,45.438085],[9.056602,45.438136],[9.056835,45.438189],[9.057008,45.438229],[9.057193,45.438267],[9.057349,45.438307],[9.057451,45.438328],[9.057508,45.438339],[9.057562,45.438345],[9.057629,45.438351],[9.05767,45.438355],[9.057726,45.4383],[9.057755,45.438307],[9.057774,45.438312],[9.057802,45.438261],[9.057842,45.438209],[9.05788,45.438174],[9.05789,45.438165],[9.0579,45.438156],[9.057915,45.438143],[9.05793,45.43813],[9.057946,45.438117],[9.058024,45.438054],[9.058104,45.437992],[9.058204,45.437916],[9.0583,45.437843],[9.058347,45.437808],[9.058392,45.437773],[9.058482,45.437703],[9.05855,45.437652],[9.058616,45.437602],[9.058648,45.437577],[9.058678,45.437552],[9.058754,45.437487],[9.058776,45.437469],[9.058799,45.437447],[9.058875,45.437377],[9.058901,45.437352],[9.058915,45.437339],[9.058956,45.437297],[9.059039,45.437212],[9.059092,45.437154],[9.059201,45.437034],[9.059251,45.436979],[9.059409,45.436783],[9.059525,45.436634],[9.059548,45.436605],[9.059769,45.43634],[9.059883,45.436193],[9.059954,45.436103],[9.060034,45.435996],[9.060105,45.435912],[9.060191,45.435809],[9.06029,45.435691],[9.060323,45.435652],[9.060355,45.435614],[9.060528,45.43537],[9.06055,45.435339],[9.060669,45.435172],[9.060722,45.435099],[9.060775,45.435022],[9.060811,45.43495],[9.060854,45.434869],[9.060864,45.434864],[9.060887,45.434859],[9.061027,45.434857],[9.061029,45.434857],[9.061029,45.434852],[9.061017,45.434767],[9.061008,45.434617],[9.060973,45.434475],[9.06097,45.434442],[9.060962,45.434349],[9.06109,45.434398],[9.061319,45.434507],[9.061436,45.43456],[9.061615,45.434648],[9.062187,45.434919],[9.062608,45.435117],[9.06318,45.435388],[9.063232,45.435426],[9.063976,45.43463],[9.064146,45.434449],[9.064148,45.434398],[9.063739,45.434091],[9.063728,45.434049],[9.063735,45.434024],[9.063742,45.433947],[9.063768,45.433915],[9.063913,45.4338],[9.064242,45.433536],[9.064587,45.433247],[9.064608,45.433251],[9.064607,45.433271],[9.064752,45.433365],[9.065068,45.433548],[9.065142,45.433605],[9.06542,45.433943],[9.065475,45.433997],[9.065551,45.434061],[9.065582,45.434107],[9.065611,45.434169],[9.065619,45.43419],[9.065707,45.434425],[9.065734,45.434468],[9.065842,45.434802],[9.06603,45.435383],[9.066182,45.435808],[9.066248,45.43576],[9.066249,45.435766],[9.066269,45.435752],[9.066899,45.43531],[9.067212,45.435088],[9.067565,45.434836],[9.067965,45.43455],[9.069244,45.433632],[9.069861,45.434048],[9.070059,45.434184],[9.070471,45.434482],[9.070488,45.434494],[9.070565,45.434526],[9.070588,45.434525],[9.0706,45.434525],[9.070612,45.434524],[9.070645,45.434522],[9.070664,45.43452],[9.070696,45.434517],[9.070712,45.434515],[9.070729,45.434513],[9.07075,45.434509],[9.07077,45.434505],[9.070791,45.434501],[9.070831,45.434492],[9.070847,45.434488],[9.070891,45.434478],[9.070939,45.434466],[9.070991,45.434455],[9.071015,45.434448],[9.071121,45.43442],[9.071855,45.43423],[9.072219,45.43412],[9.072279,45.434102],[9.072514,45.434027],[9.072622,45.433995],[9.072681,45.43398],[9.072695,45.43398],[9.072742,45.433987],[9.072754,45.433992],[9.072774,45.433945],[9.072796,45.433888],[9.072816,45.433845],[9.072862,45.433883],[9.072885,45.433902],[9.072937,45.433956],[9.072966,45.433986],[9.073011,45.434041],[9.073041,45.434078],[9.073087,45.434137],[9.073124,45.434181],[9.073147,45.434208],[9.073194,45.434263],[9.073264,45.434317],[9.073342,45.434373],[9.073485,45.434458],[9.073584,45.43451],[9.073656,45.43455],[9.073805,45.434646],[9.074082,45.434738],[9.074246,45.434794],[9.074334,45.43484],[9.074406,45.43489],[9.074449,45.43492],[9.074656,45.435065],[9.074747,45.43513],[9.07487,45.435218],[9.074899,45.43524],[9.075037,45.435334],[9.075083,45.435359],[9.075124,45.435381],[9.075181,45.43538],[9.075203,45.435411],[9.075255,45.435488],[9.075339,45.435581],[9.075395,45.435635],[9.075524,45.435722],[9.075601,45.435766],[9.075762,45.435843],[9.076033,45.435985],[9.076121,45.436035],[9.076229,45.436129],[9.07633,45.436224],[9.07636,45.436265],[9.076533,45.436461],[9.076553,45.436484],[9.076701,45.436656],[9.076814,45.436785],[9.076823,45.436796],[9.076815,45.436802],[9.076761,45.436837],[9.076754,45.436846],[9.076759,45.436851],[9.076783,45.436872],[9.076815,45.436902],[9.07687,45.436987],[9.076875,45.436996],[9.07688,45.437004],[9.076886,45.437013],[9.076891,45.437022],[9.076897,45.437031],[9.076903,45.437041],[9.07691,45.43705],[9.076918,45.437058],[9.076927,45.437067],[9.076937,45.437075],[9.076946,45.437082],[9.076956,45.437089],[9.076973,45.437102],[9.07699,45.437114],[9.077007,45.437126],[9.077077,45.437173],[9.077184,45.437242],[9.077202,45.437253],[9.077221,45.437265],[9.077257,45.437289],[9.077275,45.437301],[9.077294,45.437313],[9.077313,45.437324],[9.077333,45.437335],[9.077355,45.437345],[9.077377,45.437355],[9.077399,45.437364],[9.077421,45.437373],[9.077508,45.437406],[9.077547,45.43742],[9.077666,45.437462],[9.077706,45.437477],[9.077726,45.437484],[9.077746,45.437492],[9.077765,45.437499],[9.077786,45.437509],[9.077806,45.437518],[9.077825,45.437529],[9.077844,45.437539],[9.077863,45.43755],[9.077878,45.437559],[9.077891,45.437567],[9.077905,45.437577],[9.077918,45.437586],[9.07793,45.437596],[9.07794,45.437605],[9.07795,45.437615],[9.077969,45.437636],[9.077989,45.437658],[9.078,45.437669],[9.07801,45.43768],[9.078022,45.437692],[9.078034,45.437703],[9.078043,45.437709],[9.078052,45.437714],[9.078062,45.437719],[9.078072,45.437723],[9.078082,45.437727],[9.078096,45.437732],[9.078111,45.437737],[9.078125,45.437741],[9.07814,45.437745],[9.078154,45.437749],[9.078166,45.437751],[9.078179,45.437754],[9.078203,45.437759],[9.078241,45.437767],[9.078254,45.43777],[9.078266,45.437773],[9.078279,45.437777],[9.078288,45.43778],[9.078297,45.437784],[9.078307,45.437788],[9.078316,45.437793],[9.078325,45.437797],[9.078363,45.437813],[9.078375,45.437819],[9.078387,45.437824],[9.078388,45.437825],[9.0784,45.43783],[9.078424,45.437843],[9.078437,45.43785],[9.078451,45.437856],[9.078467,45.437862],[9.078484,45.437868],[9.078518,45.43788],[9.07859,45.437905],[9.078608,45.437912],[9.078626,45.437919],[9.078642,45.437925],[9.078659,45.437932],[9.078675,45.437939],[9.078691,45.437947],[9.078706,45.437954],[9.07872,45.437962],[9.078734,45.43797],[9.07876,45.437987],[9.078774,45.437995],[9.078791,45.438005],[9.078894,45.438062],[9.078925,45.43808],[9.078952,45.438097],[9.078964,45.438104],[9.078976,45.438111],[9.078987,45.438118],[9.078997,45.438126],[9.079008,45.438137],[9.079018,45.438149],[9.079028,45.438161],[9.079068,45.438212],[9.079097,45.438251],[9.079149,45.438317],[9.079153,45.438322],[9.079157,45.438328],[9.079165,45.438339],[9.079169,45.438345],[9.079186,45.438366],[9.079207,45.438385],[9.079289,45.438453],[9.07927,45.438467],[9.079255,45.438478],[9.079241,45.43849],[9.079199,45.438528],[9.079184,45.438542],[9.079174,45.438551],[9.079131,45.438593],[9.079114,45.43861],[9.0791,45.438624],[9.079032,45.438694],[9.079019,45.438708],[9.079005,45.438722],[9.07899,45.438736],[9.078975,45.438749],[9.078882,45.438831],[9.07884,45.438869],[9.078826,45.438882],[9.078812,45.438896],[9.078796,45.438913],[9.07879,45.438919],[9.078764,45.438948],[9.07875,45.438962],[9.078736,45.438976],[9.078722,45.438989],[9.078708,45.439001],[9.078665,45.439036],[9.078651,45.439048],[9.078635,45.439062],[9.078557,45.439134],[9.078542,45.439147],[9.07851,45.439174],[9.078495,45.439187],[9.078481,45.439201],[9.078468,45.439214],[9.078456,45.439228],[9.078433,45.439255],[9.078421,45.439269],[9.078408,45.439283],[9.078394,45.439296],[9.07838,45.439308],[9.078351,45.439333],[9.078337,45.439346],[9.07831,45.439371],[9.07827,45.43941],[9.078201,45.43948],[9.078169,45.439512],[9.078145,45.439537],[9.078131,45.439551],[9.078117,45.439563],[9.078103,45.439574],[9.078089,45.439585],[9.078075,45.439596],[9.078062,45.439608],[9.078048,45.439622],[9.078034,45.439637],[9.078008,45.439667],[9.077994,45.439683],[9.077979,45.439697],[9.077965,45.439711],[9.07795,45.439725],[9.077919,45.439752],[9.077858,45.439805],[9.077843,45.439818],[9.077828,45.439832],[9.077814,45.439845],[9.0778,45.439859],[9.077746,45.439914],[9.077732,45.439927],[9.077705,45.439952],[9.077627,45.440024],[9.07759,45.440059],[9.07756,45.440085],[9.077515,45.440126],[9.077474,45.440166],[9.07746,45.440179],[9.077447,45.440192],[9.077438,45.440201],[9.07743,45.440211],[9.077414,45.440229],[9.077406,45.440239],[9.077388,45.440258],[9.077379,45.440267],[9.07737,45.440277],[9.07736,45.440286],[9.077351,45.440294],[9.07734,45.440302],[9.07732,45.440318],[9.07731,45.440325],[9.077269,45.440359],[9.077256,45.44037],[9.077244,45.440381],[9.07723,45.440395],[9.077216,45.440409],[9.077189,45.440437],[9.077175,45.440451],[9.07713,45.440493],[9.077069,45.440549],[9.077053,45.440563],[9.07702,45.44059],[9.077004,45.440604],[9.07699,45.440618],[9.076977,45.440632],[9.076963,45.440647],[9.07695,45.440662],[9.076939,45.440677],[9.076926,45.440691],[9.076853,45.44078],[9.076775,45.440872],[9.076707,45.440954],[9.076688,45.440977],[9.076674,45.440993],[9.076651,45.441019],[9.076616,45.441059],[9.076542,45.441142],[9.076467,45.441224],[9.076437,45.441258],[9.076424,45.441273],[9.076412,45.441287],[9.076378,45.441331],[9.076367,45.441345],[9.076354,45.44136],[9.076341,45.441374],[9.076327,45.441388],[9.076286,45.441429],[9.076273,45.441443],[9.07626,45.441457],[9.076248,45.441471],[9.076236,45.441486],[9.076225,45.4415],[9.076178,45.441558],[9.076156,45.441584],[9.076143,45.4416],[9.076129,45.441615],[9.076117,45.441629],[9.076091,45.441656],[9.076079,45.441669],[9.076066,45.441682],[9.076053,45.441697],[9.076041,45.441711],[9.075977,45.441786],[9.075965,45.441802],[9.075935,45.441838],[9.075892,45.441889],[9.075856,45.441934],[9.075785,45.442018],[9.075773,45.442032],[9.075761,45.442047],[9.075749,45.442059],[9.075738,45.442071],[9.075714,45.442095],[9.075702,45.442107],[9.075692,45.442118],[9.075682,45.44213],[9.075663,45.442154],[9.075653,45.442166],[9.075639,45.442181],[9.075599,45.442226],[9.075586,45.442241],[9.075576,45.442253],[9.07551,45.442333],[9.075501,45.442343],[9.075493,45.442353],[9.075487,45.442359],[9.075481,45.442365],[9.075475,45.442372],[9.075468,45.442378],[9.075461,45.442384],[9.075454,45.442388],[9.075414,45.442437],[9.075386,45.442471],[9.075355,45.442546],[9.075431,45.442559],[9.07551,45.442583],[9.075579,45.442614],[9.075619,45.442631],[9.075649,45.442646],[9.076321,45.442944],[9.076851,45.443177],[9.077097,45.443286],[9.077384,45.443413],[9.077658,45.443535],[9.077816,45.443605],[9.077897,45.443638],[9.078022,45.44369],[9.07807,45.44371],[9.078073,45.443712],[9.078137,45.443749],[9.078194,45.443789],[9.078239,45.443807],[9.078295,45.443833],[9.078337,45.443853],[9.078327,45.443886],[9.07833,45.443904],[9.078358,45.443929],[9.078482,45.444023],[9.0785,45.444041],[9.078504,45.444055],[9.078504,45.444056],[9.078506,45.444063],[9.078507,45.44407],[9.078508,45.444083],[9.078509,45.444097],[9.078511,45.444123],[9.078512,45.444136],[9.078514,45.44416],[9.078515,45.444168],[9.078516,45.444176],[9.078517,45.444181],[9.07852,45.444191],[9.078521,45.444196],[9.078522,45.444202],[9.078522,45.444207],[9.078521,45.444213],[9.078521,45.444218],[9.078519,45.444228],[9.078519,45.444229],[9.078517,45.444237],[9.078516,45.444242],[9.078514,45.444246],[9.078512,45.44425],[9.078509,45.444254],[9.078506,45.444256],[9.078503,45.444259],[9.078499,45.444261],[9.078496,45.444263],[9.078489,45.444266],[9.078482,45.444269],[9.078476,45.444272],[9.078455,45.444281],[9.078427,45.444292],[9.078411,45.444299],[9.078405,45.444301],[9.0784,45.444303],[9.078387,45.444308],[9.07835,45.444321],[9.078338,45.444325],[9.078324,45.444331],[9.078282,45.444347],[9.078268,45.444353],[9.078252,45.444358],[9.078205,45.444374],[9.07819,45.444379],[9.078177,45.444384],[9.07814,45.444399],[9.078127,45.444404],[9.078119,45.444407],[9.07811,45.44441],[9.078102,45.444413],[9.078093,45.444415],[9.078084,45.444418],[9.078075,45.44442],[9.078066,45.444421],[9.078048,45.444425],[9.078039,45.444426],[9.078009,45.444432],[9.077982,45.444438],[9.077975,45.444439],[9.077968,45.44444],[9.077962,45.444441],[9.077955,45.444442],[9.077942,45.444444],[9.077936,45.444444],[9.07793,45.444445],[9.077918,45.444447],[9.077911,45.444448],[9.077905,45.444449],[9.077897,45.444449],[9.077882,45.444451],[9.077868,45.444454],[9.077854,45.444458],[9.077844,45.444461],[9.077837,45.444464],[9.07783,45.444467],[9.077824,45.44447],[9.077815,45.444475],[9.077807,45.44448],[9.0778,45.444488],[9.077793,45.444494],[9.077789,45.4445],[9.077782,45.44451],[9.077779,45.444515],[9.077776,45.44452],[9.077773,45.444525],[9.07777,45.444529],[9.077768,45.444533],[9.077766,45.444538],[9.077761,45.444546],[9.07776,45.44455],[9.077758,45.444558],[9.077758,45.444564],[9.077758,45.444572],[9.07776,45.444579],[9.077766,45.444586],[9.077772,45.44459],[9.077785,45.444593],[9.077814,45.444598],[9.077878,45.444609],[9.077991,45.444632],[9.078003,45.444635],[9.078086,45.444663],[9.078131,45.444679],[9.078203,45.444704],[9.078363,45.444764],[9.078416,45.444786],[9.078444,45.444804],[9.078457,45.444828],[9.078468,45.444852],[9.078471,45.444871],[9.078479,45.444901],[9.078486,45.444922],[9.078492,45.444942],[9.078497,45.444977],[9.078494,45.444997],[9.078486,45.445013],[9.078472,45.445029],[9.078449,45.445042],[9.078424,45.445047],[9.078395,45.445051],[9.07836,45.445052],[9.07831,45.445054],[9.078245,45.445052],[9.078202,45.445049],[9.078158,45.445046],[9.078119,45.445043],[9.078084,45.445045],[9.078015,45.445051],[9.077969,45.445058],[9.077895,45.445073],[9.077866,45.445078],[9.077855,45.445081],[9.077843,45.445083],[9.077831,45.445086],[9.07782,45.445089],[9.077808,45.445093],[9.077797,45.445096],[9.077786,45.445101],[9.077775,45.445105],[9.077765,45.445111],[9.077759,45.445115],[9.077754,45.445119],[9.07775,45.445124],[9.077747,45.445129],[9.077744,45.445133],[9.077742,45.445137],[9.07774,45.445144],[9.077737,45.445152],[9.077738,45.445158],[9.077739,45.445163],[9.07774,45.445169],[9.077743,45.445174],[9.077746,45.445179],[9.077751,45.445185],[9.077757,45.44519],[9.077763,45.445194],[9.077768,45.445198],[9.077774,45.445202],[9.077779,45.445206],[9.077784,45.445209],[9.077794,45.445215],[9.077801,45.445218],[9.077807,45.445222],[9.077814,45.445224],[9.07782,45.445227],[9.077826,45.445229],[9.077832,45.445232],[9.077881,45.445252],[9.077889,45.445255],[9.077896,45.445258],[9.077903,45.445261],[9.07791,45.445265],[9.077918,45.445269],[9.077926,45.445273],[9.077933,45.445277],[9.07794,45.445282],[9.077945,45.445287],[9.077948,45.44529],[9.077951,45.445294],[9.077952,45.445299],[9.077954,45.445304],[9.077955,45.445309],[9.077957,45.445314],[9.077959,45.445319],[9.077961,45.445324],[9.077963,45.445334],[9.077965,45.445342],[9.077967,45.44535],[9.077968,45.445355],[9.07797,45.44536],[9.077972,45.445367],[9.077989,45.445411],[9.077991,45.445416],[9.077993,45.445422],[9.077996,45.445427],[9.077998,45.445432],[9.078,45.445436],[9.078002,45.445441],[9.078005,45.445446],[9.07801,45.445453],[9.07802,45.445468],[9.078024,45.445475],[9.078028,45.445482],[9.07803,45.445486],[9.078031,45.445495],[9.078031,45.445504],[9.078032,45.44551],[9.078031,45.445516],[9.078029,45.445525],[9.078028,45.445531],[9.078027,45.445536],[9.078025,45.445546],[9.078023,45.445552],[9.078019,45.445563],[9.078012,45.445578],[9.078007,45.445587],[9.077998,45.4456],[9.077987,45.44561],[9.077977,45.445621],[9.077963,45.445634],[9.077944,45.445646],[9.077933,45.445654],[9.077922,45.445662],[9.077912,45.44567],[9.077904,45.445677],[9.077896,45.445685],[9.077884,45.4457],[9.077873,45.445714],[9.077861,45.445733],[9.077845,45.445761],[9.077834,45.445781],[9.077828,45.445792],[9.077823,45.445801],[9.077817,45.445811],[9.077811,45.445816],[9.077804,45.445818],[9.077794,45.445821],[9.077784,45.445822],[9.077778,45.445823],[9.077772,45.445824],[9.077765,45.445825],[9.077759,45.445825],[9.077746,45.445826],[9.07774,45.445827],[9.077726,45.445827],[9.077719,45.445827],[9.077712,45.445828],[9.077706,45.445829],[9.077701,45.44583],[9.077696,45.445832],[9.077691,45.445833],[9.077686,45.445835],[9.077682,45.445837],[9.077678,45.445839],[9.077675,45.44584],[9.077671,45.445842],[9.077668,45.445844],[9.077664,45.445847],[9.077661,45.445849],[9.077657,45.445852],[9.077654,45.445855],[9.07765,45.445858],[9.077646,45.445862],[9.077642,45.445866],[9.077639,45.445871],[9.077635,45.445875],[9.077632,45.44588],[9.077629,45.445883],[9.077627,45.445887],[9.077625,45.445891],[9.077623,45.445895],[9.077621,45.4459],[9.07762,45.445906],[9.07762,45.445913],[9.077621,45.445919],[9.077623,45.445926],[9.077627,45.445932],[9.077634,45.445939],[9.077642,45.445945],[9.07765,45.44595],[9.077659,45.445955],[9.077667,45.44596],[9.077676,45.445966],[9.077686,45.445973],[9.077695,45.445979],[9.077704,45.445986],[9.077713,45.445993],[9.077716,45.445997],[9.077718,45.446001],[9.07772,45.446005],[9.077721,45.446009],[9.077722,45.446014],[9.077723,45.446017],[9.077723,45.446021],[9.077723,45.446024],[9.077723,45.446028],[9.077723,45.446037],[9.077722,45.446058],[9.077721,45.446064],[9.07772,45.446071],[9.07772,45.446078],[9.077724,45.446166],[9.077723,45.446195],[9.077721,45.446207],[9.077718,45.446226],[9.077717,45.446232],[9.077716,45.446238],[9.077716,45.446244],[9.077715,45.446256],[9.077715,45.446262],[9.077714,45.446267],[9.077712,45.446283],[9.077712,45.446288],[9.077711,45.446295],[9.077711,45.446299],[9.077711,45.446302],[9.077712,45.446306],[9.077712,45.446312],[9.077713,45.446317],[9.077714,45.446323],[9.077715,45.446328],[9.077717,45.446334],[9.077719,45.446339],[9.077721,45.446343],[9.077727,45.446352],[9.077729,45.446356],[9.077739,45.446374],[9.077742,45.446379],[9.077745,45.446385],[9.077748,45.446392],[9.077751,45.446399],[9.077759,45.446421],[9.077765,45.446437],[9.077767,45.446442],[9.077769,45.446447],[9.07777,45.446452],[9.077772,45.446457],[9.077773,45.446462],[9.077774,45.446467],[9.077775,45.446472],[9.077776,45.446482],[9.077776,45.446487],[9.077776,45.446492],[9.077774,45.446497],[9.077772,45.446501],[9.077768,45.446506],[9.077764,45.44651],[9.077759,45.446514],[9.077754,45.446518],[9.077746,45.446522],[9.077738,45.446525],[9.07773,45.446529],[9.077721,45.446532],[9.077713,45.446535],[9.077691,45.446544],[9.077684,45.446547],[9.077677,45.44655],[9.077667,45.446555],[9.077646,45.446566],[9.077635,45.446571],[9.077625,45.446576],[9.077602,45.446588],[9.077591,45.446594],[9.07758,45.4466],[9.077569,45.446607],[9.077555,45.446615],[9.077541,45.446623],[9.077528,45.446631],[9.077514,45.44664],[9.077501,45.446649],[9.077488,45.446657],[9.077464,45.446675],[9.077452,45.446684],[9.077439,45.446692],[9.077429,45.446698],[9.077418,45.446704],[9.077408,45.446709],[9.077396,45.446714],[9.077386,45.446719],[9.077323,45.446746],[9.077295,45.446756],[9.077282,45.44676],[9.077256,45.446768],[9.077243,45.446772],[9.077231,45.446777],[9.077212,45.446785],[9.077193,45.446794],[9.077138,45.44682],[9.077119,45.446828],[9.077079,45.446846],[9.077059,45.446855],[9.077038,45.446864],[9.077017,45.446872],[9.077001,45.446878],[9.076984,45.446884],[9.076932,45.446901],[9.076923,45.446904],[9.076903,45.446909],[9.076894,45.446912],[9.076885,45.446916],[9.076878,45.446919],[9.076871,45.446922],[9.076864,45.446925],[9.076857,45.446928],[9.076847,45.446934],[9.076843,45.446936],[9.076839,45.446938],[9.076836,45.44694],[9.076832,45.446943],[9.07683,45.446945],[9.076828,45.446947],[9.076826,45.446949],[9.076824,45.446952],[9.076823,45.446954],[9.076821,45.446957],[9.07682,45.446959],[9.076819,45.446961],[9.076818,45.446963],[9.076818,45.446966],[9.076817,45.446971],[9.076816,45.446976],[9.076816,45.446982],[9.076815,45.446987],[9.076815,45.446992],[9.076816,45.446997],[9.076816,45.447001],[9.076817,45.447005],[9.076818,45.44701],[9.07682,45.447019],[9.076821,45.447025],[9.076822,45.44703],[9.076823,45.447035],[9.076825,45.44704],[9.076826,45.447044],[9.076828,45.447047],[9.076831,45.447054],[9.076836,45.447067],[9.076838,45.447072],[9.076839,45.447076],[9.076841,45.447081],[9.076842,45.447086],[9.076843,45.447091],[9.076844,45.447096],[9.076845,45.447101],[9.076845,45.447106],[9.076846,45.447112],[9.076846,45.447118],[9.076846,45.447124],[9.076846,45.447136],[9.076846,45.44714],[9.076846,45.447144],[9.076845,45.447157],[9.076844,45.447162],[9.076844,45.447173],[9.076844,45.447179],[9.076843,45.447184],[9.076842,45.447189],[9.07684,45.447193],[9.076838,45.447197],[9.076834,45.447205],[9.076832,45.44721],[9.07683,45.447216],[9.076827,45.447221],[9.076824,45.447227],[9.076819,45.447233],[9.076814,45.447238],[9.076808,45.447243],[9.076801,45.447248],[9.076795,45.447252],[9.076789,45.447257],[9.076779,45.447264],[9.076749,45.447285],[9.076739,45.447292],[9.076723,45.447304],[9.076715,45.44731],[9.076707,45.447317],[9.0767,45.447323],[9.076692,45.44733],[9.076684,45.447337],[9.076677,45.447344],[9.07667,45.447351],[9.076663,45.447359],[9.076659,45.447366],[9.076654,45.447373],[9.07665,45.44738],[9.076647,45.447387],[9.076643,45.447394],[9.076641,45.447399],[9.07664,45.447405],[9.076638,45.44741],[9.076634,45.447426],[9.076633,45.447432],[9.076632,45.447438],[9.076629,45.447449],[9.076629,45.447453],[9.076627,45.447468],[9.076624,45.447484],[9.076623,45.447488],[9.076623,45.447492],[9.076623,45.447497],[9.076622,45.447507],[9.076621,45.447516],[9.076621,45.447521],[9.07662,45.447526],[9.07662,45.44753],[9.07662,45.447535],[9.07662,45.447539],[9.076622,45.447544],[9.076624,45.447549],[9.076626,45.447554],[9.076639,45.447577],[9.076648,45.447589],[9.076652,45.447596],[9.076656,45.447602],[9.07666,45.447609],[9.076663,45.447616],[9.076676,45.44764],[9.076679,45.447645],[9.076682,45.44765],[9.076684,45.447656],[9.076685,45.447661],[9.076687,45.447666],[9.076688,45.447671],[9.076689,45.447676],[9.076689,45.447681],[9.076689,45.447686],[9.076689,45.44769],[9.076689,45.447695],[9.076686,45.447712],[9.076685,45.447717],[9.076684,45.447721],[9.076682,45.447726],[9.07668,45.447729],[9.076678,45.447733],[9.076676,45.447737],[9.076673,45.44774],[9.07667,45.447743],[9.076662,45.44775],[9.076654,45.447756],[9.076645,45.447762],[9.076637,45.447768],[9.076628,45.447774],[9.076623,45.447778],[9.076616,45.447781],[9.076604,45.447788],[9.076598,45.447791],[9.076585,45.447799],[9.076578,45.447803],[9.076572,45.447807],[9.076565,45.447812],[9.076559,45.447816],[9.076553,45.447821],[9.076542,45.447831],[9.076536,45.447837],[9.07652,45.44785],[9.076471,45.447891],[9.076458,45.447902],[9.076446,45.447914],[9.076442,45.447919],[9.076438,45.447924],[9.076435,45.447929],[9.076431,45.447934],[9.076428,45.44794],[9.076425,45.447947],[9.076422,45.447953],[9.076419,45.44796],[9.076417,45.447967],[9.076414,45.447974],[9.076413,45.44798],[9.076411,45.447987],[9.07641,45.447993],[9.076409,45.448],[9.076408,45.448006],[9.076408,45.448011],[9.076407,45.448017],[9.076407,45.448022],[9.076407,45.448027],[9.076407,45.448033],[9.076407,45.448041],[9.076407,45.448058],[9.076407,45.448083],[9.076409,45.448118],[9.07641,45.448151],[9.076412,45.448192],[9.076413,45.448231],[9.076413,45.448235],[9.076438,45.448237],[9.07646,45.44824],[9.07647,45.448242],[9.076476,45.448246],[9.076495,45.448264],[9.076502,45.448271],[9.076506,45.448275],[9.076511,45.448279],[9.076522,45.448287],[9.076527,45.448291],[9.076532,45.448295],[9.076536,45.4483],[9.076541,45.448304],[9.076558,45.448324],[9.076567,45.448334],[9.076572,45.448339],[9.076576,45.448344],[9.076583,45.448351],[9.076603,45.448371],[9.07661,45.448377],[9.07664,45.448408],[9.076647,45.448416],[9.076652,45.448422],[9.076669,45.448441],[9.076674,45.448448],[9.076682,45.448455],[9.076705,45.448478],[9.076712,45.448486],[9.076719,45.448493],[9.076739,45.448516],[9.076751,45.44853],[9.076795,45.448579],[9.076803,45.448587],[9.076844,45.448621],[9.076855,45.448629],[9.076865,45.448638],[9.076874,45.448646],[9.076883,45.448655],[9.076892,45.448664],[9.076917,45.448689],[9.076938,45.448713],[9.076946,45.44872],[9.076954,45.448728],[9.076979,45.448752],[9.076987,45.44876],[9.076994,45.448766],[9.076999,45.448773],[9.077006,45.448781],[9.077012,45.448788],[9.077019,45.448796],[9.077026,45.448804],[9.077033,45.448812],[9.07704,45.448821],[9.077047,45.44883],[9.077056,45.448841],[9.077066,45.448851],[9.077071,45.448857],[9.077077,45.448863],[9.077082,45.448869],[9.077088,45.448876],[9.077093,45.448882],[9.077099,45.448888],[9.077104,45.448894],[9.07711,45.4489],[9.077117,45.448906],[9.077131,45.448919],[9.077138,45.448925],[9.077143,45.44893],[9.077158,45.448945],[9.077163,45.44895],[9.077169,45.448955],[9.077182,45.448969],[9.07719,45.448977],[9.077203,45.448991],[9.077213,45.449002],[9.07723,45.449021],[9.077234,45.449026],[9.077236,45.449029],[9.077242,45.449035],[9.077247,45.449041],[9.077252,45.449045],[9.077256,45.44905],[9.077283,45.449079],[9.077287,45.449084],[9.077294,45.449092],[9.077297,45.449096],[9.077301,45.4491],[9.077306,45.449104],[9.077311,45.449109],[9.077316,45.449114],[9.077321,45.449119],[9.077327,45.449123],[9.077333,45.44913],[9.077335,45.449131],[9.077336,45.449132],[9.077337,45.449134],[9.077338,45.449135],[9.07734,45.449137],[9.077343,45.44914],[9.077345,45.449142],[9.077347,45.449144],[9.077352,45.449149],[9.07736,45.449159],[9.077364,45.449164],[9.077369,45.449168],[9.077375,45.449173],[9.077381,45.449179],[9.077384,45.449182],[9.077417,45.449212],[9.077451,45.449246],[9.07748,45.449266],[9.077505,45.449281],[9.07753,45.449289],[9.077573,45.449296],[9.077626,45.449303],[9.077682,45.44931],[9.077736,45.449314],[9.077783,45.449316],[9.077815,45.449317],[9.077845,45.449311],[9.077868,45.449309],[9.077889,45.449311],[9.0779,45.449317],[9.0779,45.449335],[9.077889,45.449363],[9.077871,45.449397],[9.077853,45.449436],[9.077848,45.449447],[9.077847,45.449447],[9.077847,45.449446],[9.077345,45.449378],[9.076693,45.449356],[9.075474,45.44952],[9.069462,45.44788],[9.068408,45.447526],[9.068141,45.447988],[9.067836,45.448151],[9.067286,45.448884],[9.066525,45.449726],[9.066478,45.449917],[9.066614,45.450054],[9.067425,45.450391],[9.06589,45.452451],[9.066452,45.452634],[9.067058,45.452829],[9.068042,45.453058],[9.069378,45.453423],[9.070298,45.453679],[9.071955,45.454157],[9.072831,45.454556],[9.073186,45.454729],[9.074103,45.45439],[9.074559,45.454053],[9.076058,45.454859],[9.076632,45.455205],[9.076885,45.455943],[9.077363,45.455892],[9.077514,45.457363],[9.076232,45.457264],[9.074486,45.457096],[9.073031,45.456999],[9.072558,45.457004],[9.07252,45.457087],[9.072521,45.457118],[9.072521,45.457121],[9.07252,45.457153],[9.072524,45.457227],[9.072522,45.457263],[9.07252,45.457284],[9.072518,45.457307],[9.072518,45.457313],[9.072517,45.457317],[9.072516,45.457322],[9.072516,45.457327],[9.072515,45.457331],[9.072513,45.457336],[9.072512,45.457342],[9.07251,45.457349],[9.072508,45.457355],[9.072505,45.457361],[9.072503,45.457367],[9.072499,45.457375],[9.072493,45.457384],[9.072481,45.457405],[9.07247,45.457426],[9.072465,45.457443],[9.072462,45.457461],[9.072455,45.457491],[9.072452,45.457503],[9.07245,45.457514],[9.072449,45.457525],[9.072448,45.457537],[9.072448,45.457549],[9.072451,45.457561],[9.072454,45.457573],[9.072459,45.457591],[9.072468,45.457642],[9.07247,45.457693],[9.07246,45.457778],[9.072452,45.457821],[9.072449,45.457839],[9.072447,45.457853],[9.072445,45.457867],[9.072443,45.457881],[9.072442,45.457894],[9.072442,45.457898],[9.072436,45.457932],[9.072433,45.457947],[9.072432,45.457968],[9.072432,45.457977],[9.072433,45.457995],[9.072433,45.458004],[9.072432,45.458014],[9.072429,45.458028],[9.072427,45.458042],[9.072423,45.458056],[9.072419,45.458071],[9.072415,45.458085],[9.072412,45.458094],[9.072408,45.458104],[9.072403,45.458114],[9.072398,45.458123],[9.072393,45.458133],[9.072389,45.458138],[9.072384,45.458143],[9.07238,45.458148],[9.072375,45.458152],[9.072371,45.458156],[9.072365,45.458162],[9.072362,45.458166],[9.072359,45.458169],[9.072355,45.458172],[9.072351,45.458176],[9.072347,45.458179],[9.072306,45.458211],[9.072299,45.458216],[9.072293,45.458221],[9.072281,45.45823],[9.072276,45.458234],[9.072261,45.458246],[9.072256,45.45825],[9.072248,45.458256],[9.072231,45.458268],[9.072217,45.458278],[9.07217,45.458322],[9.072049,45.458446],[9.072042,45.458452],[9.072035,45.458459],[9.072027,45.458466],[9.072019,45.458473],[9.072011,45.458479],[9.072008,45.458481],[9.072006,45.458482],[9.072003,45.458484],[9.072,45.458485],[9.071997,45.458486],[9.071994,45.458487],[9.071991,45.458488],[9.071988,45.458488],[9.071984,45.458489],[9.07198,45.458489],[9.071976,45.45849],[9.071973,45.45849],[9.071969,45.45849],[9.071965,45.45849],[9.071961,45.45849],[9.071907,45.458488],[9.071803,45.45848],[9.07178,45.458479],[9.071776,45.458479],[9.071768,45.458478],[9.071764,45.458478],[9.07176,45.458478],[9.071757,45.458478],[9.071754,45.458478],[9.071751,45.458478],[9.071748,45.458478],[9.071745,45.458479],[9.071741,45.458479],[9.071738,45.45848],[9.071734,45.458481],[9.071731,45.458482],[9.071727,45.458483],[9.071724,45.458485],[9.071721,45.458487],[9.071718,45.458489],[9.071716,45.458491],[9.071714,45.458492],[9.071712,45.458494],[9.071711,45.458495],[9.071709,45.458497],[9.071707,45.458499],[9.071706,45.458501],[9.071704,45.458505],[9.071702,45.458509],[9.0717,45.458513],[9.071698,45.458517],[9.071691,45.458538],[9.071668,45.458622],[9.071668,45.458624],[9.071667,45.458626],[9.071666,45.458628],[9.071665,45.458629],[9.071663,45.458631],[9.071661,45.458633],[9.071659,45.458635],[9.071656,45.458637],[9.071654,45.458639],[9.071651,45.458641],[9.071648,45.458643],[9.071645,45.458644],[9.071642,45.458646],[9.071639,45.458647],[9.071636,45.458648],[9.07163,45.45865],[9.071624,45.458652],[9.071618,45.458653],[9.071612,45.458654],[9.071607,45.458655],[9.071604,45.458656],[9.071601,45.458656],[9.071597,45.458656],[9.071593,45.458655],[9.071588,45.458655],[9.071576,45.458655],[9.07157,45.458655],[9.071565,45.458655],[9.07156,45.458654],[9.071552,45.458654],[9.071544,45.458653],[9.071537,45.458652],[9.07153,45.458651],[9.071523,45.45865],[9.071508,45.458647],[9.071497,45.458644],[9.071493,45.458643],[9.07148,45.45864],[9.071479,45.45864],[9.071463,45.458635],[9.071456,45.458634],[9.071447,45.458632],[9.071441,45.45863],[9.071435,45.458629],[9.071427,45.458628],[9.071421,45.458627],[9.071414,45.458626],[9.071409,45.458625],[9.071408,45.458625],[9.071387,45.458622],[9.071382,45.45862],[9.071366,45.458617],[9.071359,45.458615],[9.071345,45.458611],[9.071298,45.458601],[9.071236,45.458596],[9.071058,45.45859],[9.071008,45.458589],[9.070943,45.458584],[9.070903,45.458584],[9.070871,45.458585],[9.070807,45.458595],[9.070789,45.458598],[9.070772,45.458601],[9.070763,45.458603],[9.070752,45.458605],[9.070741,45.458606],[9.070729,45.458608],[9.070715,45.45861],[9.070703,45.458611],[9.070691,45.458613],[9.070672,45.458616],[9.070648,45.45862],[9.070622,45.458624],[9.070601,45.458628],[9.070589,45.458629],[9.070551,45.458634],[9.07052,45.458637],[9.070502,45.45864],[9.070481,45.458645],[9.07045,45.458653],[9.070376,45.458676],[9.070316,45.458697],[9.070283,45.458713],[9.070262,45.458725],[9.070211,45.458754],[9.070188,45.45877],[9.070174,45.458781],[9.07016,45.458794],[9.070085,45.458854],[9.070042,45.458891],[9.070014,45.458915],[9.069888,45.459073],[9.069828,45.459152],[9.06981,45.459179],[9.069793,45.459206],[9.069775,45.459235],[9.069761,45.459261],[9.069747,45.459298],[9.069737,45.45933],[9.069734,45.459358],[9.069732,45.459378],[9.069732,45.45939],[9.069734,45.459405],[9.069736,45.459416],[9.069736,45.459425],[9.069733,45.459468],[9.06973,45.45953],[9.069733,45.459594],[9.069731,45.459603],[9.069732,45.459636],[9.069732,45.459679],[9.069704,45.459739],[9.069683,45.459786],[9.069686,45.459844],[9.069722,45.459922],[9.069796,45.46002],[9.069833,45.460072],[9.069834,45.460142],[9.069807,45.460252],[9.069782,45.460331],[9.06977,45.460433],[9.069767,45.460471],[9.069763,45.460509],[9.069765,45.460546],[9.069765,45.460547],[9.069766,45.460568],[9.069767,45.460583],[9.069767,45.460595],[9.069768,45.460606],[9.069768,45.460619],[9.069766,45.460637],[9.069761,45.460655],[9.069755,45.460672],[9.069744,45.460701],[9.069736,45.460712],[9.069725,45.460727],[9.069711,45.460744],[9.069698,45.460761],[9.069692,45.46077],[9.069686,45.460778],[9.06968,45.460792],[9.069676,45.460801],[9.069674,45.460817],[9.069671,45.460845],[9.069681,45.460922],[9.069686,45.460962],[9.069688,45.460979],[9.069686,45.46099],[9.06968,45.460997],[9.069672,45.461004],[9.069662,45.461013],[9.069653,45.461023],[9.069637,45.461036],[9.069634,45.46104],[9.069617,45.461056],[9.069596,45.461076],[9.069577,45.461091],[9.069568,45.461098],[9.069562,45.461104],[9.069534,45.461124],[9.069451,45.461176],[9.069438,45.461185],[9.069422,45.461194],[9.069396,45.461211],[9.069378,45.461224],[9.069364,45.461233],[9.069347,45.461244],[9.069327,45.461258],[9.069311,45.461269],[9.069304,45.461274],[9.069279,45.461285],[9.069262,45.461293],[9.069252,45.461297],[9.069235,45.461303],[9.069192,45.461314],[9.069165,45.461318],[9.069139,45.461323],[9.069122,45.461326],[9.069106,45.461329],[9.069084,45.461333],[9.069066,45.461336],[9.06893,45.461356],[9.06883,45.461376],[9.068773,45.461416],[9.068708,45.461468],[9.068676,45.461494],[9.068614,45.461543],[9.068594,45.461561],[9.068557,45.461586],[9.068551,45.46159],[9.068544,45.461593],[9.068531,45.4616],[9.068517,45.461608],[9.068509,45.461612],[9.068501,45.461616],[9.068493,45.461619],[9.068472,45.461628],[9.068451,45.461636],[9.068347,45.461676],[9.068327,45.461684],[9.068308,45.461692],[9.068249,45.461715],[9.068187,45.461742],[9.068172,45.461747],[9.068157,45.461753],[9.068148,45.461757],[9.068139,45.461762],[9.06813,45.461767],[9.068098,45.461784],[9.068072,45.461799],[9.068039,45.461814],[9.068016,45.461825],[9.067994,45.461836],[9.067968,45.461845],[9.067946,45.461852],[9.067904,45.461862],[9.067892,45.461866],[9.067879,45.461869],[9.067866,45.461872],[9.067854,45.461875],[9.067841,45.461877],[9.067802,45.461885],[9.067782,45.461889],[9.067763,45.461893],[9.067743,45.461896],[9.067731,45.461898],[9.067718,45.461899],[9.067706,45.4619],[9.067676,45.461903],[9.06767,45.461904],[9.067664,45.461904],[9.067659,45.461904],[9.067653,45.461905],[9.067649,45.461905],[9.067645,45.461905],[9.067641,45.461905],[9.067637,45.461905],[9.067632,45.461905],[9.067627,45.461905],[9.067621,45.461904],[9.067615,45.461904],[9.06761,45.461903],[9.067604,45.461902],[9.06759,45.4619],[9.067576,45.461898],[9.067563,45.461895],[9.067535,45.46189],[9.067526,45.461888],[9.067511,45.461885],[9.067485,45.46188],[9.067478,45.461878],[9.067474,45.461878],[9.067473,45.461878],[9.067471,45.461877],[9.067468,45.461877],[9.067465,45.461876],[9.06746,45.461876],[9.067456,45.461877],[9.067452,45.461878],[9.06745,45.461879],[9.067448,45.461879],[9.067447,45.46188],[9.067445,45.46188],[9.067443,45.461881],[9.06744,45.461882],[9.067437,45.461883],[9.067433,45.461886],[9.067429,45.461888],[9.067426,45.461891],[9.067422,45.461893],[9.067419,45.461896],[9.067404,45.461908],[9.067396,45.461914],[9.067389,45.461921],[9.067381,45.461927],[9.067378,45.461931],[9.067376,45.461934],[9.067372,45.461937],[9.067367,45.461945],[9.06735,45.461969],[9.067344,45.461977],[9.067334,45.461989],[9.067325,45.461998],[9.067319,45.462003],[9.067303,45.462023],[9.067292,45.462039],[9.067287,45.462049],[9.067283,45.462057],[9.067282,45.462067],[9.067286,45.462078],[9.067344,45.462186],[9.067371,45.462246],[9.067375,45.462266],[9.067374,45.462281],[9.067365,45.462308],[9.067352,45.462347],[9.067335,45.462371],[9.067243,45.462456],[9.067176,45.462518],[9.06715,45.462544],[9.067149,45.462563],[9.06715,45.462582],[9.067194,45.462667],[9.067216,45.462711],[9.067228,45.462744],[9.067228,45.462771],[9.067215,45.462801],[9.067207,45.462814],[9.067176,45.462838],[9.067131,45.462852],[9.067106,45.462858],[9.06706,45.462864],[9.067009,45.462868],[9.066953,45.462874],[9.066905,45.462886],[9.066865,45.462896],[9.066835,45.462911],[9.066803,45.462931],[9.066782,45.46295],[9.066732,45.462992],[9.066723,45.462999],[9.066698,45.463043],[9.066674,45.463094],[9.066644,45.463158],[9.06658,45.463276],[9.066561,45.463327],[9.06652,45.463435],[9.066507,45.463496],[9.06649,45.463627],[9.066475,45.463747],[9.06627,45.463714],[9.066223,45.4637],[9.066138,45.463677],[9.065914,45.463634],[9.065766,45.463604],[9.065367,45.463526],[9.065283,45.46351],[9.065065,45.463467],[9.064791,45.463411],[9.063948,45.463247],[9.063308,45.463128],[9.062971,45.463062],[9.062545,45.462979],[9.062347,45.462934],[9.061984,45.462864],[9.061731,45.462822],[9.061676,45.462812],[9.061559,45.462792],[9.061556,45.462792],[9.061471,45.462788],[9.061265,45.462779],[9.061,45.462766],[9.060494,45.462749],[9.060386,45.462746],[9.060311,45.462745],[9.060044,45.462737],[9.059257,45.462718],[9.059061,45.462715],[9.05872,45.462709],[9.058684,45.46271],[9.05803,45.462738],[9.058009,45.462736],[9.057988,45.462728],[9.057979,45.462721],[9.057967,45.462709],[9.057973,45.462697],[9.058027,45.462641],[9.058156,45.462506],[9.05827,45.462396],[9.058357,45.462301],[9.058369,45.462291],[9.058542,45.462154],[9.058431,45.462167],[9.058359,45.462154],[9.058054,45.462091],[9.057631,45.461978],[9.057529,45.461941],[9.057346,45.461897],[9.057154,45.461842],[9.056787,45.461716],[9.05661,45.461668],[9.056581,45.461694],[9.056515,45.461673],[9.056386,45.461631],[9.05629,45.461604],[9.056183,45.461564],[9.056084,45.461523],[9.056079,45.461521],[9.056011,45.461493],[9.05595,45.461467],[9.055893,45.461457],[9.055808,45.461446],[9.055711,45.461445],[9.055632,45.461445],[9.05557,45.461442],[9.055504,45.461425],[9.055408,45.46139],[9.055306,45.461355],[9.055258,45.461335],[9.055218,45.461324],[9.055165,45.461323],[9.055068,45.461328],[9.054996,45.461327],[9.054925,45.461327],[9.054857,45.461322],[9.054798,45.461332],[9.054733,45.461432],[9.054689,45.461524],[9.054671,45.461556],[9.054542,45.461526],[9.054533,45.461523],[9.054346,45.461472],[9.054061,45.461409],[9.05392,45.461384],[9.053743,45.461344],[9.053729,45.46134],[9.053719,45.461337],[9.053656,45.461314],[9.053635,45.46134],[9.053626,45.461345],[9.053611,45.46135],[9.05359,45.461355],[9.053572,45.461358],[9.053552,45.461364],[9.053533,45.461372],[9.053479,45.4614],[9.053428,45.461421],[9.05333,45.46147],[9.053281,45.461495],[9.05323,45.461519],[9.053111,45.461593],[9.05299,45.46167],[9.052953,45.461692],[9.052935,45.461702],[9.052916,45.461713],[9.052897,45.461723],[9.052878,45.461734],[9.052859,45.461744],[9.05284,45.461753],[9.052819,45.461763],[9.052799,45.461774],[9.05278,45.461783],[9.052739,45.461802],[9.052639,45.461845],[9.052612,45.461858],[9.052576,45.461875],[9.052568,45.461878],[9.05256,45.461882],[9.052553,45.461886],[9.052548,45.461888],[9.052544,45.461891],[9.05254,45.461893],[9.052536,45.461896],[9.052532,45.461899],[9.052527,45.461903],[9.052522,45.461906],[9.052513,45.461914],[9.052508,45.461918],[9.052503,45.461922],[9.05248,45.461938],[9.052475,45.461942],[9.052465,45.461951],[9.05246,45.461955],[9.052454,45.461958],[9.052451,45.461961],[9.052448,45.461963],[9.052445,45.461965],[9.052435,45.461971],[9.052421,45.46198],[9.052414,45.461985],[9.052408,45.461988],[9.052405,45.461989],[9.052388,45.461995],[9.052385,45.461996],[9.052383,45.461997],[9.052381,45.461998],[9.052379,45.461998],[9.052376,45.461999],[9.052373,45.462],[9.05237,45.462],[9.052367,45.462001],[9.052365,45.462001],[9.052356,45.462002],[9.052331,45.462002],[9.052309,45.462],[9.052284,45.461994],[9.052261,45.46199],[9.05222,45.461985],[9.052069,45.461967],[9.051945,45.461948],[9.051861,45.461929],[9.051824,45.461919],[9.051772,45.461902],[9.051719,45.461885],[9.051668,45.461874],[9.051616,45.461865],[9.051602,45.461864],[9.051593,45.461863],[9.051588,45.461864],[9.05158,45.461866],[9.051573,45.461872],[9.051528,45.461927],[9.051428,45.462052],[9.051295,45.46222],[9.051261,45.462265],[9.0512,45.462343],[9.051196,45.462348],[9.05117,45.462377],[9.051135,45.462417],[9.051008,45.462585],[9.050905,45.462712],[9.050776,45.462874],[9.050704,45.46297],[9.050677,45.463004],[9.05057,45.463137],[9.050494,45.463233],[9.050398,45.463354],[9.050394,45.463363],[9.050325,45.463449],[9.050238,45.463558],[9.050142,45.463679],[9.050025,45.463829],[9.049933,45.463947],[9.049871,45.464033],[9.049851,45.464056],[9.049839,45.464063],[9.049826,45.464065],[9.049804,45.464067],[9.049787,45.464065],[9.049783,45.464065],[9.049764,45.46406],[9.04974,45.464048],[9.049715,45.464036],[9.049623,45.463997],[9.049482,45.463933],[9.049341,45.46387],[9.0492,45.463815],[9.04908,45.463764],[9.049011,45.463735],[9.0489,45.463689],[9.048814,45.463649],[9.048728,45.463614],[9.048666,45.463588],[9.048559,45.46354],[9.048457,45.463498],[9.048296,45.46343],[9.048225,45.463398],[9.048214,45.463394],[9.048202,45.463388],[9.048187,45.463382],[9.047973,45.463279],[9.04787,45.463224],[9.047817,45.463196],[9.047733,45.463152],[9.047489,45.463036],[9.047319,45.462964],[9.047102,45.462863],[9.046924,45.462773],[9.046878,45.462755],[9.046874,45.462762]]]}},{"type":"Feature","properties":{"id_nil":37,"nome":"Morivione","nome_orig":"MORIVIONE","area_kmq":0.818,"perimetro_km":3.77,"lon_centro":9.19375,"lat_centro":45.44054,"n_annunci":131,"mediana_eur_mq":5194,"p25_eur_mq":4447,"p75_eur_mq":5815,"prezzo_mediano_eur":375000,"superficie_mediana_mq":80,"fonte_confini":"Comune di Milano - NIL vigenti PGT 2030 (CC BY)","fonte_prezzi":"Immobiliare.it, estrazione 2026-08-26"},"geometry":{"type":"Polygon","coordinates":[[[9.2006,45.436078],[9.200495,45.436718],[9.200435,45.437041],[9.20033,45.437643],[9.200085,45.438819],[9.200068,45.438894],[9.199828,45.44009],[9.19966,45.440933],[9.199417,45.441518],[9.198896,45.443388],[9.198361,45.445264],[9.194658,45.445176],[9.192413,45.445119],[9.190679,45.445081],[9.18958,45.445016],[9.18866,45.444914],[9.187727,45.444741],[9.187816,45.442545],[9.187806,45.44188],[9.18776,45.440146],[9.187775,45.439663],[9.187774,45.439204],[9.18775,45.437321],[9.189407,45.437286],[9.19061,45.437258],[9.194077,45.437198],[9.195979,45.437211],[9.197239,45.437198],[9.197717,45.437196],[9.198145,45.437346],[9.198365,45.436948],[9.198571,45.43684],[9.198906,45.43656],[9.199539,45.436177],[9.199874,45.436074],[9.200256,45.436057],[9.2006,45.436078]]]}},{"type":"Feature","properties":{"id_nil":38,"nome":"Vigentino - Q.Re Fatima","nome_orig":"VIGENTINO - Q.RE FATIMA","area_kmq":1.853,"perimetro_km":6.48,"lon_centro":9.20314,"lat_centro":45.42852,"n_annunci":263,"mediana_eur_mq":4364,"p25_eur_mq":3852,"p75_eur_mq":4894,"prezzo_mediano_eur":315000,"superficie_mediana_mq":70,"fonte_confini":"Comune di Milano - NIL vigenti PGT 2030 (CC BY)","fonte_prezzi":"Immobiliare.it, estrazione 2026-08-26"},"geometry":{"type":"Polygon","coordinates":[[[9.2006,45.436078],[9.200256,45.436057],[9.199874,45.436074],[9.199539,45.436177],[9.198906,45.43656],[9.198571,45.43684],[9.198365,45.436948],[9.198145,45.437346],[9.197717,45.437196],[9.197239,45.437198],[9.195979,45.437211],[9.194077,45.437198],[9.19061,45.437258],[9.189407,45.437286],[9.189941,45.436984],[9.190489,45.436488],[9.191219,45.435702],[9.191524,45.435293],[9.192572,45.433613],[9.193134,45.432752],[9.193991,45.431517],[9.194791,45.430348],[9.195123,45.429792],[9.195992,45.427916],[9.196503,45.426701],[9.197737,45.423824],[9.198485,45.422899],[9.199098,45.422431],[9.202076,45.421004],[9.203754,45.420235],[9.204733,45.419353],[9.205704,45.419567],[9.205992,45.419638],[9.205158,45.422026],[9.206561,45.4233],[9.206868,45.423308],[9.206923,45.423141],[9.207434,45.423239],[9.20761,45.42295],[9.210122,45.423472],[9.209442,45.424733],[9.210945,45.424938],[9.212076,45.425043],[9.212434,45.425236],[9.211454,45.426422],[9.210993,45.42714],[9.210391,45.429121],[9.209542,45.431221],[9.20897,45.431482],[9.20881,45.431664],[9.208562,45.432092],[9.208253,45.432589],[9.208044,45.432846],[9.207699,45.433067],[9.207752,45.433123],[9.206951,45.433388],[9.206798,45.433543],[9.206264,45.433697],[9.20604,45.4366],[9.20429,45.436421],[9.2006,45.436078]]]}},{"type":"Feature","properties":{"id_nil":15,"nome":"Bicocca","nome_orig":"BICOCCA","area_kmq":1.529,"perimetro_km":6.36,"lon_centro":9.21326,"lat_centro":45.51919,"n_annunci":58,"mediana_eur_mq":4713,"p25_eur_mq":4099,"p75_eur_mq":5149,"prezzo_mediano_eur":329500,"superficie_mediana_mq":70,"fonte_confini":"Comune di Milano - NIL vigenti PGT 2030 (CC BY)","fonte_prezzi":"Immobiliare.it, estrazione 2026-08-26"},"geometry":{"type":"Polygon","coordinates":[[[9.222594,45.523609],[9.22253,45.523629],[9.222489,45.523641],[9.222459,45.52365],[9.222449,45.523652],[9.222418,45.523659],[9.222331,45.523679],[9.222222,45.523702],[9.222193,45.523709],[9.222074,45.523655],[9.222066,45.523651],[9.221983,45.523613],[9.221887,45.523577],[9.221785,45.523539],[9.221693,45.523502],[9.221653,45.523487],[9.221594,45.523465],[9.221511,45.523463],[9.221375,45.523458],[9.221212,45.523453],[9.221107,45.523448],[9.221065,45.523446],[9.220993,45.523444],[9.220887,45.523441],[9.220792,45.523437],[9.22078,45.523437],[9.220751,45.523436],[9.220646,45.523433],[9.220538,45.523428],[9.220423,45.523425],[9.220269,45.523419],[9.220251,45.523419],[9.220238,45.523419],[9.220229,45.523417],[9.220143,45.523415],[9.220099,45.523414],[9.220091,45.52344],[9.220075,45.523487],[9.220015,45.523731],[9.219949,45.523998],[9.219915,45.524257],[9.219891,45.524396],[9.219834,45.524656],[9.219752,45.525035],[9.219697,45.525029],[9.219496,45.525004],[9.219475,45.52518],[9.219473,45.525194],[9.219418,45.525481],[9.219416,45.525494],[9.21941,45.525526],[9.219415,45.525613],[9.219505,45.525751],[9.219551,45.525821],[9.219605,45.5259],[9.21967,45.525996],[9.219729,45.52609],[9.219773,45.526154],[9.219802,45.526245],[9.21979,45.526355],[9.219789,45.526359],[9.219767,45.526517],[9.21974,45.526767],[9.219671,45.526795],[9.21912,45.526799],[9.217617,45.526786],[9.216384,45.526777],[9.21611,45.52678],[9.216192,45.527257],[9.216204,45.527319],[9.216237,45.527484],[9.216275,45.52767],[9.216308,45.527837],[9.216338,45.527984],[9.216378,45.528189],[9.216391,45.528251],[9.216436,45.528394],[9.216443,45.528418],[9.216445,45.528425],[9.216535,45.52873],[9.216595,45.528975],[9.216642,45.529171],[9.216668,45.529297],[9.216676,45.529348],[9.216692,45.529438],[9.216696,45.529466],[9.216701,45.529483],[9.216741,45.529663],[9.216452,45.529647],[9.216153,45.529631],[9.215981,45.52962],[9.215632,45.529602],[9.215619,45.529601],[9.215299,45.529584],[9.215298,45.529584],[9.215212,45.529577],[9.214855,45.529559],[9.214436,45.529533],[9.21413,45.529517],[9.213834,45.529501],[9.21382,45.529501],[9.213748,45.529497],[9.212326,45.527003],[9.211991,45.526399],[9.210288,45.523408],[9.209787,45.52242],[9.20914,45.521343],[9.208588,45.520348],[9.207507,45.518534],[9.20749,45.518509],[9.206849,45.517397],[9.206287,45.516405],[9.205629,45.515214],[9.205056,45.514157],[9.204075,45.512402],[9.203376,45.511221],[9.204684,45.510845],[9.205825,45.51053],[9.206098,45.511011],[9.207124,45.510731],[9.208369,45.510391],[9.210272,45.509876],[9.209719,45.50888],[9.209895,45.508997],[9.210489,45.509324],[9.211989,45.509671],[9.212199,45.509709],[9.213988,45.512253],[9.214828,45.513425],[9.214579,45.513503],[9.215579,45.514835],[9.216319,45.516029],[9.216628,45.516534],[9.217189,45.517405],[9.219138,45.519838],[9.222201,45.523197],[9.222594,45.523609]]]}},{"type":"Feature","properties":{"id_nil":29,"nome":"Ortomercato","nome_orig":"ORTOMERCATO","area_kmq":1.402,"perimetro_km":4.85,"lon_centro":9.23059,"lat_centro":45.4533,"n_annunci":74,"mediana_eur_mq":4700,"p25_eur_mq":3986,"p75_eur_mq":5527,"prezzo_mediano_eur":255000,"superficie_mediana_mq":55,"fonte_confini":"Comune di Milano - NIL vigenti PGT 2030 (CC BY)","fonte_prezzi":"Immobiliare.it, estrazione 2026-08-26"},"geometry":{"type":"Polygon","coordinates":[[[9.237471,45.457819],[9.237066,45.457835],[9.236908,45.458082],[9.236313,45.458724],[9.235548,45.459239],[9.2347,45.45956],[9.233517,45.459702],[9.231952,45.459712],[9.230257,45.459709],[9.226158,45.459679],[9.223923,45.45969],[9.223918,45.459344],[9.223917,45.458615],[9.223939,45.457545],[9.223947,45.45637],[9.223949,45.456185],[9.223956,45.455375],[9.223959,45.454677],[9.223964,45.454426],[9.223988,45.453616],[9.224002,45.452992],[9.224048,45.452131],[9.224073,45.451343],[9.224072,45.451135],[9.224068,45.450631],[9.224103,45.448062],[9.224107,45.447869],[9.224118,45.446372],[9.226316,45.446464],[9.226983,45.446496],[9.227686,45.446523],[9.228639,45.446564],[9.229377,45.446602],[9.229405,45.447269],[9.22941,45.448049],[9.230166,45.447525],[9.230918,45.447171],[9.231933,45.446877],[9.232261,45.446768],[9.232694,45.446887],[9.233244,45.447064],[9.233704,45.447253],[9.234282,45.447525],[9.235023,45.448056],[9.235357,45.448315],[9.235792,45.44872],[9.236254,45.449417],[9.236836,45.450868],[9.237049,45.452294],[9.237263,45.453816],[9.23731,45.454272],[9.237389,45.455877],[9.2374,45.456272],[9.237471,45.457819]]]}},{"type":"Feature","properties":{"id_nil":35,"nome":"Lodi - Corvetto","nome_orig":"LODI - CORVETTO","area_kmq":3.639,"perimetro_km":9.08,"lon_centro":9.22874,"lat_centro":45.43481,"n_annunci":460,"mediana_eur_mq":4324,"p25_eur_mq":3418,"p75_eur_mq":5125,"prezzo_mediano_eur":299000,"superficie_mediana_mq":76,"fonte_confini":"Comune di Milano - NIL vigenti PGT 2030 (CC BY)","fonte_prezzi":"Immobiliare.it, estrazione 2026-08-26"},"geometry":{"type":"Polygon","coordinates":[[[9.234798,45.445884],[9.234804,45.446242],[9.234882,45.446619],[9.234996,45.447069],[9.235215,45.447554],[9.235442,45.448004],[9.235646,45.448422],[9.235792,45.44872],[9.235357,45.448315],[9.235023,45.448056],[9.234282,45.447525],[9.233704,45.447253],[9.233244,45.447064],[9.232694,45.446887],[9.232261,45.446768],[9.231933,45.446877],[9.230918,45.447171],[9.230166,45.447525],[9.22941,45.448049],[9.229405,45.447269],[9.229377,45.446602],[9.228639,45.446564],[9.227686,45.446523],[9.226983,45.446496],[9.226316,45.446464],[9.224118,45.446372],[9.221582,45.446256],[9.220731,45.44623],[9.219891,45.446189],[9.216383,45.446044],[9.214662,45.445971],[9.213253,45.44593],[9.213253,45.445772],[9.212673,45.445792],[9.211555,45.444882],[9.211874,45.444251],[9.212298,45.443388],[9.212506,45.443028],[9.21272,45.442606],[9.213113,45.441845],[9.213405,45.441418],[9.213788,45.440916],[9.214133,45.440445],[9.214466,45.439979],[9.214671,45.43973],[9.215129,45.439083],[9.215225,45.438968],[9.215614,45.43849],[9.216851,45.436858],[9.217207,45.43696],[9.21757,45.43613],[9.217758,45.435722],[9.218359,45.435195],[9.219225,45.434433],[9.220145,45.4337],[9.221164,45.43297],[9.22202,45.432423],[9.222976,45.43197],[9.223599,45.431751],[9.224126,45.431695],[9.226109,45.430322],[9.226509,45.429801],[9.227429,45.428937],[9.227874,45.428504],[9.228188,45.428157],[9.228464,45.427773],[9.228857,45.427405],[9.230487,45.426039],[9.2308,45.425753],[9.231812,45.424918],[9.232462,45.424381],[9.233095,45.423906],[9.234633,45.42261],[9.238937,45.420146],[9.239511,45.422481],[9.240226,45.425448],[9.240469,45.427001],[9.240447,45.428461],[9.240233,45.429629],[9.239984,45.4307],[9.239888,45.431248],[9.239805,45.431623],[9.239343,45.432984],[9.238546,45.435225],[9.238288,45.43598],[9.237458,45.437891],[9.236771,45.439421],[9.235845,45.441972],[9.235275,45.443571],[9.235007,45.444139],[9.234973,45.444644],[9.234845,45.445234],[9.234797,45.445694],[9.234798,45.445884]]]}},{"type":"Feature","properties":{"id_nil":54,"nome":"Muggiano","nome_orig":"MUGGIANO","area_kmq":0.444,"perimetro_km":3.07,"lon_centro":9.07133,"lat_centro":45.4515,"n_annunci":18,"mediana_eur_mq":3178,"p25_eur_mq":2800,"p75_eur_mq":3484,"prezzo_mediano_eur":256500,"superficie_mediana_mq":74,"fonte_confini":"Comune di Milano - NIL vigenti PGT 2030 (CC BY)","fonte_prezzi":"Immobiliare.it, estrazione 2026-08-26"},"geometry":{"type":"Polygon","coordinates":[[[9.077363,45.455892],[9.076885,45.455943],[9.076632,45.455205],[9.076058,45.454859],[9.074559,45.454053],[9.074103,45.45439],[9.073186,45.454729],[9.072831,45.454556],[9.071955,45.454157],[9.070298,45.453679],[9.069378,45.453423],[9.068042,45.453058],[9.067058,45.452829],[9.066452,45.452634],[9.06589,45.452451],[9.067425,45.450391],[9.066614,45.450054],[9.066478,45.449917],[9.066525,45.449726],[9.067286,45.448884],[9.067836,45.448151],[9.068141,45.447988],[9.068408,45.447526],[9.069462,45.44788],[9.075474,45.44952],[9.075768,45.450545],[9.076713,45.453645],[9.077363,45.455892]]]}},{"type":"Feature","properties":{"id_nil":44,"nome":"Porta Ticinese - Conchetta","nome_orig":"PORTA TICINESE - CONCHETTA","area_kmq":1.484,"perimetro_km":5.97,"lon_centro":9.1709,"lat_centro":45.45018,"n_annunci":343,"mediana_eur_mq":6286,"p25_eur_mq":5292,"p75_eur_mq":7230,"prezzo_mediano_eur":450000,"superficie_mediana_mq":80,"fonte_confini":"Comune di Milano - NIL vigenti PGT 2030 (CC BY)","fonte_prezzi":"Immobiliare.it, estrazione 2026-08-26"},"geometry":{"type":"Polygon","coordinates":[[[9.17348,45.455828],[9.172728,45.456308],[9.171727,45.455579],[9.171337,45.455859],[9.170625,45.456335],[9.169428,45.4571],[9.168745,45.45755],[9.168401,45.457153],[9.168536,45.45703],[9.168663,45.456789],[9.169086,45.456296],[9.169328,45.455885],[9.169554,45.455176],[9.169593,45.454844],[9.169587,45.454489],[9.169558,45.454118],[9.169496,45.453824],[9.169102,45.452687],[9.168833,45.452132],[9.168195,45.451497],[9.167543,45.451024],[9.166462,45.450557],[9.165956,45.450428],[9.165435,45.450316],[9.162926,45.450036],[9.16153,45.449847],[9.156187,45.448761],[9.154923,45.448543],[9.154975,45.448063],[9.155737,45.447927],[9.156128,45.447831],[9.15639,45.447755],[9.156864,45.447594],[9.157355,45.447373],[9.158145,45.446881],[9.158581,45.446523],[9.159043,45.446035],[9.159327,45.445717],[9.159814,45.44527],[9.160603,45.444705],[9.161653,45.444165],[9.162639,45.443815],[9.163724,45.443548],[9.164359,45.443438],[9.164855,45.443404],[9.165794,45.443354],[9.167569,45.443261],[9.167761,45.443254],[9.172669,45.443008],[9.173871,45.442957],[9.175871,45.442868],[9.17605,45.44366],[9.176112,45.44386],[9.176506,45.445449],[9.176531,45.445572],[9.176901,45.447152],[9.176981,45.447481],[9.177038,45.447776],[9.177319,45.448905],[9.177556,45.449928],[9.177858,45.451242],[9.177902,45.451442],[9.177952,45.451631],[9.178103,45.452271],[9.178935,45.452363],[9.178677,45.453005],[9.178439,45.452985],[9.177295,45.452931],[9.176648,45.453444],[9.17587,45.45413],[9.175456,45.454415],[9.174871,45.454847],[9.174477,45.455128],[9.174167,45.455352],[9.17348,45.455828]]]}},{"type":"Feature","properties":{"id_nil":28,"nome":"Umbria - Molise - Calvairate","nome_orig":"UMBRIA - MOLISE - CALVAIRATE","area_kmq":1.192,"perimetro_km":4.91,"lon_centro":9.21942,"lat_centro":45.4532,"n_annunci":204,"mediana_eur_mq":5572,"p25_eur_mq":4898,"p75_eur_mq":6182,"prezzo_mediano_eur":389500,"superficie_mediana_mq":70,"fonte_confini":"Comune di Milano - NIL vigenti PGT 2030 (CC BY)","fonte_prezzi":"Immobiliare.it, estrazione 2026-08-26"},"geometry":{"type":"Polygon","coordinates":[[[9.223923,45.45969],[9.223909,45.460675],[9.221946,45.460608],[9.220235,45.460594],[9.218091,45.460555],[9.217403,45.460553],[9.217386,45.458592],[9.217353,45.458246],[9.217262,45.457744],[9.217069,45.456931],[9.216627,45.455802],[9.216588,45.455725],[9.216361,45.455303],[9.216096,45.45482],[9.216228,45.454774],[9.215714,45.454051],[9.215593,45.454102],[9.215435,45.453892],[9.214944,45.453329],[9.21475,45.453069],[9.214386,45.452642],[9.21381,45.451979],[9.213404,45.45144],[9.212775,45.450664],[9.211904,45.449562],[9.211526,45.449117],[9.211406,45.448962],[9.210389,45.447798],[9.210024,45.447388],[9.210177,45.447306],[9.210667,45.447036],[9.211734,45.446387],[9.212508,45.445899],[9.212673,45.445792],[9.213253,45.445772],[9.213253,45.44593],[9.214662,45.445971],[9.216383,45.446044],[9.219891,45.446189],[9.220731,45.44623],[9.221582,45.446256],[9.224118,45.446372],[9.224107,45.447869],[9.224103,45.448062],[9.224068,45.450631],[9.224072,45.451135],[9.224073,45.451343],[9.224048,45.452131],[9.224002,45.452992],[9.223988,45.453616],[9.223964,45.454426],[9.223959,45.454677],[9.223956,45.455375],[9.223949,45.456185],[9.223947,45.45637],[9.223939,45.457545],[9.223917,45.458615],[9.223918,45.459344],[9.223923,45.45969]]]}},{"type":"Feature","properties":{"id_nil":74,"nome":"Roserio","nome_orig":"ROSERIO","area_kmq":0.708,"perimetro_km":6.79,"lon_centro":9.1239,"lat_centro":45.52036,"n_annunci":4,"mediana_eur_mq":null,"p25_eur_mq":null,"p75_eur_mq":null,"prezzo_mediano_eur":null,"superficie_mediana_mq":null,"fonte_confini":"Comune di Milano - NIL vigenti PGT 2030 (CC BY)","fonte_prezzi":"Immobiliare.it, estrazione 2026-08-26"},"geometry":{"type":"Polygon","coordinates":[[[9.130057,45.522943],[9.130035,45.522985],[9.130031,45.522994],[9.130021,45.523011],[9.130012,45.523027],[9.130003,45.523044],[9.129994,45.523061],[9.129985,45.523078],[9.129977,45.523095],[9.129968,45.523112],[9.129961,45.523129],[9.129955,45.523147],[9.12995,45.523165],[9.129946,45.523183],[9.129941,45.5232],[9.129936,45.523218],[9.129931,45.523236],[9.129926,45.523261],[9.129924,45.523279],[9.129923,45.523297],[9.129925,45.523315],[9.129929,45.523333],[9.129933,45.523351],[9.129938,45.523369],[9.129944,45.523387],[9.129949,45.523404],[9.129954,45.523422],[9.129958,45.52344],[9.129961,45.52346],[9.129964,45.523478],[9.129966,45.523496],[9.129967,45.523514],[9.129967,45.523532],[9.129966,45.52355],[9.129965,45.523568],[9.129964,45.523586],[9.129962,45.523604],[9.129961,45.523622],[9.129959,45.52364],[9.129957,45.523658],[9.129955,45.523676],[9.129953,45.523694],[9.129951,45.523712],[9.129947,45.523737],[9.129944,45.523755],[9.129932,45.52378],[9.129929,45.523789],[9.129921,45.523806],[9.129914,45.523823],[9.129907,45.52384],[9.129877,45.523899],[9.129867,45.523916],[9.129857,45.523932],[9.129847,45.523949],[9.129837,45.523966],[9.129826,45.523982],[9.129814,45.523998],[9.129796,45.524021],[9.129782,45.524036],[9.129769,45.524052],[9.129757,45.524068],[9.129743,45.524083],[9.12973,45.524098],[9.129718,45.524114],[9.129705,45.52413],[9.129692,45.524145],[9.129679,45.524161],[9.129667,45.524176],[9.129661,45.524184],[9.129649,45.5242],[9.129636,45.524216],[9.129623,45.524231],[9.129609,45.524247],[9.129596,45.524262],[9.129581,45.524277],[9.129567,45.524292],[9.129548,45.524311],[9.129532,45.524326],[9.129517,45.52434],[9.1295,45.524354],[9.129483,45.524368],[9.129458,45.524388],[9.12944,45.524401],[9.129422,45.524414],[9.129405,45.524427],[9.129387,45.52444],[9.129369,45.524453],[9.12935,45.524465],[9.12933,45.524477],[9.129311,45.524489],[9.129292,45.524501],[9.129272,45.524512],[9.129253,45.524524],[9.129233,45.524536],[9.129214,45.524548],[9.129194,45.524559],[9.129174,45.524571],[9.129155,45.524583],[9.129135,45.524594],[9.129116,45.524606],[9.129095,45.524619],[9.129076,45.524631],[9.129057,45.524643],[9.129039,45.524656],[9.129021,45.524669],[9.129004,45.524683],[9.128987,45.524696],[9.12897,45.524709],[9.128952,45.524722],[9.128934,45.524735],[9.128917,45.524749],[9.128899,45.524761],[9.128882,45.524775],[9.128865,45.524788],[9.128848,45.524802],[9.128831,45.524815],[9.128815,45.524829],[9.1288,45.524845],[9.128786,45.52486],[9.128772,45.524875],[9.128759,45.524891],[9.128745,45.524906],[9.128732,45.524922],[9.12872,45.524938],[9.128707,45.524954],[9.128695,45.52497],[9.12867,45.525009],[9.128623,45.525],[9.128587,45.524985],[9.128519,45.524956],[9.128314,45.524869],[9.128453,45.524079],[9.128843,45.523537],[9.128951,45.522914],[9.128884,45.522913],[9.128438,45.522902],[9.128163,45.522894],[9.127932,45.522891],[9.127827,45.52289],[9.127739,45.522888],[9.127656,45.522884],[9.127463,45.522882],[9.127408,45.522882],[9.127212,45.522874],[9.126984,45.52287],[9.126863,45.522869],[9.126784,45.522865],[9.126523,45.522857],[9.126284,45.522848],[9.126231,45.522842],[9.126023,45.522835],[9.125619,45.522821],[9.125645,45.522778],[9.125594,45.522821],[9.125469,45.522808],[9.125181,45.52278],[9.125147,45.52278],[9.124986,45.522778],[9.124965,45.522778],[9.124964,45.522778],[9.124915,45.522778],[9.124789,45.522777],[9.124703,45.522783],[9.124612,45.52279],[9.124555,45.522794],[9.124477,45.522788],[9.124343,45.522777],[9.124298,45.52278],[9.124195,45.522784],[9.124018,45.52279],[9.12395,45.522787],[9.123922,45.522786],[9.123922,45.522785],[9.123959,45.522755],[9.123987,45.522721],[9.124009,45.522671],[9.124022,45.52243],[9.124024,45.522365],[9.124025,45.522353],[9.124023,45.522285],[9.124017,45.522037],[9.123801,45.521666],[9.123684,45.521465],[9.123542,45.521264],[9.123558,45.520987],[9.123765,45.520643],[9.12272,45.520505],[9.122539,45.520485],[9.122536,45.520502],[9.122454,45.520868],[9.122384,45.520861],[9.122035,45.520825],[9.121761,45.520797],[9.121568,45.520776],[9.121076,45.520721],[9.120935,45.520706],[9.120792,45.52069],[9.120731,45.520684],[9.120661,45.520678],[9.120433,45.520658],[9.120364,45.520651],[9.120347,45.520787],[9.120337,45.520912],[9.120283,45.521207],[9.120271,45.521265],[9.12027,45.521294],[9.120252,45.521387],[9.120219,45.521544],[9.12016,45.521585],[9.120094,45.521626],[9.120006,45.521682],[9.120006,45.52168],[9.119888,45.521756],[9.119801,45.521811],[9.119554,45.521792],[9.119503,45.521787],[9.119448,45.521783],[9.1177,45.521641],[9.117694,45.521641],[9.11771,45.521518],[9.117739,45.521353],[9.117785,45.521053],[9.11782,45.52082],[9.11785,45.520591],[9.117889,45.520253],[9.117852,45.52025],[9.117906,45.52008],[9.117754,45.520038],[9.11764,45.520008],[9.118375,45.519073],[9.118442,45.518987],[9.118385,45.518977],[9.118341,45.51897],[9.118301,45.518969],[9.118282,45.518969],[9.118266,45.518974],[9.118256,45.518982],[9.118249,45.518988],[9.118238,45.518997],[9.118229,45.519006],[9.118221,45.519015],[9.11821,45.519026],[9.118197,45.51904],[9.118185,45.519053],[9.118124,45.51912],[9.118116,45.519129],[9.11808,45.519167],[9.118056,45.519193],[9.118014,45.519222],[9.11799,45.519261],[9.117926,45.51933],[9.117894,45.519313],[9.117826,45.519371],[9.117784,45.519411],[9.117471,45.519589],[9.117373,45.519643],[9.117367,45.519646],[9.117234,45.519719],[9.117218,45.519728],[9.11718,45.519748],[9.116987,45.519866],[9.116893,45.519927],[9.116829,45.519967],[9.116817,45.519975],[9.116794,45.519988],[9.116765,45.520007],[9.116701,45.520042],[9.116627,45.520084],[9.116607,45.52009],[9.116602,45.520092],[9.1166,45.520093],[9.116505,45.520127],[9.116467,45.52014],[9.116456,45.520144],[9.116428,45.520153],[9.116343,45.520189],[9.116311,45.520194],[9.116309,45.520195],[9.116277,45.520206],[9.116113,45.520263],[9.116002,45.520269],[9.115958,45.520272],[9.115912,45.520275],[9.115853,45.520278],[9.115815,45.520282],[9.115785,45.520283],[9.115767,45.520284],[9.115711,45.520288],[9.115692,45.520281],[9.115684,45.520289],[9.115657,45.520291],[9.115641,45.520293],[9.11562,45.520294],[9.115602,45.520296],[9.11557,45.520301],[9.115531,45.520306],[9.115494,45.520309],[9.115448,45.520315],[9.115398,45.520322],[9.115309,45.520335],[9.115206,45.520352],[9.11516,45.520359],[9.115095,45.520369],[9.115049,45.520377],[9.11498,45.520388],[9.114871,45.520408],[9.113909,45.520612],[9.11384,45.520624],[9.113567,45.520673],[9.113189,45.520739],[9.112868,45.520796],[9.112716,45.520901],[9.112699,45.520913],[9.112655,45.520943],[9.112593,45.520985],[9.112566,45.521003],[9.112495,45.521055],[9.112342,45.521175],[9.112301,45.521208],[9.112231,45.521259],[9.112106,45.52136],[9.112091,45.52137],[9.112005,45.521436],[9.111931,45.521496],[9.111905,45.521516],[9.111753,45.521635],[9.111739,45.521645],[9.111713,45.521666],[9.11158,45.521771],[9.111578,45.521772],[9.111409,45.521905],[9.111311,45.521982],[9.11127,45.522015],[9.111158,45.522106],[9.111055,45.522188],[9.111048,45.522193],[9.111016,45.522219],[9.110909,45.522299],[9.110899,45.52231],[9.110832,45.522392],[9.110812,45.522417],[9.110772,45.522466],[9.110634,45.522639],[9.110626,45.522648],[9.110613,45.52266],[9.11057,45.522697],[9.11049,45.522762],[9.110428,45.522788],[9.110402,45.522798],[9.110263,45.522857],[9.110237,45.522869],[9.110115,45.522922],[9.110103,45.522927],[9.109931,45.523],[9.109891,45.523021],[9.109883,45.523025],[9.109871,45.523032],[9.109793,45.523072],[9.109773,45.523082],[9.109765,45.523086],[9.109692,45.523125],[9.109648,45.52308],[9.109633,45.523084],[9.109581,45.523161],[9.109374,45.523443],[9.109155,45.523793],[9.109105,45.523877],[9.108991,45.524055],[9.10896,45.524102],[9.108696,45.524041],[9.10866,45.524032],[9.108728,45.523885],[9.108807,45.523737],[9.108849,45.523651],[9.10892,45.523451],[9.108974,45.523298],[9.108996,45.523244],[9.108935,45.523242],[9.108729,45.523235],[9.108764,45.523168],[9.108793,45.523114],[9.108823,45.523058],[9.108838,45.523004],[9.108867,45.522904],[9.108885,45.522832],[9.108887,45.522828],[9.1089,45.522776],[9.108775,45.522759],[9.108766,45.522758],[9.108689,45.522747],[9.108652,45.522742],[9.10855,45.522729],[9.108456,45.522716],[9.108321,45.522698],[9.108212,45.522683],[9.108037,45.52266],[9.107963,45.52265],[9.107932,45.522645],[9.107919,45.522643],[9.107892,45.522639],[9.107811,45.52263],[9.107744,45.522621],[9.107612,45.522606],[9.114145,45.519005],[9.11477,45.51867],[9.115918,45.518132],[9.116077,45.518058],[9.116949,45.51765],[9.12011,45.516102],[9.120921,45.515714],[9.121202,45.515769],[9.121633,45.51589],[9.121949,45.516021],[9.123106,45.516523],[9.124533,45.517405],[9.126657,45.518753],[9.129381,45.520097],[9.130197,45.520499],[9.13166,45.5212],[9.13289,45.521783],[9.134256,45.522441],[9.134381,45.522502],[9.134382,45.522502],[9.134334,45.52265],[9.134321,45.522688],[9.13432,45.522691],[9.13431,45.522722],[9.134296,45.522768],[9.134444,45.522791],[9.134554,45.522809],[9.134566,45.522811],[9.134574,45.522812],[9.134975,45.522878],[9.135357,45.522939],[9.135285,45.523159],[9.13528,45.523172],[9.135135,45.523599],[9.135289,45.523624],[9.135365,45.523636],[9.135442,45.523648],[9.135513,45.523661],[9.135824,45.523711],[9.135894,45.523723],[9.135823,45.523999],[9.135745,45.524287],[9.135492,45.52423],[9.135437,45.524216],[9.135324,45.52419],[9.135266,45.524176],[9.134835,45.524075],[9.134618,45.524025],[9.134313,45.523955],[9.134104,45.523907],[9.133761,45.523826],[9.133406,45.523737],[9.133313,45.523716],[9.132704,45.523574],[9.132617,45.52355],[9.132593,45.523544],[9.132361,45.523487],[9.132343,45.523479],[9.131798,45.523237],[9.131294,45.523142],[9.130355,45.522973],[9.130252,45.522959],[9.130124,45.522941],[9.130062,45.522932],[9.130057,45.522943]]]}},{"type":"Feature","properties":{"id_nil":40,"nome":"Ronchetto Delle Rane","nome_orig":"RONCHETTO DELLE RANE","area_kmq":0.189,"perimetro_km":2.22,"lon_centro":9.18197,"lat_centro":45.40063,"n_annunci":7,"mediana_eur_mq":3024,"p25_eur_mq":2694,"p75_eur_mq":3677,"prezzo_mediano_eur":355000,"superficie_mediana_mq":90,"fonte_confini":"Comune di Milano - NIL vigenti PGT 2030 (CC BY)","fonte_prezzi":"Immobiliare.it, estrazione 2026-08-26"},"geometry":{"type":"Polygon","coordinates":[[[9.183638,45.401219],[9.183381,45.401973],[9.183473,45.402455],[9.183264,45.402795],[9.183117,45.403127],[9.183062,45.403648],[9.181775,45.40391],[9.177811,45.402811],[9.178109,45.402327],[9.179105,45.401453],[9.179333,45.401374],[9.180481,45.399898],[9.181039,45.400043],[9.181066,45.399746],[9.182324,45.399892],[9.182737,45.400018],[9.182818,45.399846],[9.182847,45.3998],[9.182993,45.398909],[9.182997,45.398689],[9.182881,45.398357],[9.182731,45.398093],[9.182678,45.397911],[9.183022,45.397761],[9.185612,45.397651],[9.184988,45.399277],[9.184423,45.400038],[9.183638,45.401219]]]}},{"type":"Feature","properties":{"id_nil":65,"nome":"Q.Re Gallaratese - Q.Re San Leonardo - Lampugnano","nome_orig":"Q.RE GALLARATESE - Q.RE SAN LEONARDO - LAMPUGNANO","area_kmq":3.896,"perimetro_km":11.05,"lon_centro":9.11533,"lat_centro":45.49598,"n_annunci":209,"mediana_eur_mq":3270,"p25_eur_mq":2878,"p75_eur_mq":3833,"prezzo_mediano_eur":290000,"superficie_mediana_mq":90,"fonte_confini":"Comune di Milano - NIL vigenti PGT 2030 (CC BY)","fonte_prezzi":"Immobiliare.it, estrazione 2026-08-26"},"geometry":{"type":"Polygon","coordinates":[[[9.098838,45.506519],[9.098221,45.506673],[9.098192,45.50668],[9.097469,45.506856],[9.097273,45.506901],[9.096685,45.507036],[9.096558,45.507068],[9.096038,45.507201],[9.095499,45.507333],[9.095265,45.507396],[9.095209,45.507314],[9.095186,45.507283],[9.095169,45.507259],[9.094803,45.506742],[9.094801,45.506738],[9.094307,45.506043],[9.094206,45.5059],[9.094155,45.505828],[9.093849,45.505897],[9.093825,45.505903],[9.09362,45.505953],[9.093433,45.506],[9.093331,45.506031],[9.09331,45.506037],[9.093092,45.506099],[9.092964,45.506138],[9.092918,45.506152],[9.092871,45.506173],[9.092697,45.506253],[9.092661,45.50627],[9.092659,45.506271],[9.092613,45.506298],[9.092558,45.506331],[9.092536,45.506349],[9.092437,45.506427],[9.092022,45.50676],[9.091972,45.5068],[9.091886,45.506869],[9.09187,45.50688],[9.091824,45.506904],[9.091832,45.50691],[9.091775,45.506956],[9.091625,45.507079],[9.091615,45.507033],[9.091614,45.50703],[9.091587,45.506924],[9.09157,45.506857],[9.091553,45.506791],[9.091546,45.506763],[9.091544,45.506757],[9.091515,45.506677],[9.091505,45.50655],[9.091491,45.506415],[9.091474,45.50628],[9.091458,45.50617],[9.091445,45.50606],[9.091422,45.505867],[9.091405,45.505741],[9.091399,45.505694],[9.091369,45.50547],[9.091365,45.505439],[9.091353,45.505347],[9.091345,45.505264],[9.091341,45.505222],[9.091326,45.505075],[9.091318,45.504972],[9.091296,45.504773],[9.09128,45.504621],[9.091277,45.504582],[9.091256,45.504367],[9.091244,45.504245],[9.091234,45.504147],[9.091225,45.504052],[9.091195,45.503941],[9.091128,45.503756],[9.091088,45.503653],[9.091077,45.503624],[9.091023,45.503483],[9.090973,45.503358],[9.090922,45.503219],[9.090841,45.503013],[9.090816,45.502949],[9.090814,45.502944],[9.090795,45.502901],[9.09074,45.502764],[9.090663,45.502577],[9.090599,45.502422],[9.090591,45.502402],[9.090564,45.502341],[9.090511,45.502205],[9.090492,45.502157],[9.090471,45.502105],[9.09045,45.502052],[9.090379,45.501875],[9.090371,45.501855],[9.090298,45.501673],[9.09023,45.501498],[9.090169,45.501336],[9.090112,45.501192],[9.090086,45.501127],[9.090042,45.501013],[9.089964,45.500815],[9.089953,45.500786],[9.089947,45.500771],[9.089925,45.500715],[9.089836,45.500436],[9.089875,45.500393],[9.089913,45.500351],[9.090023,45.500268],[9.090025,45.500267],[9.090093,45.50019],[9.090357,45.499891],[9.090484,45.499768],[9.089892,45.499672],[9.089777,45.499653],[9.089623,45.499628],[9.089613,45.49962],[9.089574,45.499589],[9.089639,45.499511],[9.089696,45.499443],[9.089769,45.499356],[9.090138,45.498913],[9.090136,45.498884],[9.089706,45.498704],[9.089714,45.4987],[9.090951,45.498553],[9.091334,45.498873],[9.091931,45.498319],[9.094115,45.49951],[9.094496,45.499534],[9.095513,45.497013],[9.096343,45.49644],[9.096724,45.496372],[9.098828,45.496218],[9.099468,45.496375],[9.099746,45.496394],[9.099731,45.496519],[9.099369,45.496997],[9.100469,45.497175],[9.100545,45.497117],[9.101282,45.496627],[9.102147,45.496172],[9.102736,45.495893],[9.103445,45.495622],[9.10458,45.49516],[9.10568,45.494581],[9.106268,45.49412],[9.106572,45.493856],[9.106894,45.49338],[9.10715,45.492721],[9.107226,45.49246],[9.105302,45.492263],[9.105635,45.491428],[9.10591,45.490838],[9.106227,45.490162],[9.107231,45.490381],[9.10662,45.491624],[9.108129,45.49186],[9.109081,45.490273],[9.111119,45.49095],[9.111825,45.490882],[9.112391,45.490713],[9.112574,45.490929],[9.112924,45.490769],[9.114865,45.489739],[9.116527,45.488864],[9.117013,45.488606],[9.117544,45.488304],[9.118161,45.487892],[9.11852,45.48725],[9.118585,45.486646],[9.118039,45.484864],[9.119288,45.48508],[9.124615,45.486005],[9.126883,45.485456],[9.128025,45.485183],[9.130204,45.484636],[9.130227,45.485809],[9.130215,45.486557],[9.130203,45.486625],[9.130107,45.487417],[9.129997,45.492162],[9.12999,45.492737],[9.130021,45.494034],[9.130188,45.495196],[9.129214,45.495567],[9.127863,45.496064],[9.126574,45.496589],[9.125862,45.496882],[9.12466,45.497343],[9.122544,45.498222],[9.122117,45.4984],[9.120798,45.498938],[9.12009,45.501253],[9.120322,45.501352],[9.118594,45.501743],[9.117592,45.501977],[9.11548,45.502459],[9.111569,45.503387],[9.109468,45.503925],[9.108537,45.504148],[9.107333,45.504437],[9.105306,45.504927],[9.10329,45.505427],[9.101144,45.505967],[9.09884,45.506513],[9.098838,45.506519]]]}},{"type":"Feature","properties":{"id_nil":31,"nome":"Monlue' - Ponte Lambro","nome_orig":"MONLUE' - PONTE LAMBRO","area_kmq":2.629,"perimetro_km":9.84,"lon_centro":9.26268,"lat_centro":45.44722,"n_annunci":53,"mediana_eur_mq":2800,"p25_eur_mq":2231,"p75_eur_mq":3367,"prezzo_mediano_eur":178000,"superficie_mediana_mq":62,"fonte_confini":"Comune di Milano - NIL vigenti PGT 2030 (CC BY)","fonte_prezzi":"Immobiliare.it, estrazione 2026-08-26"},"geometry":{"type":"Polygon","coordinates":[[[9.272708,45.460789],[9.272648,45.46088],[9.272226,45.461518],[9.272181,45.461587],[9.272139,45.461643],[9.272118,45.461678],[9.272115,45.461683],[9.272109,45.461695],[9.272093,45.46173],[9.272088,45.461739],[9.272048,45.461822],[9.261665,45.461908],[9.257348,45.461926],[9.254823,45.461944],[9.252972,45.461977],[9.251287,45.461976],[9.251391,45.460806],[9.251533,45.459523],[9.251705,45.458773],[9.251955,45.45796],[9.252342,45.457189],[9.252998,45.456241],[9.255029,45.453775],[9.257882,45.450396],[9.258021,45.450239],[9.2583,45.449679],[9.258566,45.449179],[9.258712,45.448843],[9.258831,45.448224],[9.258876,45.447328],[9.258837,45.446786],[9.258675,45.446098],[9.258066,45.444025],[9.257871,45.443424],[9.257487,45.442103],[9.257108,45.440381],[9.256688,45.438917],[9.256404,45.43801],[9.255853,45.436457],[9.255386,45.435425],[9.26006,45.433934],[9.263782,45.432505],[9.263837,45.432481],[9.263837,45.432481],[9.263846,45.432477],[9.263847,45.432477],[9.26391,45.43258],[9.263932,45.432617],[9.264001,45.43273],[9.264104,45.4329],[9.264136,45.432951],[9.264351,45.433183],[9.264377,45.433207],[9.264522,45.433347],[9.264693,45.433518],[9.264783,45.433629],[9.264928,45.43382],[9.265021,45.433936],[9.265439,45.434444],[9.265513,45.434527],[9.265689,45.434652],[9.26596,45.434797],[9.266063,45.434868],[9.266067,45.43487],[9.266249,45.434956],[9.266515,45.435007],[9.266479,45.435131],[9.266474,45.435153],[9.266474,45.435191],[9.266456,45.435253],[9.266435,45.435325],[9.266367,45.435506],[9.266318,45.435633],[9.266283,45.435747],[9.266248,45.43582],[9.266198,45.435936],[9.266097,45.436162],[9.266087,45.436369],[9.266078,45.436566],[9.266071,45.43671],[9.266071,45.436775],[9.266067,45.436784],[9.266055,45.437002],[9.266048,45.437173],[9.26604,45.437299],[9.26607,45.437409],[9.266103,45.43741],[9.266132,45.437411],[9.26618,45.437413],[9.266193,45.437414],[9.26621,45.437414],[9.266207,45.43742],[9.266248,45.437427],[9.266329,45.437433],[9.266489,45.437429],[9.266559,45.437428],[9.266637,45.437404],[9.26667,45.437459],[9.266679,45.437472],[9.266694,45.437488],[9.266699,45.437493],[9.266717,45.437498],[9.266738,45.437496],[9.266806,45.437524],[9.266877,45.437568],[9.266884,45.43759],[9.266902,45.437639],[9.266913,45.43769],[9.266925,45.437773],[9.266943,45.437887],[9.266943,45.437896],[9.266943,45.437906],[9.266943,45.437916],[9.266943,45.437925],[9.266943,45.437934],[9.266943,45.437944],[9.266943,45.437953],[9.266943,45.437962],[9.266944,45.437971],[9.266944,45.43798],[9.266943,45.43799],[9.266943,45.437999],[9.266943,45.438008],[9.266943,45.438017],[9.266943,45.438026],[9.266943,45.438035],[9.266943,45.438044],[9.266943,45.438053],[9.266943,45.438062],[9.266943,45.438071],[9.266943,45.438081],[9.266942,45.43809],[9.266942,45.438099],[9.266941,45.438108],[9.266941,45.438117],[9.26694,45.438126],[9.26694,45.438135],[9.26694,45.438144],[9.266939,45.438153],[9.266939,45.438162],[9.266938,45.438171],[9.266938,45.43818],[9.266937,45.438189],[9.266936,45.438198],[9.266934,45.438208],[9.266933,45.438217],[9.266932,45.438226],[9.26693,45.438235],[9.266929,45.438244],[9.266928,45.438253],[9.266927,45.438262],[9.266925,45.438271],[9.266924,45.43828],[9.266923,45.438289],[9.266922,45.438298],[9.266922,45.438307],[9.266922,45.438316],[9.266922,45.438325],[9.266921,45.438334],[9.266919,45.438343],[9.266917,45.438352],[9.266915,45.438361],[9.266913,45.43837],[9.266911,45.438379],[9.266909,45.438388],[9.266906,45.438397],[9.266904,45.438406],[9.266902,45.438415],[9.2669,45.438424],[9.266898,45.438433],[9.266896,45.438442],[9.266894,45.438451],[9.266892,45.43846],[9.26689,45.438469],[9.266888,45.438478],[9.266886,45.438487],[9.266883,45.438496],[9.266881,45.438505],[9.266879,45.438514],[9.266877,45.438523],[9.266874,45.438532],[9.266872,45.438541],[9.26687,45.43855],[9.266868,45.438559],[9.266865,45.438568],[9.266863,45.438577],[9.266861,45.438586],[9.266859,45.438595],[9.266857,45.438604],[9.266854,45.438613],[9.266852,45.438622],[9.26685,45.43863],[9.266848,45.438639],[9.266847,45.438648],[9.266846,45.438657],[9.266845,45.438666],[9.266845,45.438675],[9.266845,45.438684],[9.266845,45.438693],[9.266846,45.438702],[9.266846,45.438711],[9.266848,45.438759],[9.266848,45.438769],[9.266848,45.438778],[9.266848,45.438787],[9.266848,45.438797],[9.266848,45.438806],[9.26685,45.438815],[9.266854,45.438823],[9.266858,45.438832],[9.26686,45.438841],[9.266861,45.43885],[9.266863,45.438859],[9.266864,45.438868],[9.266866,45.438877],[9.266868,45.438885],[9.26687,45.438894],[9.266872,45.438903],[9.266876,45.438912],[9.266901,45.438961],[9.266906,45.43897],[9.266911,45.438978],[9.266916,45.438987],[9.266921,45.438995],[9.266927,45.439003],[9.266934,45.439011],[9.26694,45.439019],[9.266946,45.439027],[9.266953,45.439035],[9.266959,45.439043],[9.266965,45.439051],[9.266971,45.439059],[9.266977,45.439067],[9.266984,45.439075],[9.26699,45.439083],[9.266996,45.439091],[9.267001,45.439099],[9.267007,45.439107],[9.267013,45.439115],[9.267018,45.439123],[9.267024,45.439131],[9.26703,45.43914],[9.267035,45.439148],[9.267041,45.439156],[9.267047,45.439164],[9.267052,45.439172],[9.267056,45.43918],[9.267061,45.439189],[9.267066,45.439197],[9.267071,45.439205],[9.267075,45.439214],[9.26708,45.439222],[9.267085,45.439231],[9.267089,45.439239],[9.267092,45.439248],[9.267096,45.439257],[9.2671,45.439265],[9.267103,45.439274],[9.267105,45.439283],[9.267107,45.439292],[9.267109,45.439302],[9.26711,45.439311],[9.267112,45.43932],[9.267114,45.439329],[9.267115,45.439338],[9.267117,45.439348],[9.267119,45.439357],[9.26712,45.439366],[9.267129,45.439415],[9.267129,45.439425],[9.26713,45.439434],[9.267131,45.439444],[9.267132,45.439453],[9.267133,45.439463],[9.267133,45.439472],[9.267132,45.439481],[9.267132,45.43949],[9.267132,45.439499],[9.267131,45.439508],[9.26713,45.439517],[9.267129,45.439526],[9.267129,45.439535],[9.267128,45.439544],[9.267127,45.439553],[9.267125,45.439562],[9.267124,45.439571],[9.267122,45.43958],[9.26712,45.439589],[9.267119,45.439598],[9.267117,45.439607],[9.267115,45.439615],[9.267113,45.439624],[9.267111,45.439633],[9.267109,45.439642],[9.267106,45.439651],[9.267103,45.43966],[9.2671,45.439669],[9.267097,45.439677],[9.267094,45.439686],[9.26709,45.439695],[9.267086,45.439703],[9.267083,45.439712],[9.267079,45.439721],[9.267076,45.43973],[9.267073,45.439738],[9.267069,45.439747],[9.267066,45.439756],[9.267062,45.439764],[9.267021,45.439837],[9.267016,45.439846],[9.267011,45.439854],[9.267006,45.439863],[9.267001,45.439871],[9.266996,45.43988],[9.266991,45.439888],[9.266986,45.439896],[9.26698,45.439904],[9.266974,45.439912],[9.266968,45.43992],[9.266962,45.439928],[9.266956,45.439936],[9.26695,45.439944],[9.266944,45.439952],[9.266937,45.43996],[9.26693,45.439967],[9.266924,45.439975],[9.266917,45.439983],[9.26691,45.43999],[9.266903,45.439998],[9.266896,45.440005],[9.266889,45.440013],[9.266882,45.440021],[9.266875,45.440028],[9.266868,45.440036],[9.266861,45.440043],[9.266854,45.440051],[9.266848,45.440059],[9.266841,45.440066],[9.266835,45.440074],[9.266828,45.440082],[9.266822,45.440089],[9.266815,45.440097],[9.266808,45.440105],[9.266801,45.440112],[9.266795,45.44012],[9.266788,45.440128],[9.266782,45.440135],[9.266775,45.440143],[9.266769,45.440151],[9.266762,45.440159],[9.266756,45.440167],[9.266749,45.440174],[9.266743,45.440182],[9.266736,45.44019],[9.26673,45.440198],[9.266723,45.440205],[9.266716,45.440213],[9.26671,45.440221],[9.266704,45.440229],[9.266698,45.440237],[9.266692,45.440244],[9.266685,45.440252],[9.266679,45.44026],[9.266673,45.440268],[9.266668,45.440276],[9.266662,45.440284],[9.266623,45.44034],[9.266618,45.440349],[9.266613,45.440357],[9.266608,45.440366],[9.266603,45.440374],[9.266598,45.440383],[9.266593,45.440391],[9.266588,45.4404],[9.266584,45.440408],[9.266579,45.440417],[9.266575,45.440425],[9.266571,45.440434],[9.266567,45.440442],[9.266563,45.440451],[9.266558,45.44046],[9.266554,45.440468],[9.26655,45.440477],[9.266546,45.440485],[9.266542,45.440494],[9.266538,45.440503],[9.266535,45.440511],[9.266531,45.44052],[9.266527,45.440529],[9.266524,45.440537],[9.26652,45.440546],[9.266516,45.440555],[9.266512,45.440563],[9.266509,45.440572],[9.266505,45.440581],[9.266501,45.440589],[9.266497,45.440598],[9.266493,45.440606],[9.26649,45.440615],[9.266486,45.440624],[9.266482,45.440632],[9.266479,45.440641],[9.266475,45.44065],[9.266471,45.440658],[9.266468,45.440667],[9.266464,45.440676],[9.266461,45.440684],[9.266457,45.440693],[9.266454,45.440702],[9.266451,45.440711],[9.266448,45.440719],[9.266446,45.440728],[9.266443,45.440737],[9.26644,45.440746],[9.266438,45.440755],[9.266435,45.440764],[9.266433,45.440773],[9.26643,45.440782],[9.266428,45.440791],[9.266425,45.4408],[9.266423,45.440809],[9.266421,45.440818],[9.266419,45.440826],[9.266416,45.440835],[9.266414,45.440844],[9.266412,45.440853],[9.26641,45.440862],[9.266408,45.440871],[9.266406,45.44088],[9.266405,45.440889],[9.266403,45.440898],[9.266401,45.440908],[9.2664,45.440917],[9.266399,45.440925],[9.266398,45.440934],[9.266397,45.440943],[9.266396,45.440952],[9.266396,45.440961],[9.266396,45.44097],[9.266396,45.440979],[9.266395,45.440988],[9.266395,45.440997],[9.266394,45.441006],[9.266394,45.441015],[9.266393,45.441024],[9.266393,45.441033],[9.266392,45.441042],[9.266392,45.441051],[9.266391,45.44106],[9.266391,45.441069],[9.26639,45.441078],[9.266391,45.441087],[9.266391,45.441096],[9.26639,45.441105],[9.26639,45.441114],[9.266389,45.441123],[9.266388,45.441132],[9.266388,45.441141],[9.266387,45.44115],[9.266386,45.441159],[9.266386,45.441168],[9.266385,45.441177],[9.266385,45.441186],[9.266384,45.441195],[9.266384,45.441204],[9.266384,45.441213],[9.266383,45.441222],[9.266382,45.441231],[9.266381,45.44124],[9.266381,45.441249],[9.26638,45.441258],[9.266379,45.441267],[9.266378,45.441276],[9.266378,45.441285],[9.266377,45.441294],[9.266376,45.441303],[9.266375,45.441312],[9.266375,45.441321],[9.266374,45.44133],[9.266372,45.441339],[9.266371,45.441348],[9.26637,45.441357],[9.266369,45.441366],[9.266367,45.441375],[9.266366,45.441384],[9.266365,45.441393],[9.266364,45.441402],[9.266362,45.44141],[9.266361,45.441419],[9.26636,45.441428],[9.266359,45.441437],[9.266357,45.441446],[9.266356,45.441455],[9.266354,45.441464],[9.266353,45.441473],[9.266351,45.441482],[9.26635,45.441491],[9.266348,45.4415],[9.266347,45.441509],[9.266345,45.441518],[9.266343,45.441527],[9.266341,45.441536],[9.26634,45.441545],[9.266338,45.441554],[9.266333,45.441562],[9.266331,45.441571],[9.266329,45.44158],[9.266328,45.441589],[9.266326,45.441598],[9.266324,45.441607],[9.266323,45.441616],[9.266321,45.441625],[9.266319,45.441634],[9.266317,45.441643],[9.266316,45.441652],[9.266315,45.441661],[9.266314,45.44167],[9.266314,45.441679],[9.266314,45.441688],[9.266313,45.441697],[9.266311,45.441706],[9.266309,45.441715],[9.266308,45.441724],[9.266307,45.441733],[9.266307,45.441742],[9.266306,45.441751],[9.266305,45.44176],[9.266305,45.441769],[9.266304,45.441778],[9.266304,45.441787],[9.266304,45.441796],[9.266304,45.441805],[9.266303,45.441814],[9.266303,45.441823],[9.266303,45.441832],[9.266302,45.441841],[9.266302,45.441849],[9.266302,45.441859],[9.266302,45.441869],[9.266302,45.441878],[9.266302,45.441887],[9.266302,45.441896],[9.266303,45.441905],[9.266304,45.441914],[9.266306,45.441924],[9.266307,45.441933],[9.266308,45.441942],[9.266309,45.441951],[9.26631,45.44196],[9.266312,45.441969],[9.266313,45.441978],[9.266315,45.441987],[9.266317,45.441996],[9.266319,45.442005],[9.266322,45.442014],[9.266324,45.442022],[9.266327,45.442031],[9.266329,45.44204],[9.266331,45.442049],[9.266334,45.442058],[9.266336,45.442067],[9.266339,45.442076],[9.266342,45.442085],[9.266345,45.442094],[9.266348,45.442103],[9.266351,45.442111],[9.266354,45.44212],[9.266375,45.44219],[9.2664,45.442276],[9.266403,45.442285],[9.266406,45.442294],[9.266409,45.442303],[9.266413,45.442311],[9.266416,45.44232],[9.266419,45.442329],[9.266422,45.442338],[9.266425,45.442346],[9.266428,45.442355],[9.266431,45.442364],[9.266434,45.442373],[9.266437,45.442381],[9.26644,45.44239],[9.266443,45.442399],[9.266446,45.442408],[9.266448,45.442417],[9.266451,45.442425],[9.266454,45.442434],[9.266456,45.442443],[9.266459,45.442452],[9.266461,45.442461],[9.266463,45.44247],[9.266465,45.442479],[9.266467,45.442487],[9.266468,45.442496],[9.26647,45.442505],[9.266471,45.442514],[9.266473,45.442523],[9.266474,45.442532],[9.266475,45.442541],[9.266476,45.44255],[9.266476,45.442559],[9.266477,45.442568],[9.266478,45.442577],[9.266479,45.442586],[9.26648,45.442595],[9.266481,45.442604],[9.266482,45.442613],[9.266482,45.442623],[9.266482,45.442632],[9.266483,45.442641],[9.266483,45.44265],[9.266483,45.442659],[9.266483,45.442668],[9.266482,45.442675],[9.266482,45.442685],[9.266481,45.442694],[9.26648,45.442703],[9.266479,45.442712],[9.266478,45.442721],[9.266454,45.442834],[9.266446,45.442871],[9.266443,45.44288],[9.266441,45.442889],[9.266438,45.442898],[9.266436,45.442907],[9.266434,45.442916],[9.266433,45.442925],[9.266431,45.442934],[9.266429,45.442943],[9.266427,45.442952],[9.266425,45.442961],[9.266423,45.44297],[9.266422,45.442979],[9.26642,45.442988],[9.266419,45.442997],[9.266418,45.443006],[9.266416,45.443029],[9.26642,45.443088],[9.266422,45.443097],[9.266422,45.443106],[9.266422,45.443115],[9.266422,45.443124],[9.266422,45.443133],[9.266422,45.443142],[9.266422,45.443151],[9.266422,45.44316],[9.266422,45.443169],[9.266422,45.443178],[9.266423,45.443187],[9.266424,45.443196],[9.266426,45.443205],[9.266427,45.443214],[9.266428,45.443223],[9.266429,45.443232],[9.26643,45.443241],[9.266431,45.44325],[9.266431,45.443259],[9.266431,45.443268],[9.266432,45.443277],[9.266432,45.443286],[9.266432,45.443295],[9.266432,45.443304],[9.266432,45.443313],[9.266432,45.443322],[9.266432,45.443331],[9.266433,45.44334],[9.266432,45.443349],[9.266431,45.443358],[9.266431,45.443367],[9.266427,45.443376],[9.266428,45.443385],[9.266428,45.443394],[9.266429,45.443403],[9.26643,45.443412],[9.266431,45.443421],[9.266434,45.44343],[9.266436,45.443439],[9.266439,45.443448],[9.266442,45.443457],[9.266444,45.443466],[9.266448,45.443475],[9.266464,45.443526],[9.266468,45.443536],[9.266472,45.443545],[9.266475,45.443554],[9.266478,45.443563],[9.266481,45.443572],[9.266484,45.443581],[9.266487,45.44359],[9.26649,45.443598],[9.266493,45.443607],[9.266496,45.443616],[9.266499,45.443625],[9.266502,45.443634],[9.266505,45.443642],[9.266508,45.443651],[9.266511,45.44366],[9.266513,45.443669],[9.266516,45.443678],[9.266518,45.443687],[9.266521,45.443695],[9.266523,45.443704],[9.266525,45.443713],[9.266526,45.443722],[9.266526,45.443731],[9.266528,45.44374],[9.26653,45.443749],[9.266531,45.443758],[9.266533,45.443767],[9.266535,45.443776],[9.266537,45.443785],[9.26654,45.443794],[9.266542,45.443802],[9.266544,45.443811],[9.266545,45.44382],[9.266547,45.443829],[9.266549,45.443838],[9.266551,45.443847],[9.266552,45.443856],[9.266554,45.443865],[9.266556,45.443874],[9.266557,45.443883],[9.266559,45.443892],[9.266561,45.443901],[9.266562,45.443909],[9.266563,45.443918],[9.266564,45.443927],[9.266565,45.443936],[9.266566,45.443945],[9.266567,45.443954],[9.266568,45.443963],[9.266569,45.443972],[9.26657,45.443981],[9.266571,45.44399],[9.266572,45.443999],[9.266573,45.444008],[9.266575,45.444017],[9.266576,45.444026],[9.266577,45.444035],[9.266579,45.444044],[9.26658,45.444053],[9.266581,45.444062],[9.266582,45.444071],[9.266583,45.44408],[9.266582,45.444164],[9.266583,45.444173],[9.266584,45.444182],[9.266585,45.444191],[9.266586,45.4442],[9.266586,45.444209],[9.266587,45.444218],[9.266592,45.444254],[9.266609,45.444367],[9.26661,45.444376],[9.266611,45.444385],[9.266613,45.444394],[9.266616,45.444431],[9.266623,45.444521],[9.266626,45.44453],[9.266627,45.444539],[9.266629,45.444548],[9.266631,45.444556],[9.266633,45.444565],[9.266634,45.444574],[9.266636,45.444583],[9.266638,45.444592],[9.266639,45.444601],[9.26664,45.44461],[9.26664,45.444619],[9.266641,45.444628],[9.266642,45.444637],[9.266643,45.444646],[9.266644,45.444655],[9.266645,45.444664],[9.266646,45.444673],[9.266648,45.444682],[9.266649,45.444691],[9.26665,45.4447],[9.26665,45.444709],[9.266651,45.444718],[9.266652,45.444727],[9.266653,45.444736],[9.266654,45.444745],[9.266655,45.444754],[9.266657,45.444763],[9.266661,45.444784],[9.266664,45.444916],[9.266665,45.444926],[9.266665,45.444935],[9.266665,45.444944],[9.266666,45.444954],[9.266666,45.444963],[9.266667,45.444972],[9.266668,45.444982],[9.266669,45.444991],[9.266669,45.445],[9.26667,45.445009],[9.26667,45.445018],[9.266671,45.445027],[9.266671,45.445036],[9.266672,45.445045],[9.266672,45.445054],[9.266672,45.445064],[9.266673,45.445073],[9.266673,45.445082],[9.266674,45.445091],[9.266677,45.4451],[9.266679,45.445109],[9.266682,45.445118],[9.266685,45.445127],[9.266688,45.445136],[9.266691,45.445145],[9.266694,45.445154],[9.266698,45.445163],[9.2667,45.445172],[9.266703,45.445181],[9.266706,45.44519],[9.266709,45.445199],[9.266711,45.445208],[9.266714,45.445217],[9.266717,45.445226],[9.26672,45.445235],[9.266722,45.445244],[9.266725,45.445253],[9.266727,45.445262],[9.266729,45.445271],[9.266731,45.44528],[9.266733,45.445289],[9.266735,45.445298],[9.266737,45.445306],[9.26674,45.445315],[9.266743,45.445324],[9.266745,45.445333],[9.266747,45.445342],[9.266748,45.445351],[9.266751,45.44536],[9.266753,45.445369],[9.266755,45.445378],[9.266758,45.445387],[9.26676,45.445396],[9.266762,45.445405],[9.266763,45.445413],[9.266765,45.445422],[9.266767,45.445431],[9.266769,45.44544],[9.266771,45.445449],[9.266773,45.445458],[9.266775,45.445467],[9.266777,45.445476],[9.266779,45.445485],[9.266781,45.445494],[9.266784,45.445503],[9.266787,45.445511],[9.266789,45.44552],[9.266792,45.445529],[9.266795,45.445538],[9.266797,45.445547],[9.266799,45.445556],[9.2668,45.445565],[9.266802,45.445574],[9.266804,45.445583],[9.266806,45.445592],[9.266808,45.4456],[9.26681,45.445609],[9.266812,45.445618],[9.266814,45.445627],[9.266816,45.445636],[9.266817,45.445645],[9.266818,45.445654],[9.26682,45.445663],[9.266822,45.445672],[9.266825,45.445681],[9.266828,45.445689],[9.266831,45.445698],[9.266833,45.445707],[9.266836,45.445716],[9.266838,45.445725],[9.266839,45.445734],[9.266839,45.445743],[9.26684,45.445752],[9.266842,45.445808],[9.26684,45.445818],[9.266837,45.445827],[9.266835,45.445836],[9.266832,45.445845],[9.266829,45.445854],[9.266827,45.445863],[9.266824,45.445872],[9.266821,45.445881],[9.266819,45.44589],[9.266787,45.445952],[9.266783,45.445964],[9.266779,45.445974],[9.266775,45.445983],[9.26677,45.445992],[9.266765,45.446],[9.26676,45.446009],[9.266755,45.446017],[9.26675,45.446026],[9.266746,45.446035],[9.266742,45.446043],[9.266737,45.446052],[9.266732,45.44606],[9.266727,45.446068],[9.266721,45.446076],[9.266716,45.446084],[9.26671,45.446093],[9.266705,45.446101],[9.266699,45.446109],[9.266693,45.446117],[9.266687,45.446125],[9.26668,45.446132],[9.266673,45.44614],[9.266666,45.446148],[9.26666,45.446155],[9.266653,45.446163],[9.266647,45.446171],[9.266641,45.446179],[9.266635,45.446187],[9.266629,45.446195],[9.266623,45.446203],[9.266617,45.446211],[9.266612,45.446219],[9.266606,45.446227],[9.266601,45.446235],[9.266596,45.446243],[9.26659,45.446252],[9.266585,45.44626],[9.26658,45.446268],[9.266575,45.446276],[9.26657,45.446285],[9.266565,45.446293],[9.26656,45.446302],[9.266556,45.44631],[9.266552,45.446319],[9.266548,45.446327],[9.266544,45.446336],[9.26654,45.446345],[9.266536,45.446353],[9.266532,45.446362],[9.266528,45.446371],[9.266525,45.44638],[9.266522,45.446388],[9.266518,45.446397],[9.266516,45.446406],[9.266514,45.44641],[9.26651,45.446419],[9.266507,45.446428],[9.266504,45.446436],[9.266501,45.446445],[9.266498,45.446454],[9.266496,45.446463],[9.266494,45.446472],[9.266491,45.446481],[9.266489,45.446489],[9.266487,45.446498],[9.266484,45.446507],[9.266482,45.446516],[9.266481,45.446525],[9.26648,45.446534],[9.266479,45.446543],[9.266479,45.446552],[9.266478,45.446561],[9.266477,45.446571],[9.266477,45.44658],[9.266477,45.446589],[9.266476,45.446598],[9.266476,45.446607],[9.266476,45.446616],[9.266475,45.446625],[9.266474,45.446634],[9.266472,45.446643],[9.266469,45.446652],[9.266467,45.44666],[9.266466,45.446669],[9.266467,45.446679],[9.266468,45.446688],[9.266469,45.446697],[9.26647,45.446706],[9.266471,45.446715],[9.266471,45.446724],[9.26647,45.446733],[9.266469,45.446742],[9.266468,45.446751],[9.266467,45.44676],[9.266468,45.446769],[9.266468,45.446777],[9.266467,45.446787],[9.266468,45.446796],[9.26647,45.446805],[9.266472,45.446814],[9.266472,45.446823],[9.266472,45.446832],[9.266472,45.446841],[9.266472,45.44685],[9.266471,45.446859],[9.266472,45.446868],[9.266473,45.446878],[9.266474,45.446887],[9.266475,45.446896],[9.266475,45.446905],[9.266475,45.446914],[9.266475,45.446923],[9.266475,45.446932],[9.266475,45.446941],[9.266475,45.44695],[9.266476,45.446959],[9.266475,45.446968],[9.266474,45.446977],[9.266474,45.446986],[9.266475,45.446995],[9.266476,45.447004],[9.266477,45.447013],[9.266478,45.447022],[9.266478,45.447031],[9.266478,45.44704],[9.266477,45.447049],[9.266476,45.447058],[9.266476,45.447067],[9.266477,45.447076],[9.266478,45.447085],[9.266478,45.447094],[9.266479,45.447103],[9.26648,45.447112],[9.26648,45.447121],[9.26648,45.44713],[9.266479,45.447139],[9.266479,45.447148],[9.266479,45.447157],[9.266479,45.447166],[9.266481,45.447175],[9.266481,45.447184],[9.266482,45.447193],[9.266482,45.447202],[9.266483,45.447211],[9.266483,45.44722],[9.266484,45.447229],[9.266485,45.447238],[9.266486,45.447247],[9.266487,45.447256],[9.266489,45.447264],[9.26649,45.447273],[9.266491,45.447282],[9.266492,45.447291],[9.266492,45.4473],[9.266493,45.447309],[9.266495,45.447318],[9.266496,45.447327],[9.266498,45.447336],[9.266499,45.447345],[9.266501,45.447354],[9.266556,45.447585],[9.266594,45.447669],[9.266655,45.447752],[9.266728,45.447856],[9.266855,45.44801],[9.267009,45.448226],[9.267059,45.448376],[9.267143,45.448502],[9.267194,45.448594],[9.267265,45.448783],[9.267269,45.448792],[9.267274,45.448801],[9.267279,45.448809],[9.267283,45.448818],[9.267286,45.448827],[9.267288,45.448835],[9.267291,45.448844],[9.267295,45.448853],[9.267299,45.448862],[9.267303,45.44887],[9.267306,45.448879],[9.267309,45.448888],[9.267312,45.448896],[9.267315,45.448905],[9.267318,45.448914],[9.26732,45.448923],[9.267322,45.448932],[9.267324,45.448941],[9.267326,45.44895],[9.267328,45.448959],[9.26733,45.448967],[9.267332,45.448976],[9.267334,45.448985],[9.267336,45.448994],[9.267339,45.449003],[9.267341,45.449012],[9.267342,45.449021],[9.267343,45.44903],[9.267345,45.449039],[9.267348,45.449047],[9.26735,45.449056],[9.267352,45.449065],[9.267354,45.449074],[9.267355,45.449083],[9.267356,45.449092],[9.267357,45.449101],[9.267359,45.44911],[9.267361,45.449119],[9.267363,45.449128],[9.267365,45.449137],[9.267367,45.449146],[9.267367,45.449155],[9.267368,45.449164],[9.267371,45.449173],[9.267375,45.449181],[9.267378,45.44919],[9.267381,45.449199],[9.267383,45.449208],[9.267386,45.449216],[9.267389,45.449225],[9.267391,45.449234],[9.267393,45.449243],[9.267409,45.449321],[9.267413,45.44933],[9.267415,45.449339],[9.267417,45.449348],[9.267419,45.449357],[9.267418,45.449366],[9.267421,45.449375],[9.267424,45.449384],[9.267426,45.449393],[9.267427,45.449402],[9.267429,45.449411],[9.26743,45.44942],[9.267431,45.449429],[9.267432,45.449438],[9.267433,45.449447],[9.267434,45.449456],[9.267436,45.449465],[9.267437,45.449474],[9.267438,45.449483],[9.267439,45.449492],[9.267439,45.449501],[9.26744,45.44951],[9.267441,45.449519],[9.267442,45.449528],[9.267443,45.449537],[9.267444,45.449546],[9.267444,45.449555],[9.267444,45.449564],[9.267443,45.449573],[9.267443,45.449582],[9.267442,45.449591],[9.267442,45.4496],[9.267441,45.449609],[9.267441,45.449618],[9.26744,45.449627],[9.26744,45.449636],[9.267429,45.449728],[9.267427,45.449738],[9.267424,45.449747],[9.267421,45.449756],[9.267418,45.449765],[9.267413,45.449773],[9.267409,45.449782],[9.267405,45.44979],[9.267401,45.449799],[9.267397,45.449807],[9.267393,45.449816],[9.267389,45.449825],[9.267386,45.449833],[9.267382,45.449842],[9.267378,45.449851],[9.267375,45.449859],[9.26737,45.449868],[9.267365,45.449876],[9.26736,45.449884],[9.267355,45.449892],[9.26735,45.449901],[9.267344,45.449909],[9.267337,45.449917],[9.267331,45.449925],[9.267326,45.449933],[9.267321,45.449941],[9.267315,45.449949],[9.267309,45.449957],[9.267302,45.449965],[9.267295,45.449972],[9.267289,45.44998],[9.267238,45.450033],[9.267198,45.450101],[9.267192,45.450112],[9.267187,45.45012],[9.267185,45.450125],[9.267183,45.450128],[9.267177,45.450136],[9.267171,45.450144],[9.267166,45.450152],[9.26716,45.45016],[9.267155,45.450167],[9.267152,45.450171],[9.267148,45.450175],[9.267146,45.450176],[9.267139,45.450183],[9.267121,45.450205],[9.267113,45.450214],[9.26711,45.450218],[9.267105,45.450223],[9.267098,45.450231],[9.26709,45.450239],[9.267079,45.450249],[9.267071,45.450257],[9.267067,45.450262],[9.267064,45.450266],[9.267058,45.450271],[9.267049,45.450278],[9.267039,45.450287],[9.26703,45.450296],[9.267025,45.450301],[9.267021,45.450305],[9.267014,45.45031],[9.267006,45.450317],[9.266988,45.450329],[9.266977,45.450338],[9.266972,45.450343],[9.26697,45.450346],[9.266964,45.45035],[9.266958,45.450355],[9.266949,45.450361],[9.266794,45.450465],[9.266787,45.450469],[9.266781,45.450473],[9.266774,45.450477],[9.266767,45.450482],[9.266758,45.450487],[9.266749,45.450492],[9.266739,45.450497],[9.266729,45.450503],[9.26672,45.450508],[9.266714,45.450512],[9.266706,45.450515],[9.266697,45.45052],[9.266686,45.450526],[9.266675,45.450531],[9.266665,45.450537],[9.266655,45.450542],[9.266645,45.450548],[9.266635,45.450553],[9.266626,45.450558],[9.266617,45.450562],[9.266607,45.450567],[9.266596,45.450573],[9.266584,45.450579],[9.266572,45.450585],[9.26656,45.450591],[9.266546,45.450598],[9.266535,45.450604],[9.266532,45.450605],[9.26652,45.450612],[9.266511,45.450616],[9.266508,45.450617],[9.266497,45.450622],[9.266346,45.450697],[9.266332,45.450703],[9.266321,45.450708],[9.266312,45.450712],[9.266311,45.450712],[9.266297,45.450717],[9.266277,45.450727],[9.266268,45.450731],[9.266262,45.450734],[9.266247,45.450741],[9.266227,45.45075],[9.266221,45.450754],[9.266218,45.450755],[9.266214,45.450757],[9.266203,45.450761],[9.266082,45.450807],[9.266143,45.450919],[9.266154,45.450938],[9.266189,45.451011],[9.266219,45.45112],[9.266207,45.451132],[9.266142,45.451205],[9.266129,45.451211],[9.265942,45.451277],[9.265856,45.451307],[9.265819,45.451318],[9.265809,45.451316],[9.265583,45.4513],[9.265526,45.451307],[9.265507,45.451306],[9.265453,45.451305],[9.265438,45.451297],[9.2653,45.451208],[9.265169,45.451243],[9.265157,45.451285],[9.265144,45.451333],[9.265119,45.451433],[9.265088,45.45149],[9.265067,45.451525],[9.265065,45.45153],[9.264975,45.451613],[9.264927,45.451658],[9.264907,45.451693],[9.264891,45.451719],[9.264864,45.451766],[9.264856,45.451779],[9.264851,45.451799],[9.264813,45.451879],[9.264792,45.451907],[9.264742,45.451954],[9.264738,45.451977],[9.26475,45.451996],[9.264791,45.452016],[9.26483,45.45202],[9.264865,45.452008],[9.264884,45.451987],[9.264891,45.451942],[9.264891,45.451922],[9.264907,45.451907],[9.264922,45.451903],[9.264954,45.45192],[9.265239,45.452059],[9.265259,45.452084],[9.265255,45.452113],[9.265229,45.452142],[9.265172,45.452166],[9.265142,45.452179],[9.265123,45.452195],[9.26511,45.452217],[9.2651,45.452246],[9.26509,45.452262],[9.265047,45.452297],[9.26503,45.452324],[9.265031,45.452347],[9.265045,45.452367],[9.265062,45.452387],[9.265107,45.452419],[9.265115,45.452452],[9.265114,45.452481],[9.265078,45.452526],[9.264627,45.452958],[9.26462,45.453058],[9.264183,45.454048],[9.263657,45.455245],[9.263722,45.455296],[9.263744,45.455387],[9.263763,45.455414],[9.263796,45.455442],[9.263843,45.455442],[9.263938,45.455435],[9.263971,45.455464],[9.263951,45.455486],[9.264039,45.455713],[9.26414,45.455694],[9.264625,45.455693],[9.264552,45.456506],[9.264488,45.45724],[9.264467,45.457485],[9.265089,45.457649],[9.265475,45.457719],[9.266053,45.457808],[9.266052,45.457853],[9.267039,45.457995],[9.268316,45.45817],[9.268322,45.458106],[9.269426,45.458231],[9.269495,45.458514],[9.269298,45.458479],[9.269242,45.458881],[9.269966,45.458908],[9.27038,45.459493],[9.270329,45.459735],[9.270351,45.45988],[9.270248,45.4601],[9.270201,45.460312],[9.270197,45.460463],[9.270019,45.460621],[9.271186,45.460691],[9.271682,45.460776],[9.271928,45.460751],[9.272389,45.460753],[9.272756,45.460717],[9.272708,45.460789]]]}},{"type":"Feature","properties":{"id_nil":19,"nome":"Padova - Turro - Crescenzago","nome_orig":"PADOVA - TURRO - CRESCENZAGO","area_kmq":2.062,"perimetro_km":7.8,"lon_centro":9.23077,"lat_centro":45.50214,"n_annunci":439,"mediana_eur_mq":4091,"p25_eur_mq":3447,"p75_eur_mq":4782,"prezzo_mediano_eur":265000,"superficie_mediana_mq":66,"fonte_confini":"Comune di Milano - NIL vigenti PGT 2030 (CC BY)","fonte_prezzi":"Immobiliare.it, estrazione 2026-08-26"},"geometry":{"type":"Polygon","coordinates":[[[9.256054,45.511507],[9.254397,45.511221],[9.254117,45.511353],[9.253882,45.511254],[9.253596,45.511171],[9.253378,45.511113],[9.252751,45.511],[9.251598,45.510781],[9.249131,45.510321],[9.248614,45.510194],[9.248287,45.510043],[9.247709,45.50971],[9.247466,45.509573],[9.247233,45.509441],[9.244279,45.508058],[9.243752,45.507811],[9.242131,45.507052],[9.240889,45.506469],[9.240442,45.506262],[9.239048,45.505609],[9.237891,45.505067],[9.237439,45.504921],[9.236937,45.504818],[9.235614,45.504638],[9.234418,45.504411],[9.23358,45.504244],[9.232116,45.504078],[9.231926,45.504061],[9.230991,45.503958],[9.229939,45.503789],[9.228977,45.503585],[9.228168,45.503445],[9.227847,45.503411],[9.227303,45.503441],[9.226695,45.503558],[9.226157,45.503705],[9.225238,45.503977],[9.224854,45.504027],[9.223957,45.504046],[9.222963,45.50396],[9.221997,45.503776],[9.221192,45.503629],[9.220686,45.503523],[9.21992,45.50342],[9.219462,45.503327],[9.219108,45.503199],[9.218834,45.503043],[9.218246,45.502618],[9.218104,45.502483],[9.21756,45.5018],[9.217331,45.501425],[9.217106,45.50097],[9.217654,45.500501],[9.217984,45.500211],[9.218284,45.499972],[9.218506,45.499792],[9.218357,45.499703],[9.218773,45.499512],[9.219436,45.499012],[9.220398,45.498348],[9.221246,45.497967],[9.22248,45.497516],[9.223695,45.497122],[9.224054,45.496995],[9.22509,45.496601],[9.226194,45.496131],[9.226618,45.49591],[9.226947,45.49573],[9.228242,45.494851],[9.229829,45.49318],[9.230444,45.4925],[9.230832,45.4926],[9.231445,45.492833],[9.232011,45.493195],[9.232335,45.4934],[9.233127,45.493929],[9.234094,45.494622],[9.235198,45.495461],[9.235553,45.49573],[9.236004,45.496087],[9.237148,45.497041],[9.237384,45.497232],[9.238394,45.498078],[9.239169,45.498665],[9.239571,45.498951],[9.239916,45.499208],[9.24049,45.49966],[9.240923,45.500005],[9.241666,45.500585],[9.241974,45.50084],[9.243111,45.501701],[9.244225,45.502536],[9.244912,45.503087],[9.245453,45.503488],[9.245945,45.503843],[9.247009,45.504612],[9.247712,45.505136],[9.247987,45.50534],[9.249176,45.506255],[9.250183,45.507026],[9.251229,45.507777],[9.251542,45.508017],[9.25299,45.509151],[9.253546,45.509568],[9.254959,45.510687],[9.256054,45.511507]]]}},{"type":"Feature","properties":{"id_nil":41,"nome":"Gratosoglio - Q.Re Missaglia - Q.Re Terrazze","nome_orig":"GRATOSOGLIO - Q.RE MISSAGLIA - Q.RE TERRAZZE","area_kmq":3.316,"perimetro_km":9.81,"lon_centro":9.17199,"lat_centro":45.41267,"n_annunci":94,"mediana_eur_mq":3191,"p25_eur_mq":2667,"p75_eur_mq":3600,"prezzo_mediano_eur":299000,"superficie_mediana_mq":106,"fonte_confini":"Comune di Milano - NIL vigenti PGT 2030 (CC BY)","fonte_prezzi":"Immobiliare.it, estrazione 2026-08-26"},"geometry":{"type":"Polygon","coordinates":[[[9.173345,45.423456],[9.170742,45.42341],[9.170457,45.423132],[9.169656,45.420194],[9.169448,45.420215],[9.168821,45.420143],[9.167194,45.420385],[9.16629,45.420566],[9.164516,45.417502],[9.162787,45.414512],[9.162521,45.414055],[9.160817,45.411226],[9.158916,45.408165],[9.158871,45.408078],[9.158871,45.408078],[9.15887,45.408076],[9.158966,45.408044],[9.159062,45.408012],[9.159079,45.408009],[9.159135,45.407998],[9.158827,45.407455],[9.15868,45.407204],[9.158623,45.407105],[9.158561,45.406996],[9.158492,45.406873],[9.158206,45.40638],[9.158141,45.406269],[9.158084,45.406171],[9.157934,45.405921],[9.157901,45.405865],[9.157843,45.405761],[9.157723,45.405549],[9.157648,45.405418],[9.157593,45.405318],[9.15751,45.405171],[9.15744,45.405061],[9.157421,45.405029],[9.157394,45.404978],[9.157169,45.404586],[9.156966,45.404242],[9.15689,45.404119],[9.156867,45.404067],[9.1569,45.404007],[9.156909,45.404],[9.156986,45.403938],[9.15724,45.403699],[9.157277,45.403665],[9.157427,45.40353],[9.157453,45.403505],[9.157476,45.403485],[9.157515,45.403449],[9.157555,45.403413],[9.157677,45.4033],[9.157712,45.403269],[9.157728,45.403255],[9.157845,45.403151],[9.157859,45.403139],[9.157914,45.403085],[9.157932,45.403064],[9.157952,45.403038],[9.157991,45.402991],[9.157964,45.402973],[9.157922,45.402947],[9.15779,45.402862],[9.157527,45.402669],[9.157372,45.402559],[9.157328,45.402529],[9.157266,45.402485],[9.157121,45.402379],[9.157027,45.40232],[9.156922,45.402248],[9.156707,45.402099],[9.156346,45.401839],[9.155911,45.401537],[9.155908,45.401534],[9.156096,45.401493],[9.156231,45.401449],[9.156291,45.401432],[9.156467,45.401341],[9.156772,45.401172],[9.156852,45.40113],[9.157064,45.40116],[9.157328,45.401245],[9.157453,45.40128],[9.157578,45.401318],[9.157719,45.401353],[9.157875,45.40139],[9.15797,45.401415],[9.158143,45.401458],[9.158356,45.401512],[9.158662,45.401604],[9.158684,45.401637],[9.158651,45.401697],[9.158612,45.401765],[9.158573,45.40183],[9.158525,45.401904],[9.158452,45.402018],[9.15835,45.402173],[9.158297,45.402256],[9.15825,45.402337],[9.15821,45.402416],[9.158183,45.402472],[9.158144,45.402577],[9.158142,45.402582],[9.158223,45.402595],[9.158269,45.402602],[9.158355,45.402616],[9.158445,45.402638],[9.158509,45.402651],[9.158704,45.402703],[9.158798,45.402725],[9.159026,45.402774],[9.159261,45.402823],[9.15943,45.402859],[9.159645,45.402904],[9.159719,45.40292],[9.159741,45.402925],[9.159884,45.402955],[9.159944,45.402966],[9.159972,45.40297],[9.1603,45.403005],[9.161177,45.403083],[9.161459,45.403106],[9.16229,45.403181],[9.162985,45.403374],[9.163046,45.403346],[9.163112,45.403325],[9.163208,45.4033],[9.163339,45.403263],[9.163451,45.403237],[9.163577,45.403203],[9.163754,45.403153],[9.163879,45.403116],[9.163941,45.403101],[9.164018,45.403084],[9.164068,45.403064],[9.164075,45.403062],[9.164076,45.403066],[9.164081,45.403079],[9.164095,45.403099],[9.164111,45.40311],[9.164137,45.40312],[9.164153,45.403126],[9.164162,45.403139],[9.164175,45.403168],[9.164179,45.403189],[9.164188,45.403215],[9.164203,45.403241],[9.16422,45.403265],[9.16423,45.40328],[9.164228,45.403291],[9.164217,45.403297],[9.164202,45.403302],[9.164164,45.403308],[9.164132,45.403312],[9.164111,45.403316],[9.164094,45.403324],[9.164086,45.403332],[9.164081,45.403348],[9.164079,45.403373],[9.164084,45.403421],[9.164087,45.403421],[9.164111,45.40342],[9.164154,45.403418],[9.164192,45.403418],[9.164216,45.40342],[9.164253,45.403427],[9.16428,45.403434],[9.164299,45.403443],[9.164311,45.403455],[9.16432,45.40347],[9.164329,45.403493],[9.164331,45.403497],[9.164333,45.403499],[9.164334,45.403501],[9.164335,45.403503],[9.164337,45.403505],[9.164338,45.403507],[9.16434,45.403508],[9.164342,45.40351],[9.164344,45.403512],[9.164346,45.403513],[9.164348,45.403514],[9.164349,45.403515],[9.164351,45.403516],[9.164358,45.403519],[9.16436,45.40352],[9.164362,45.403521],[9.164364,45.403522],[9.164366,45.403522],[9.164368,45.403523],[9.164371,45.403523],[9.164374,45.403523],[9.164376,45.403524],[9.164378,45.403524],[9.16438,45.403524],[9.164382,45.403524],[9.164383,45.403523],[9.164384,45.403523],[9.164386,45.403522],[9.164388,45.403521],[9.164389,45.403519],[9.164391,45.403518],[9.164393,45.403516],[9.164395,45.403514],[9.1644,45.403511],[9.164402,45.40351],[9.164404,45.403508],[9.164406,45.403506],[9.164408,45.403504],[9.164412,45.4035],[9.164414,45.403498],[9.164417,45.403496],[9.164423,45.40349],[9.164425,45.403489],[9.164426,45.403487],[9.164428,45.403486],[9.164429,45.403484],[9.16443,45.403483],[9.164431,45.403481],[9.164432,45.40348],[9.164433,45.403478],[9.164435,45.403474],[9.164436,45.403472],[9.164437,45.40347],[9.164438,45.403468],[9.164439,45.403466],[9.16444,45.403465],[9.164441,45.403463],[9.164443,45.403461],[9.164444,45.40346],[9.164446,45.403457],[9.164447,45.403456],[9.164448,45.403455],[9.164449,45.403453],[9.16445,45.403451],[9.164451,45.40345],[9.164454,45.403448],[9.164456,45.403446],[9.164459,45.403444],[9.16447,45.403437],[9.164474,45.403435],[9.164477,45.403433],[9.16448,45.403431],[9.164484,45.40343],[9.164488,45.403428],[9.164491,45.403427],[9.164495,45.403425],[9.164499,45.403424],[9.164504,45.403423],[9.164508,45.403422],[9.164513,45.40342],[9.164526,45.403417],[9.16453,45.403416],[9.164535,45.403415],[9.164539,45.403414],[9.164543,45.403413],[9.164548,45.403413],[9.164557,45.403411],[9.164561,45.403411],[9.164565,45.40341],[9.164569,45.403409],[9.164573,45.403408],[9.164581,45.403406],[9.164585,45.403405],[9.16459,45.403403],[9.164595,45.403403],[9.1646,45.403402],[9.164605,45.4034],[9.164609,45.403399],[9.164612,45.403397],[9.164615,45.403395],[9.164618,45.403393],[9.164621,45.40339],[9.164624,45.403388],[9.164635,45.40338],[9.164637,45.403379],[9.164639,45.403377],[9.164645,45.403372],[9.164648,45.403371],[9.164653,45.403367],[9.164655,45.403365],[9.164658,45.403363],[9.164661,45.403361],[9.164664,45.40336],[9.164668,45.403358],[9.164671,45.403357],[9.164674,45.403355],[9.164677,45.403354],[9.164687,45.40335],[9.16469,45.403348],[9.164693,45.403347],[9.164696,45.403346],[9.164699,45.403345],[9.164705,45.403343],[9.164707,45.403342],[9.164711,45.403341],[9.164717,45.403338],[9.16472,45.403337],[9.164724,45.403335],[9.164727,45.403334],[9.164729,45.403334],[9.164732,45.403333],[9.164735,45.403332],[9.164748,45.403329],[9.164757,45.403326],[9.164768,45.403323],[9.164771,45.403322],[9.164774,45.403322],[9.164777,45.403321],[9.16478,45.403321],[9.164786,45.40332],[9.164788,45.40332],[9.164798,45.403318],[9.164801,45.403318],[9.164804,45.403317],[9.164807,45.403317],[9.164813,45.403316],[9.164816,45.403316],[9.164818,45.403316],[9.16482,45.403315],[9.164822,45.403315],[9.164824,45.403314],[9.164826,45.403314],[9.164828,45.403313],[9.164829,45.403312],[9.164831,45.403312],[9.164832,45.403311],[9.164834,45.40331],[9.164836,45.403309],[9.164837,45.403309],[9.164839,45.403308],[9.164848,45.403303],[9.164849,45.403302],[9.16485,45.403301],[9.164852,45.4033],[9.164853,45.403299],[9.164855,45.403298],[9.164857,45.403296],[9.164858,45.403295],[9.16486,45.403294],[9.164861,45.403292],[9.164863,45.403291],[9.164864,45.403289],[9.164865,45.403288],[9.164867,45.403285],[9.164869,45.403283],[9.164871,45.40328],[9.164873,45.403278],[9.164875,45.403275],[9.164876,45.403273],[9.164878,45.403271],[9.16488,45.40327],[9.164881,45.403268],[9.164883,45.403266],[9.164887,45.403262],[9.164895,45.403256],[9.164899,45.403252],[9.164903,45.403249],[9.164905,45.403246],[9.164908,45.403243],[9.16491,45.40324],[9.164912,45.403237],[9.164916,45.403233],[9.164919,45.403232],[9.164922,45.40323],[9.164925,45.403229],[9.164928,45.403229],[9.16493,45.403228],[9.164937,45.403225],[9.164939,45.403224],[9.164942,45.403224],[9.164944,45.403223],[9.164946,45.403222],[9.164954,45.403218],[9.164956,45.403217],[9.164962,45.403214],[9.164965,45.403213],[9.164968,45.403212],[9.16497,45.40321],[9.164973,45.403209],[9.164976,45.403207],[9.164979,45.403205],[9.164982,45.403203],[9.164984,45.403202],[9.164986,45.403201],[9.164988,45.4032],[9.164991,45.403199],[9.164993,45.403198],[9.164996,45.403197],[9.164999,45.403196],[9.165024,45.40319],[9.165028,45.403189],[9.165035,45.403187],[9.165039,45.403185],[9.165043,45.403184],[9.165047,45.403184],[9.165051,45.403183],[9.165055,45.403182],[9.165064,45.403181],[9.165067,45.40318],[9.16507,45.40318],[9.165072,45.40318],[9.165074,45.40318],[9.165076,45.403179],[9.165078,45.403178],[9.165079,45.403177],[9.165081,45.403175],[9.165083,45.403173],[9.165085,45.403172],[9.165087,45.40317],[9.16509,45.403168],[9.165098,45.403163],[9.165104,45.403159],[9.165106,45.403157],[9.165108,45.403156],[9.165111,45.403154],[9.165122,45.403147],[9.165125,45.403145],[9.165131,45.403141],[9.165134,45.40314],[9.165138,45.403138],[9.165145,45.403134],[9.165149,45.403132],[9.165153,45.40313],[9.165157,45.403129],[9.165161,45.403128],[9.165165,45.403128],[9.165169,45.403128],[9.165172,45.403128],[9.165175,45.403128],[9.165178,45.403128],[9.165185,45.403129],[9.165189,45.403129],[9.165192,45.403128],[9.165195,45.403128],[9.165198,45.403128],[9.1652,45.403127],[9.165203,45.403127],[9.165206,45.403126],[9.165209,45.403125],[9.165212,45.403124],[9.165218,45.403121],[9.165222,45.40312],[9.165235,45.403115],[9.165238,45.403114],[9.165239,45.403113],[9.165242,45.403112],[9.165244,45.403111],[9.165245,45.403111],[9.165249,45.40311],[9.165257,45.403108],[9.16526,45.403107],[9.165264,45.403105],[9.165267,45.403104],[9.16527,45.403103],[9.165276,45.4031],[9.165279,45.403098],[9.165283,45.403097],[9.165286,45.403095],[9.165305,45.403087],[9.165308,45.403086],[9.165311,45.403085],[9.165315,45.403084],[9.165319,45.403082],[9.165327,45.40308],[9.165333,45.403078],[9.165336,45.403077],[9.165338,45.403076],[9.165341,45.403075],[9.165343,45.403075],[9.165348,45.403074],[9.165352,45.403073],[9.16537,45.403069],[9.165373,45.403068],[9.165376,45.403068],[9.165379,45.403067],[9.165382,45.403067],[9.165384,45.403067],[9.165387,45.403067],[9.165389,45.403066],[9.165391,45.403066],[9.165392,45.403066],[9.165394,45.403066],[9.165398,45.403065],[9.1654,45.403065],[9.165403,45.403064],[9.165419,45.403061],[9.165422,45.40306],[9.165425,45.403059],[9.165428,45.403058],[9.165432,45.403058],[9.165436,45.403057],[9.16544,45.403056],[9.165445,45.403055],[9.165449,45.403054],[9.165454,45.403053],[9.165458,45.403053],[9.165462,45.403053],[9.165466,45.403052],[9.165483,45.403052],[9.165497,45.403051],[9.165511,45.403051],[9.165554,45.403051],[9.165563,45.403051],[9.165565,45.403051],[9.165568,45.403051],[9.165573,45.403051],[9.165575,45.40305],[9.165578,45.40305],[9.16558,45.40305],[9.165582,45.40305],[9.165585,45.40305],[9.165587,45.403049],[9.16559,45.403049],[9.165592,45.403048],[9.165594,45.403048],[9.165596,45.403047],[9.165598,45.403047],[9.1656,45.403046],[9.165601,45.403045],[9.165603,45.403044],[9.165604,45.403043],[9.165604,45.403042],[9.165605,45.403041],[9.165606,45.403039],[9.165607,45.403036],[9.165607,45.403034],[9.165608,45.403031],[9.165609,45.403025],[9.165609,45.403023],[9.165609,45.403021],[9.165609,45.403019],[9.16561,45.403015],[9.16561,45.403013],[9.165609,45.403009],[9.165609,45.403007],[9.16561,45.403005],[9.165611,45.403002],[9.165612,45.402998],[9.165613,45.402995],[9.165615,45.402992],[9.165616,45.402989],[9.165618,45.402987],[9.16562,45.402984],[9.165621,45.402982],[9.165623,45.40298],[9.165625,45.402978],[9.165632,45.402969],[9.165634,45.402966],[9.165636,45.402963],[9.165642,45.402957],[9.165644,45.402953],[9.165647,45.40295],[9.165648,45.402948],[9.16565,45.402945],[9.165653,45.40294],[9.165655,45.402937],[9.165657,45.402934],[9.165662,45.402928],[9.165664,45.402924],[9.165666,45.402921],[9.165667,45.402919],[9.165669,45.402916],[9.16567,45.402913],[9.165674,45.402904],[9.165678,45.402896],[9.165679,45.402893],[9.165681,45.402889],[9.165683,45.402885],[9.165686,45.402881],[9.165691,45.402873],[9.165693,45.402869],[9.165696,45.402864],[9.165698,45.40286],[9.165705,45.402846],[9.165713,45.402831],[9.165715,45.402826],[9.165717,45.402821],[9.165719,45.402817],[9.16572,45.402812],[9.165721,45.402807],[9.165723,45.402801],[9.165724,45.402796],[9.165726,45.402792],[9.165728,45.402787],[9.165731,45.402783],[9.165737,45.402771],[9.165739,45.402768],[9.165741,45.402764],[9.165746,45.402757],[9.165748,45.402754],[9.165755,45.402744],[9.165758,45.40274],[9.16576,45.402737],[9.165764,45.402729],[9.165767,45.402725],[9.165769,45.402722],[9.165772,45.402718],[9.165775,45.402714],[9.165778,45.40271],[9.165783,45.402703],[9.165801,45.402674],[9.165829,45.402632],[9.165831,45.402629],[9.165833,45.402626],[9.165836,45.402623],[9.165839,45.402619],[9.165842,45.402616],[9.165843,45.402613],[9.165848,45.402606],[9.16585,45.4026],[9.165852,45.402593],[9.165854,45.402587],[9.165855,45.402582],[9.165857,45.402576],[9.165859,45.402568],[9.165859,45.402565],[9.16586,45.402561],[9.16586,45.402557],[9.16586,45.402549],[9.165862,45.402525],[9.165862,45.402521],[9.165864,45.402507],[9.165865,45.402495],[9.165865,45.402491],[9.165865,45.402486],[9.165866,45.402481],[9.165867,45.402477],[9.16587,45.402462],[9.165871,45.402457],[9.165872,45.402446],[9.165873,45.402441],[9.165874,45.402436],[9.165876,45.402432],[9.165878,45.402428],[9.16588,45.402423],[9.165887,45.40241],[9.16589,45.402406],[9.165898,45.402393],[9.165903,45.402385],[9.165905,45.402381],[9.165908,45.402376],[9.165911,45.402373],[9.165914,45.402369],[9.165917,45.402366],[9.165927,45.402356],[9.165935,45.402347],[9.165939,45.402343],[9.165943,45.402339],[9.165948,45.402336],[9.165951,45.402333],[9.165954,45.402331],[9.165958,45.402329],[9.16597,45.402321],[9.165974,45.402319],[9.165979,45.402316],[9.165984,45.402314],[9.165988,45.402311],[9.165993,45.402309],[9.165998,45.402306],[9.166002,45.402304],[9.166007,45.402301],[9.166012,45.402299],[9.166018,45.402297],[9.166025,45.402294],[9.166063,45.402281],[9.166112,45.402267],[9.16615,45.402256],[9.166244,45.402228],[9.166413,45.402178],[9.166399,45.402158],[9.166299,45.402005],[9.166257,45.40194],[9.166182,45.40182],[9.166152,45.401772],[9.166021,45.401563],[9.165861,45.401309],[9.165604,45.400918],[9.165459,45.400699],[9.16529,45.400441],[9.16546,45.400442],[9.16559,45.400444],[9.16562,45.400444],[9.166599,45.400453],[9.166541,45.400672],[9.166512,45.400811],[9.166503,45.400846],[9.166513,45.400892],[9.166626,45.400967],[9.16692,45.401106],[9.167059,45.401148],[9.167316,45.401221],[9.167374,45.401247],[9.167665,45.401554],[9.167743,45.401671],[9.167943,45.401937],[9.167994,45.402008],[9.168049,45.402101],[9.168073,45.402175],[9.168097,45.402196],[9.168176,45.402214],[9.168202,45.40222],[9.168257,45.402232],[9.16836,45.402256],[9.168717,45.402373],[9.169598,45.402663],[9.169743,45.402708],[9.169959,45.402769],[9.170028,45.402773],[9.170523,45.402794],[9.170648,45.402801],[9.170697,45.402835],[9.170701,45.402862],[9.170749,45.402847],[9.170729,45.402755],[9.170713,45.402632],[9.1707,45.402432],[9.170693,45.402351],[9.170685,45.402259],[9.170669,45.402084],[9.170656,45.401956],[9.170642,45.401825],[9.170622,45.401671],[9.170602,45.40149],[9.170583,45.401316],[9.170547,45.401004],[9.170529,45.400873],[9.170512,45.400789],[9.170505,45.400745],[9.170537,45.400746],[9.170691,45.400745],[9.170945,45.400752],[9.171482,45.400751],[9.171955,45.400749],[9.172279,45.400752],[9.17278,45.400753],[9.173237,45.400745],[9.17353,45.400743],[9.173598,45.400742],[9.173601,45.400771],[9.173988,45.400768],[9.174448,45.402765],[9.174831,45.40381],[9.175264,45.404725],[9.175291,45.405412],[9.17498,45.406658],[9.176171,45.406567],[9.176207,45.406031],[9.180027,45.405543],[9.179991,45.406253],[9.180051,45.407083],[9.182257,45.40728],[9.18207,45.408205],[9.183514,45.408305],[9.182583,45.410756],[9.182525,45.411276],[9.181963,45.414729],[9.182165,45.415218],[9.181937,45.415613],[9.181828,45.417144],[9.181673,45.417963],[9.181923,45.418161],[9.181691,45.418343],[9.182275,45.420138],[9.18041,45.42107],[9.180678,45.421456],[9.180633,45.42234],[9.178517,45.422348],[9.178288,45.422401],[9.177923,45.422745],[9.177138,45.422754],[9.177077,45.42218],[9.174829,45.422203],[9.174019,45.422046],[9.173345,45.423456]]]}},{"type":"Feature","properties":{"id_nil":51,"nome":"Porta Magenta","nome_orig":"PORTA MAGENTA","area_kmq":1.306,"perimetro_km":4.9,"lon_centro":9.15631,"lat_centro":45.46121,"n_annunci":333,"mediana_eur_mq":7250,"p25_eur_mq":6000,"p75_eur_mq":8545,"prezzo_mediano_eur":670000,"superficie_mediana_mq":97,"fonte_confini":"Comune di Milano - NIL vigenti PGT 2030 (CC BY)","fonte_prezzi":"Immobiliare.it, estrazione 2026-08-26"},"geometry":{"type":"Polygon","coordinates":[[[9.1552,45.466869],[9.152835,45.467065],[9.151669,45.466704],[9.150653,45.466406],[9.150047,45.466848],[9.148628,45.46652],[9.148591,45.466721],[9.14791,45.466782],[9.146548,45.466906],[9.14606,45.466949],[9.146125,45.466731],[9.146395,45.465992],[9.146679,45.465434],[9.14704,45.464865],[9.148065,45.463056],[9.148685,45.462027],[9.149185,45.461124],[9.149267,45.460995],[9.149488,45.460635],[9.150018,45.459737],[9.15036,45.459034],[9.150673,45.458469],[9.150788,45.458285],[9.15085,45.45818],[9.151119,45.45773],[9.151257,45.45752],[9.151482,45.457155],[9.151649,45.456874],[9.152158,45.455963],[9.152244,45.455835],[9.152688,45.455205],[9.152938,45.455284],[9.15459,45.455813],[9.155244,45.456024],[9.156443,45.456398],[9.157163,45.456647],[9.1582,45.456967],[9.15898,45.45721],[9.15966,45.457435],[9.159955,45.457527],[9.161075,45.457893],[9.161483,45.458022],[9.162458,45.458319],[9.162584,45.458361],[9.164371,45.458954],[9.165794,45.459501],[9.165595,45.459624],[9.163797,45.460804],[9.163719,45.460903],[9.163417,45.461288],[9.164031,45.463476],[9.164052,45.463551],[9.164589,45.46532],[9.164746,45.465809],[9.164863,45.466191],[9.163049,45.466312],[9.162349,45.466354],[9.161902,45.466391],[9.159882,45.46655],[9.159313,45.466583],[9.159159,45.466594],[9.156969,45.466752],[9.1552,45.466869]]]}},{"type":"Feature","properties":{"id_nil":56,"nome":"Forze Armate","nome_orig":"FORZE ARMATE","area_kmq":3.207,"perimetro_km":10.21,"lon_centro":9.11765,"lat_centro":45.46271,"n_annunci":154,"mediana_eur_mq":3552,"p25_eur_mq":2946,"p75_eur_mq":4191,"prezzo_mediano_eur":299000,"superficie_mediana_mq":87,"fonte_confini":"Comune di Milano - NIL vigenti PGT 2030 (CC BY)","fonte_prezzi":"Immobiliare.it, estrazione 2026-08-26"},"geometry":{"type":"Polygon","coordinates":[[[9.12613,45.469279],[9.125736,45.469397],[9.124897,45.469648],[9.124267,45.469877],[9.123635,45.470228],[9.122733,45.470745],[9.12187,45.471221],[9.121731,45.471289],[9.120826,45.471823],[9.119286,45.472702],[9.118952,45.47289],[9.117855,45.471981],[9.116946,45.471192],[9.116217,45.470978],[9.114193,45.470631],[9.113917,45.470559],[9.111727,45.469976],[9.110851,45.469773],[9.10963,45.469638],[9.107682,45.469229],[9.106456,45.468973],[9.106119,45.469754],[9.105537,45.471103],[9.104478,45.470798],[9.103969,45.47075],[9.103771,45.470908],[9.103474,45.471063],[9.102907,45.471168],[9.102492,45.471155],[9.102217,45.471017],[9.101623,45.470495],[9.102923,45.46918],[9.103623,45.466601],[9.10599,45.466656],[9.107485,45.466825],[9.109623,45.466905],[9.109525,45.46675],[9.109371,45.465759],[9.109549,45.46509],[9.110072,45.463516],[9.108822,45.463256],[9.108002,45.463091],[9.10714,45.462971],[9.107539,45.46149],[9.106864,45.461433],[9.106354,45.461746],[9.106083,45.462117],[9.104014,45.461799],[9.103964,45.461861],[9.103431,45.46178],[9.102985,45.462747],[9.102232,45.462675],[9.101389,45.461052],[9.099241,45.460741],[9.097715,45.460861],[9.097529,45.462863],[9.096074,45.4625],[9.096984,45.460255],[9.097091,45.460239],[9.097763,45.45903],[9.097995,45.458664],[9.098256,45.458276],[9.097451,45.458041],[9.099117,45.456306],[9.099947,45.455489],[9.100615,45.454777],[9.101066,45.453831],[9.101333,45.453126],[9.102106,45.452645],[9.102574,45.452573],[9.103084,45.452606],[9.104785,45.453524],[9.105435,45.453801],[9.10731,45.454178],[9.108722,45.454417],[9.110537,45.454747],[9.112345,45.455115],[9.114884,45.455648],[9.116291,45.456008],[9.116463,45.456061],[9.117494,45.456346],[9.117759,45.456413],[9.118546,45.456621],[9.119386,45.45683],[9.119514,45.456868],[9.120306,45.45708],[9.120838,45.457218],[9.121109,45.457288],[9.122227,45.45757],[9.122783,45.457729],[9.124699,45.458222],[9.126224,45.458627],[9.128312,45.459164],[9.129652,45.459525],[9.129058,45.460643],[9.128833,45.461127],[9.128403,45.462012],[9.127939,45.463025],[9.127448,45.464951],[9.127296,45.465457],[9.127108,45.466083],[9.126714,45.467363],[9.126469,45.468206],[9.126379,45.468508],[9.12613,45.469279]]]}},{"type":"Feature","properties":{"id_nil":70,"nome":"Ghisolfa","nome_orig":"GHISOLFA","area_kmq":1.051,"perimetro_km":4.55,"lon_centro":9.16188,"lat_centro":45.49211,"n_annunci":244,"mediana_eur_mq":5842,"p25_eur_mq":5067,"p75_eur_mq":6732,"prezzo_mediano_eur":399500,"superficie_mediana_mq":75,"fonte_confini":"Comune di Milano - NIL vigenti PGT 2030 (CC BY)","fonte_prezzi":"Immobiliare.it, estrazione 2026-08-26"},"geometry":{"type":"Polygon","coordinates":[[[9.173028,45.490602],[9.171812,45.490861],[9.171002,45.491143],[9.170411,45.491362],[9.169679,45.49174],[9.16836,45.492613],[9.167185,45.493492],[9.166355,45.49422],[9.16568,45.494813],[9.163912,45.495908],[9.163524,45.496228],[9.162038,45.496901],[9.160123,45.495699],[9.15951,45.495311],[9.157707,45.494096],[9.157157,45.493744],[9.157092,45.493703],[9.156559,45.493361],[9.155196,45.492478],[9.153304,45.491238],[9.153024,45.491053],[9.152555,45.490745],[9.15152,45.490074],[9.151906,45.489891],[9.153591,45.489112],[9.154949,45.488523],[9.156362,45.487854],[9.157882,45.487856],[9.158737,45.487848],[9.160556,45.487802],[9.160753,45.487807],[9.1622,45.487774],[9.164113,45.487728],[9.166177,45.48766],[9.168631,45.487564],[9.169155,45.487527],[9.169855,45.487498],[9.17238,45.487449],[9.174653,45.487399],[9.173622,45.488887],[9.174204,45.489114],[9.173464,45.490087],[9.173283,45.490236],[9.173028,45.490602]]]}},{"type":"Feature","properties":{"id_nil":34,"nome":"Chiaravalle","nome_orig":"CHIARAVALLE","area_kmq":0.309,"perimetro_km":2.93,"lon_centro":9.24147,"lat_centro":45.41675,"n_annunci":4,"mediana_eur_mq":null,"p25_eur_mq":null,"p75_eur_mq":null,"prezzo_mediano_eur":null,"superficie_mediana_mq":null,"fonte_confini":"Comune di Milano - NIL vigenti PGT 2030 (CC BY)","fonte_prezzi":"Immobiliare.it, estrazione 2026-08-26"},"geometry":{"type":"Polygon","coordinates":[[[9.245065,45.417421],[9.245055,45.417427],[9.245045,45.417433],[9.245036,45.417438],[9.245026,45.417444],[9.245016,45.41745],[9.245006,45.417456],[9.244996,45.417461],[9.244986,45.417466],[9.244976,45.417472],[9.244965,45.417478],[9.244955,45.417483],[9.244945,45.417489],[9.244935,45.417494],[9.244925,45.4175],[9.244915,45.417505],[9.244905,45.417511],[9.244885,45.417524],[9.244786,45.417579],[9.244776,45.417584],[9.244766,45.41759],[9.244756,45.417595],[9.244746,45.417601],[9.244736,45.417606],[9.244725,45.417612],[9.244715,45.417617],[9.244705,45.417622],[9.244694,45.417628],[9.244684,45.417633],[9.244674,45.417638],[9.244664,45.417644],[9.244653,45.417649],[9.244643,45.417654],[9.244633,45.41766],[9.244623,45.417665],[9.244613,45.417671],[9.244602,45.417676],[9.244592,45.417682],[9.244582,45.417687],[9.244572,45.417693],[9.244562,45.417698],[9.244552,45.417704],[9.244542,45.417709],[9.244531,45.417715],[9.244521,45.41772],[9.244511,45.417725],[9.244501,45.417731],[9.244491,45.417736],[9.244481,45.417742],[9.244471,45.417747],[9.24446,45.417753],[9.24445,45.417758],[9.24444,45.417764],[9.24443,45.417769],[9.24442,45.417775],[9.24441,45.417781],[9.2444,45.417786],[9.24439,45.417792],[9.24438,45.417797],[9.24437,45.417803],[9.24436,45.417809],[9.24435,45.417814],[9.24434,45.41782],[9.24433,45.417826],[9.24432,45.417831],[9.24431,45.417837],[9.2443,45.417843],[9.24429,45.417848],[9.244281,45.417854],[9.244271,45.41786],[9.244261,45.417865],[9.244251,45.417871],[9.244241,45.417877],[9.244231,45.417882],[9.244221,45.417888],[9.244211,45.417894],[9.244202,45.4179],[9.244192,45.417906],[9.244125,45.417943],[9.244085,45.417961],[9.243693,45.418133],[9.24338,45.418227],[9.242996,45.418377],[9.242585,45.418563],[9.242486,45.418607],[9.242291,45.418693],[9.242162,45.418748],[9.24183,45.418877],[9.241588,45.418979],[9.24117,45.419169],[9.240878,45.4193],[9.240583,45.419416],[9.240365,45.419505],[9.240336,45.419517],[9.238937,45.420146],[9.238813,45.420111],[9.238545,45.41969],[9.237144,45.418181],[9.236438,45.417518],[9.234908,45.416007],[9.233779,45.415111],[9.237322,45.413489],[9.237742,45.415179],[9.238155,45.416899],[9.238348,45.416869],[9.238554,45.416625],[9.238971,45.416295],[9.238916,45.41621],[9.239286,45.41596],[9.239692,45.414865],[9.239359,45.414428],[9.240297,45.414145],[9.241328,45.414602],[9.243033,45.415078],[9.245065,45.417421]]]}},{"type":"Feature","properties":{"id_nil":85,"nome":"Parco Delle Abbazie","nome_orig":"PARCO DELLE ABBAZIE","area_kmq":13.734,"perimetro_km":33.83,"lon_centro":9.22533,"lat_centro":45.4101,"n_annunci":35,"mediana_eur_mq":2290,"p25_eur_mq":1702,"p75_eur_mq":2458,"prezzo_mediano_eur":279000,"superficie_mediana_mq":114,"fonte_confini":"Comune di Milano - NIL vigenti PGT 2030 (CC BY)","fonte_prezzi":"Immobiliare.it, estrazione 2026-08-26"},"geometry":{"type":"Polygon","coordinates":[[[9.217107,45.431868],[9.215311,45.432325],[9.214845,45.433497],[9.2143,45.433471],[9.211778,45.432708],[9.210293,45.432433],[9.208562,45.432092],[9.20881,45.431664],[9.20897,45.431482],[9.209542,45.431221],[9.210391,45.429121],[9.210993,45.42714],[9.211454,45.426422],[9.212434,45.425236],[9.212076,45.425043],[9.210945,45.424938],[9.209442,45.424733],[9.210122,45.423472],[9.20761,45.42295],[9.207434,45.423239],[9.206923,45.423141],[9.206868,45.423308],[9.206561,45.4233],[9.205158,45.422026],[9.205992,45.419638],[9.205704,45.419567],[9.204733,45.419353],[9.203754,45.420235],[9.202076,45.421004],[9.199098,45.422431],[9.198485,45.422899],[9.197737,45.423824],[9.196503,45.426701],[9.195992,45.427916],[9.19373,45.427828],[9.193854,45.425557],[9.19106,45.425456],[9.190798,45.425262],[9.190093,45.425761],[9.18917,45.425207],[9.187906,45.426326],[9.185837,45.425199],[9.184226,45.426484],[9.183408,45.426092],[9.182583,45.426992],[9.18081,45.425885],[9.180479,45.425556],[9.18069,45.425374],[9.180644,45.423562],[9.180633,45.42234],[9.180678,45.421456],[9.18041,45.42107],[9.182275,45.420138],[9.181691,45.418343],[9.181923,45.418161],[9.181673,45.417963],[9.181828,45.417144],[9.181937,45.415613],[9.182165,45.415218],[9.181963,45.414729],[9.182525,45.411276],[9.182583,45.410756],[9.183514,45.408305],[9.18207,45.408205],[9.182257,45.40728],[9.180051,45.407083],[9.179991,45.406253],[9.180027,45.405543],[9.176207,45.406031],[9.176171,45.406567],[9.17498,45.406658],[9.175291,45.405412],[9.175264,45.404725],[9.174831,45.40381],[9.174448,45.402765],[9.173988,45.400768],[9.173601,45.400771],[9.173598,45.400742],[9.173578,45.40059],[9.173553,45.400363],[9.173515,45.400007],[9.173471,45.399659],[9.17341,45.399127],[9.173391,45.398961],[9.17334,45.398508],[9.173293,45.398086],[9.173261,45.397831],[9.173248,45.39772],[9.173242,45.397674],[9.173184,45.397177],[9.17318,45.397156],[9.173165,45.397025],[9.173092,45.396397],[9.173084,45.396329],[9.173061,45.396126],[9.172935,45.395019],[9.172882,45.394588],[9.172938,45.394577],[9.173033,45.394559],[9.173271,45.394512],[9.173353,45.394496],[9.173386,45.39449],[9.17339,45.394489],[9.173448,45.394471],[9.173531,45.394447],[9.173668,45.394414],[9.17377,45.394396],[9.173836,45.394385],[9.173862,45.394381],[9.173947,45.394363],[9.174073,45.394345],[9.174212,45.394318],[9.174309,45.394294],[9.174432,45.394264],[9.174557,45.394243],[9.17464,45.39423],[9.174755,45.394205],[9.174834,45.394185],[9.174898,45.394169],[9.175002,45.394147],[9.175106,45.394123],[9.17521,45.394102],[9.175379,45.394074],[9.175547,45.394039],[9.175641,45.394021],[9.175748,45.394005],[9.175857,45.393983],[9.176017,45.393947],[9.176211,45.393899],[9.176257,45.393888],[9.176371,45.393863],[9.176475,45.393845],[9.176562,45.393827],[9.176661,45.3938],[9.176771,45.393769],[9.176929,45.393733],[9.177034,45.393715],[9.177126,45.393699],[9.177212,45.393683],[9.177278,45.39367],[9.17737,45.393653],[9.177486,45.393626],[9.177568,45.393609],[9.177626,45.393598],[9.177711,45.393581],[9.177773,45.393568],[9.177856,45.393549],[9.177906,45.393535],[9.177966,45.393517],[9.178064,45.393494],[9.178153,45.393476],[9.178217,45.393462],[9.178296,45.393447],[9.178385,45.39343],[9.178476,45.393415],[9.178545,45.3934],[9.178593,45.393387],[9.178645,45.393374],[9.178688,45.393363],[9.178752,45.393352],[9.178799,45.393346],[9.178869,45.393341],[9.178922,45.393337],[9.178978,45.393329],[9.179051,45.39332],[9.179134,45.393312],[9.179201,45.393305],[9.17926,45.3933],[9.179302,45.393293],[9.179351,45.393282],[9.179396,45.393271],[9.179432,45.393256],[9.179499,45.393221],[9.179584,45.393173],[9.179662,45.393132],[9.17972,45.393102],[9.179774,45.393077],[9.179842,45.393053],[9.179893,45.393037],[9.179968,45.39301],[9.180032,45.392988],[9.180084,45.392968],[9.180214,45.392917],[9.18026,45.392897],[9.180352,45.392858],[9.180457,45.392801],[9.180563,45.392749],[9.180654,45.392708],[9.180787,45.392656],[9.180924,45.392606],[9.180955,45.392595],[9.181054,45.392595],[9.181054,45.392581],[9.181054,45.392555],[9.181072,45.392545],[9.18114,45.392508],[9.18118,45.392486],[9.181222,45.392467],[9.181232,45.392462],[9.181242,45.392457],[9.181253,45.392452],[9.181263,45.392447],[9.181274,45.392441],[9.181284,45.392436],[9.181295,45.392431],[9.181305,45.392426],[9.181316,45.392421],[9.181326,45.392416],[9.181337,45.392411],[9.181347,45.392405],[9.181358,45.392401],[9.181369,45.392396],[9.18138,45.392391],[9.181391,45.392386],[9.181401,45.392381],[9.181412,45.392376],[9.181423,45.392372],[9.181442,45.392365],[9.181454,45.392361],[9.181464,45.392357],[9.181474,45.392352],[9.181485,45.392347],[9.181496,45.392343],[9.181507,45.392338],[9.181518,45.392334],[9.181529,45.392329],[9.18154,45.392325],[9.181551,45.39232],[9.181562,45.392315],[9.181573,45.392311],[9.181583,45.392306],[9.181594,45.3923],[9.181605,45.392295],[9.181616,45.392291],[9.181627,45.392286],[9.181638,45.392282],[9.181649,45.392277],[9.181659,45.392272],[9.18167,45.392267],[9.181681,45.392262],[9.181691,45.392258],[9.181702,45.392253],[9.181713,45.392248],[9.181724,45.392243],[9.181735,45.392239],[9.181746,45.392234],[9.181757,45.392229],[9.181768,45.392224],[9.181779,45.39222],[9.181789,45.392215],[9.1818,45.39221],[9.181811,45.392205],[9.181821,45.3922],[9.181832,45.392196],[9.181843,45.392191],[9.181853,45.392186],[9.181864,45.392181],[9.181875,45.392176],[9.181886,45.392171],[9.181896,45.392166],[9.181906,45.392161],[9.181916,45.392156],[9.181926,45.39215],[9.181937,45.392145],[9.181947,45.39214],[9.181958,45.392135],[9.181968,45.39213],[9.181979,45.392124],[9.181989,45.392119],[9.182,45.392114],[9.18201,45.392109],[9.182021,45.392104],[9.182032,45.392099],[9.182042,45.392094],[9.182054,45.392089],[9.182065,45.392084],[9.182076,45.39208],[9.182087,45.392075],[9.182098,45.39207],[9.182109,45.392066],[9.18212,45.392061],[9.182131,45.392057],[9.182142,45.392052],[9.182153,45.392048],[9.182163,45.392043],[9.182173,45.392038],[9.182183,45.392032],[9.182194,45.392027],[9.182205,45.392022],[9.182216,45.392018],[9.182228,45.392013],[9.182239,45.392009],[9.18225,45.392004],[9.182261,45.392],[9.182272,45.391995],[9.182283,45.391991],[9.182294,45.391986],[9.182305,45.391982],[9.182316,45.391977],[9.182327,45.391973],[9.182338,45.391968],[9.182349,45.391963],[9.18236,45.391959],[9.18237,45.391954],[9.182381,45.391949],[9.182392,45.391945],[9.182402,45.39194],[9.182413,45.391935],[9.182423,45.39193],[9.182433,45.391925],[9.182443,45.391919],[9.182452,45.391914],[9.182461,45.391908],[9.18247,45.391902],[9.182477,45.391896],[9.182484,45.391889],[9.18249,45.391882],[9.182493,45.391875],[9.182497,45.391867],[9.182498,45.391859],[9.182499,45.391851],[9.182499,45.391843],[9.182499,45.391834],[9.182498,45.391825],[9.182497,45.391817],[9.182495,45.391808],[9.182494,45.391799],[9.182491,45.391791],[9.182488,45.391782],[9.182485,45.391774],[9.182481,45.391765],[9.182477,45.391758],[9.182472,45.39175],[9.182466,45.391741],[9.182461,45.391733],[9.182456,45.391725],[9.18245,45.391717],[9.182445,45.391709],[9.18244,45.3917],[9.182435,45.391691],[9.182431,45.391683],[9.182426,45.391674],[9.182422,45.391666],[9.182418,45.391658],[9.182413,45.391649],[9.182409,45.391641],[9.182405,45.391632],[9.182401,45.391624],[9.182396,45.391615],[9.182391,45.391607],[9.182387,45.391599],[9.182383,45.39159],[9.182378,45.391581],[9.182375,45.391573],[9.182371,45.391564],[9.182367,45.391555],[9.182363,45.391547],[9.182359,45.391538],[9.182356,45.391529],[9.182352,45.39152],[9.182349,45.391512],[9.182345,45.391503],[9.182342,45.391495],[9.182338,45.391486],[9.182335,45.391477],[9.182331,45.391469],[9.182327,45.39146],[9.182323,45.391452],[9.182319,45.391444],[9.182314,45.391435],[9.182309,45.391427],[9.182305,45.391418],[9.182301,45.39141],[9.182296,45.391401],[9.182292,45.391393],[9.182289,45.391384],[9.182286,45.391375],[9.182283,45.391366],[9.182281,45.391357],[9.182278,45.391348],[9.182276,45.391339],[9.182273,45.39133],[9.18227,45.391322],[9.182265,45.391314],[9.182261,45.391305],[9.182258,45.391297],[9.182254,45.391288],[9.18225,45.391279],[9.182246,45.391271],[9.182242,45.391262],[9.182239,45.391253],[9.182235,45.391244],[9.182232,45.391235],[9.182229,45.391227],[9.182227,45.391218],[9.182224,45.391209],[9.182222,45.3912],[9.182219,45.391191],[9.182216,45.391183],[9.182214,45.391174],[9.182211,45.391165],[9.182207,45.391156],[9.182204,45.391148],[9.182201,45.391139],[9.182198,45.39113],[9.182195,45.391121],[9.182192,45.391113],[9.182189,45.391104],[9.182186,45.391095],[9.182183,45.391086],[9.182181,45.391077],[9.182178,45.391069],[9.182175,45.39106],[9.182172,45.391051],[9.182169,45.391043],[9.182165,45.391034],[9.182162,45.391025],[9.182159,45.391017],[9.182155,45.391008],[9.182152,45.390999],[9.182149,45.39099],[9.182145,45.390982],[9.182142,45.390973],[9.182139,45.390964],[9.182136,45.390955],[9.182133,45.390946],[9.182131,45.390937],[9.182128,45.390929],[9.182126,45.39092],[9.182124,45.390911],[9.182121,45.390902],[9.182119,45.390893],[9.182116,45.390884],[9.182114,45.390876],[9.182111,45.390867],[9.182109,45.390858],[9.182107,45.390849],[9.182104,45.39084],[9.182102,45.390831],[9.182096,45.390817],[9.182096,45.390792],[9.182089,45.390766],[9.182098,45.390744],[9.18212,45.390729],[9.182152,45.390715],[9.182191,45.390699],[9.182231,45.390681],[9.182266,45.390664],[9.182302,45.390647],[9.182341,45.390624],[9.182385,45.390596],[9.182433,45.390571],[9.182456,45.390559],[9.182491,45.390548],[9.18256,45.390533],[9.182586,45.390531],[9.182598,45.39053],[9.182611,45.390528],[9.182624,45.390527],[9.182637,45.390526],[9.18265,45.390525],[9.182663,45.390524],[9.182675,45.390524],[9.182688,45.390523],[9.182701,45.390522],[9.182714,45.390521],[9.182726,45.39052],[9.182739,45.390519],[9.182752,45.390519],[9.182765,45.390518],[9.182778,45.390518],[9.18279,45.390517],[9.182803,45.390517],[9.182815,45.390517],[9.182827,45.390516],[9.18284,45.390515],[9.182852,45.390513],[9.182865,45.390512],[9.182878,45.390511],[9.18289,45.39051],[9.182903,45.390509],[9.182916,45.390507],[9.182929,45.390506],[9.182941,45.390505],[9.182954,45.390503],[9.182966,45.390502],[9.182979,45.3905],[9.182992,45.390499],[9.183005,45.390498],[9.183017,45.390497],[9.18303,45.390496],[9.183043,45.390494],[9.183055,45.390493],[9.183068,45.390492],[9.18308,45.390491],[9.183093,45.39049],[9.183105,45.390488],[9.183117,45.390486],[9.18313,45.390485],[9.183142,45.390483],[9.183155,45.390481],[9.183167,45.390479],[9.18318,45.390476],[9.183192,45.390474],[9.183205,45.390472],[9.183217,45.39047],[9.18323,45.390468],[9.183243,45.390467],[9.183255,45.390465],[9.183268,45.390463],[9.183281,45.390462],[9.183293,45.390461],[9.183306,45.390459],[9.183319,45.390458],[9.183332,45.390457],[9.183344,45.390455],[9.183357,45.390454],[9.183369,45.390453],[9.183381,45.390452],[9.183394,45.390451],[9.183407,45.390449],[9.183419,45.390448],[9.183432,45.390447],[9.183445,45.390445],[9.183458,45.390444],[9.18347,45.390443],[9.183483,45.390441],[9.183496,45.39044],[9.183509,45.390439],[9.183521,45.390438],[9.183534,45.390437],[9.183547,45.390437],[9.18356,45.390436],[9.183572,45.390435],[9.183585,45.390434],[9.183597,45.390432],[9.18361,45.390431],[9.183622,45.390429],[9.183634,45.390428],[9.183646,45.390426],[9.183658,45.390424],[9.18367,45.390421],[9.183682,45.390418],[9.183693,45.390416],[9.183704,45.390412],[9.183716,45.390409],[9.183731,45.390406],[9.183744,45.390403],[9.183757,45.390401],[9.18377,45.3904],[9.183783,45.390399],[9.183795,45.390398],[9.183807,45.390396],[9.18382,45.390395],[9.183833,45.390393],[9.183846,45.390392],[9.183859,45.390391],[9.183872,45.390391],[9.183885,45.39039],[9.183898,45.39039],[9.183911,45.39039],[9.183923,45.390389],[9.183936,45.390388],[9.183948,45.390388],[9.183961,45.390387],[9.183973,45.390386],[9.183985,45.390384],[9.183997,45.390383],[9.184009,45.390382],[9.184021,45.39038],[9.184033,45.390378],[9.184045,45.390376],[9.184056,45.390373],[9.184068,45.39037],[9.18408,45.390367],[9.184091,45.390363],[9.184103,45.390359],[9.184115,45.390356],[9.184127,45.390352],[9.18414,45.390349],[9.184152,45.390346],[9.184164,45.390343],[9.184175,45.390339],[9.184186,45.390336],[9.184196,45.390332],[9.184206,45.390327],[9.184216,45.390322],[9.184226,45.390317],[9.184236,45.390312],[9.184246,45.390307],[9.184257,45.390303],[9.184268,45.390298],[9.18428,45.390294],[9.184291,45.390289],[9.184302,45.390285],[9.184314,45.39028],[9.184325,45.390276],[9.184336,45.390271],[9.184346,45.390266],[9.184358,45.390261],[9.184369,45.390257],[9.184381,45.390253],[9.184393,45.390248],[9.184405,45.390244],[9.184417,45.39024],[9.18443,45.390236],[9.184441,45.390234],[9.184453,45.390231],[9.184464,45.390228],[9.184477,45.390225],[9.184489,45.390223],[9.184499,45.390219],[9.184506,45.390214],[9.184526,45.390204],[9.184539,45.3902],[9.184758,45.39013],[9.184908,45.390082],[9.185066,45.390033],[9.185235,45.389982],[9.185404,45.389933],[9.185533,45.389894],[9.185597,45.389875],[9.185611,45.38987],[9.185644,45.389878],[9.185637,45.389884],[9.185606,45.389913],[9.185589,45.389927],[9.185582,45.389935],[9.185655,45.389972],[9.185693,45.389996],[9.185733,45.390025],[9.18578,45.390063],[9.185815,45.390088],[9.186026,45.390195],[9.18606,45.390213],[9.186074,45.390328],[9.186049,45.390391],[9.186078,45.390473],[9.186092,45.390522],[9.186125,45.390613],[9.186134,45.390653],[9.186135,45.390679],[9.186136,45.390688],[9.186138,45.390697],[9.18614,45.390706],[9.186142,45.39071],[9.186144,45.390719],[9.186146,45.390728],[9.186149,45.390737],[9.186151,45.390746],[9.186153,45.390755],[9.186156,45.390764],[9.186158,45.390772],[9.18616,45.390781],[9.186163,45.39079],[9.186165,45.390799],[9.186168,45.390808],[9.186171,45.390816],[9.186173,45.390825],[9.186176,45.390834],[9.186179,45.390843],[9.186181,45.390852],[9.186183,45.390861],[9.186185,45.390869],[9.186187,45.390877],[9.186189,45.390886],[9.186191,45.390895],[9.186192,45.390904],[9.186194,45.390913],[9.186196,45.390917],[9.186198,45.390926],[9.1862,45.390935],[9.186203,45.390944],[9.186205,45.390953],[9.186208,45.390962],[9.186211,45.390971],[9.186214,45.390979],[9.186217,45.390988],[9.186219,45.390997],[9.186222,45.391006],[9.186224,45.391015],[9.186226,45.391023],[9.186229,45.391032],[9.186232,45.391041],[9.186235,45.39105],[9.186238,45.391059],[9.18624,45.391067],[9.186243,45.391076],[9.186246,45.391085],[9.186248,45.391094],[9.186251,45.391103],[9.186255,45.391111],[9.186258,45.39112],[9.186261,45.391129],[9.186264,45.391137],[9.186267,45.391146],[9.18627,45.391155],[9.186273,45.391164],[9.186275,45.391173],[9.186278,45.391181],[9.18628,45.39119],[9.186282,45.391199],[9.186285,45.391208],[9.186288,45.391217],[9.18629,45.391226],[9.186292,45.391234],[9.186294,45.391243],[9.186295,45.391248],[9.186296,45.391257],[9.186298,45.391265],[9.186299,45.391274],[9.186301,45.391283],[9.186303,45.391292],[9.186304,45.391301],[9.186306,45.39131],[9.186308,45.391319],[9.186311,45.391328],[9.186312,45.391337],[9.186313,45.391346],[9.186315,45.391355],[9.186317,45.391364],[9.18632,45.391372],[9.186323,45.391381],[9.186326,45.39139],[9.18633,45.391399],[9.186334,45.391407],[9.186342,45.391415],[9.186353,45.391423],[9.18636,45.391431],[9.186366,45.391439],[9.186381,45.391455],[9.186399,45.391467],[9.186411,45.391472],[9.186422,45.391473],[9.186441,45.391446],[9.186441,45.391445],[9.186442,45.391444],[9.186447,45.391437],[9.186453,45.391429],[9.18646,45.391421],[9.186467,45.391414],[9.186474,45.391406],[9.186481,45.391399],[9.186488,45.391391],[9.186496,45.391384],[9.186503,45.391377],[9.18651,45.391369],[9.186518,45.391362],[9.186526,45.391355],[9.186534,45.391348],[9.186543,45.391341],[9.186552,45.391335],[9.18656,45.391328],[9.186569,45.391322],[9.186578,45.391315],[9.186587,45.391308],[9.186596,45.391302],[9.186606,45.391296],[9.186607,45.391296],[9.186616,45.39129],[9.186626,45.391284],[9.186636,45.391278],[9.186646,45.391272],[9.186656,45.391267],[9.186667,45.391262],[9.186678,45.391257],[9.186689,45.391253],[9.1867,45.391248],[9.18671,45.391243],[9.186721,45.391238],[9.186732,45.391234],[9.186743,45.391229],[9.186753,45.391223],[9.186762,45.391217],[9.186771,45.39121],[9.186779,45.391203],[9.186787,45.391195],[9.186793,45.391186],[9.186798,45.391176],[9.186799,45.391172],[9.186802,45.391164],[9.186802,45.391155],[9.186803,45.391146],[9.186805,45.391137],[9.186807,45.391128],[9.18681,45.391119],[9.186812,45.39111],[9.186816,45.391101],[9.186819,45.391093],[9.186822,45.391084],[9.186825,45.391075],[9.186829,45.391067],[9.186832,45.391058],[9.186836,45.391049],[9.186839,45.39104],[9.186843,45.391032],[9.186848,45.391023],[9.186853,45.391015],[9.186859,45.391007],[9.186861,45.391003],[9.186867,45.390995],[9.186875,45.390988],[9.186884,45.390981],[9.186894,45.390975],[9.186904,45.390969],[9.186914,45.390963],[9.186925,45.390958],[9.186935,45.390952],[9.186944,45.390949],[9.186957,45.390946],[9.186969,45.390944],[9.186995,45.390945],[9.187024,45.390954],[9.187025,45.390966],[9.187027,45.390975],[9.187025,45.390986],[9.187024,45.390991],[9.187022,45.391],[9.187018,45.391009],[9.187014,45.391017],[9.187008,45.391025],[9.187002,45.391033],[9.186988,45.391049],[9.186986,45.391058],[9.186982,45.391066],[9.18698,45.391076],[9.186979,45.391082],[9.186983,45.391114],[9.186988,45.391123],[9.186996,45.39113],[9.187006,45.391138],[9.187011,45.391141],[9.187023,45.391145],[9.187035,45.391148],[9.187048,45.391149],[9.187062,45.391149],[9.187075,45.39115],[9.187088,45.391149],[9.187102,45.391148],[9.187102,45.391148],[9.187115,45.391146],[9.187127,45.391144],[9.187139,45.391141],[9.187151,45.391137],[9.187162,45.391132],[9.187173,45.391126],[9.187182,45.39112],[9.187219,45.391093],[9.187227,45.391086],[9.187236,45.391078],[9.187242,45.39107],[9.187249,45.391061],[9.187257,45.391054],[9.187276,45.391041],[9.187291,45.391047],[9.187296,45.391055],[9.187302,45.391063],[9.187305,45.391072],[9.187308,45.391081],[9.187309,45.39109],[9.187323,45.391126],[9.18733,45.391134],[9.187336,45.39114],[9.187343,45.391147],[9.187353,45.391154],[9.187362,45.39116],[9.187372,45.391166],[9.187383,45.391171],[9.187394,45.391175],[9.187406,45.39118],[9.187409,45.391181],[9.187421,45.391185],[9.187433,45.391189],[9.187445,45.391192],[9.187457,45.391196],[9.187469,45.391199],[9.187481,45.391203],[9.187493,45.391206],[9.187505,45.39121],[9.187516,45.391213],[9.187528,45.391217],[9.187539,45.391221],[9.187551,45.391225],[9.187563,45.391228],[9.187575,45.391231],[9.187587,45.391234],[9.187599,45.391237],[9.187611,45.39124],[9.187624,45.391242],[9.187636,45.391245],[9.187648,45.391248],[9.18766,45.391251],[9.187672,45.391254],[9.187685,45.391257],[9.187696,45.391261],[9.187708,45.391265],[9.187719,45.391268],[9.18773,45.391273],[9.187742,45.391277],[9.187753,45.391282],[9.187763,45.391287],[9.187774,45.391292],[9.187785,45.391298],[9.187795,45.391303],[9.187805,45.391309],[9.187815,45.391315],[9.187825,45.391321],[9.187835,45.391327],[9.187846,45.391333],[9.187855,45.391339],[9.187865,45.391346],[9.187874,45.391352],[9.187884,45.391359],[9.187893,45.391366],[9.187902,45.391373],[9.187911,45.391379],[9.18792,45.391386],[9.187929,45.391393],[9.187935,45.391397],[9.187944,45.391403],[9.187952,45.39141],[9.187961,45.391417],[9.187969,45.391424],[9.187978,45.39143],[9.187986,45.391437],[9.187995,45.391444],[9.188004,45.39145],[9.188012,45.391457],[9.188021,45.391463],[9.18803,45.39147],[9.188039,45.391476],[9.188048,45.391483],[9.188058,45.391488],[9.188068,45.391494],[9.188079,45.391499],[9.188089,45.391505],[9.188099,45.39151],[9.188109,45.391516],[9.188119,45.391522],[9.188129,45.391528],[9.188139,45.391533],[9.188149,45.391539],[9.188159,45.391544],[9.18817,45.391549],[9.18818,45.391554],[9.188191,45.39156],[9.188202,45.391565],[9.188212,45.39157],[9.188215,45.391571],[9.188227,45.391576],[9.188239,45.39158],[9.188269,45.391584],[9.188323,45.391597],[9.188333,45.391603],[9.188343,45.391609],[9.188352,45.391616],[9.188353,45.391616],[9.188366,45.391621],[9.188376,45.391627],[9.188386,45.391633],[9.188394,45.39164],[9.188402,45.391646],[9.188412,45.391652],[9.188484,45.391719],[9.188493,45.391726],[9.188502,45.391732],[9.188512,45.391738],[9.188522,45.391744],[9.188531,45.39175],[9.188542,45.391755],[9.188553,45.391761],[9.188563,45.391766],[9.188574,45.391771],[9.188584,45.391777],[9.188595,45.391782],[9.188604,45.391788],[9.188613,45.391794],[9.188617,45.391797],[9.188626,45.391803],[9.188635,45.39181],[9.188644,45.391816],[9.188653,45.391822],[9.188662,45.391829],[9.188671,45.391835],[9.188679,45.391842],[9.188688,45.391848],[9.188697,45.391855],[9.188706,45.391861],[9.188715,45.391867],[9.188724,45.391874],[9.188733,45.39188],[9.188743,45.391886],[9.188752,45.391892],[9.188761,45.391899],[9.18877,45.391905],[9.18878,45.391911],[9.188789,45.391917],[9.188799,45.391923],[9.188809,45.391929],[9.188819,45.391934],[9.18883,45.391939],[9.188841,45.391944],[9.188852,45.391949],[9.188862,45.391954],[9.188873,45.39196],[9.188883,45.391965],[9.188893,45.391971],[9.188903,45.391976],[9.188913,45.391982],[9.188923,45.391987],[9.188933,45.391993],[9.188943,45.391999],[9.188953,45.392004],[9.188963,45.39201],[9.188974,45.392015],[9.188984,45.392021],[9.188994,45.392026],[9.189005,45.392031],[9.189015,45.392037],[9.189025,45.392042],[9.189036,45.392047],[9.189046,45.392052],[9.189056,45.392058],[9.189067,45.392063],[9.189077,45.392068],[9.189088,45.392074],[9.189098,45.392079],[9.189108,45.392084],[9.189119,45.39209],[9.189129,45.392095],[9.189139,45.3921],[9.189141,45.392101],[9.189152,45.392107],[9.189162,45.392112],[9.189173,45.392117],[9.189184,45.392122],[9.189194,45.392127],[9.189204,45.392132],[9.189215,45.392137],[9.189225,45.392142],[9.189236,45.392147],[9.189246,45.392152],[9.189257,45.392157],[9.189268,45.392162],[9.189279,45.392167],[9.189289,45.392172],[9.189299,45.392178],[9.189309,45.392183],[9.189319,45.392189],[9.18933,45.392194],[9.18934,45.3922],[9.18935,45.392206],[9.18936,45.392211],[9.189369,45.392217],[9.189379,45.392223],[9.189389,45.392229],[9.189399,45.392235],[9.189408,45.392241],[9.189418,45.392247],[9.189428,45.392252],[9.189438,45.392258],[9.189447,45.392264],[9.189457,45.392269],[9.189467,45.392275],[9.189477,45.392281],[9.189487,45.392287],[9.189496,45.392293],[9.189506,45.392299],[9.189515,45.392305],[9.189524,45.392312],[9.189533,45.392318],[9.189542,45.392325],[9.189551,45.392331],[9.18956,45.392338],[9.189568,45.392345],[9.189577,45.392351],[9.189586,45.392358],[9.189594,45.392365],[9.189603,45.392372],[9.189612,45.392379],[9.18962,45.392385],[9.189629,45.392392],[9.189638,45.392399],[9.189842,45.39258],[9.189911,45.392638],[9.189951,45.392664],[9.190033,45.39267],[9.190036,45.39267],[9.190112,45.39264],[9.190118,45.39258],[9.190127,45.392473],[9.190161,45.392432],[9.190205,45.392431],[9.190253,45.392488],[9.190308,45.392576],[9.19031,45.39258],[9.190351,45.392653],[9.190342,45.39271],[9.19035,45.392732],[9.190398,45.392793],[9.190459,45.392785],[9.190469,45.392771],[9.190562,45.392579],[9.190565,45.392573],[9.190654,45.39255],[9.190913,45.39256],[9.190979,45.392562],[9.191011,45.392565],[9.191019,45.392557],[9.191028,45.39255],[9.191035,45.392542],[9.191042,45.392535],[9.191048,45.392527],[9.191053,45.392518],[9.191057,45.39251],[9.191061,45.392501],[9.191066,45.392493],[9.19107,45.392484],[9.191074,45.392475],[9.191078,45.392467],[9.191082,45.392458],[9.191087,45.392449],[9.191088,45.392446],[9.191093,45.392437],[9.191096,45.392429],[9.1911,45.39242],[9.191103,45.392411],[9.191106,45.392403],[9.19111,45.392394],[9.191112,45.392385],[9.191115,45.392376],[9.191118,45.392367],[9.19112,45.392359],[9.191121,45.39235],[9.191122,45.392341],[9.191123,45.392332],[9.191122,45.392322],[9.191114,45.392273],[9.19111,45.392254],[9.191107,45.392245],[9.191103,45.392237],[9.191099,45.392228],[9.191096,45.392219],[9.191093,45.39221],[9.19109,45.392201],[9.191086,45.392192],[9.191082,45.392183],[9.191055,45.392146],[9.191025,45.392121],[9.190999,45.392089],[9.190981,45.392054],[9.190957,45.392005],[9.190952,45.391981],[9.19095,45.391932],[9.190952,45.391923],[9.190954,45.391915],[9.190957,45.391906],[9.190961,45.391897],[9.190965,45.391889],[9.19097,45.39188],[9.190972,45.391876],[9.191086,45.391725],[9.191162,45.391621],[9.19119,45.39158],[9.191233,45.391475],[9.191233,45.391461],[9.191234,45.391416],[9.191235,45.391353],[9.191254,45.3909],[9.191269,45.390883],[9.19128,45.39087],[9.191287,45.390867],[9.191291,45.390865],[9.191399,45.390791],[9.191403,45.390722],[9.191377,45.390704],[9.191339,45.390679],[9.191268,45.390622],[9.191212,45.390577],[9.191071,45.390471],[9.191057,45.390462],[9.191032,45.390458],[9.19101,45.390459],[9.190993,45.390463],[9.19098,45.390466],[9.190966,45.390469],[9.190957,45.390472],[9.190949,45.390473],[9.190939,45.390474],[9.190933,45.390473],[9.190925,45.390471],[9.19092,45.390468],[9.190912,45.390462],[9.190906,45.390457],[9.190902,45.390454],[9.190899,45.390447],[9.190899,45.39044],[9.190898,45.390431],[9.190898,45.390423],[9.190898,45.390414],[9.190899,45.390404],[9.190899,45.390395],[9.190899,45.390385],[9.190898,45.390375],[9.190895,45.390362],[9.19089,45.390351],[9.190874,45.390341],[9.190861,45.390335],[9.190848,45.390329],[9.190837,45.390325],[9.190828,45.39032],[9.190821,45.390316],[9.190812,45.390311],[9.190804,45.390305],[9.190797,45.390298],[9.190789,45.390291],[9.19078,45.390283],[9.190772,45.390275],[9.190763,45.390268],[9.190753,45.390261],[9.190744,45.390256],[9.190735,45.39025],[9.190727,45.390244],[9.190719,45.390237],[9.190713,45.390231],[9.190706,45.390224],[9.1907,45.390217],[9.190695,45.39021],[9.19069,45.390202],[9.190686,45.390194],[9.190681,45.390185],[9.190676,45.390176],[9.190669,45.390167],[9.190663,45.390158],[9.190658,45.390151],[9.190652,45.390143],[9.190647,45.390136],[9.190643,45.390128],[9.19064,45.39012],[9.190637,45.390112],[9.190634,45.390106],[9.190634,45.390099],[9.190634,45.390092],[9.190635,45.390084],[9.190638,45.390076],[9.190641,45.390068],[9.190645,45.39006],[9.190649,45.390051],[9.190654,45.390043],[9.190658,45.390034],[9.190663,45.390026],[9.190667,45.390017],[9.190672,45.390009],[9.190677,45.390001],[9.190681,45.389993],[9.190686,45.389985],[9.190692,45.389977],[9.190697,45.38997],[9.190702,45.389962],[9.190709,45.389955],[9.190715,45.389948],[9.190723,45.389941],[9.190731,45.389935],[9.19074,45.389929],[9.190747,45.389923],[9.190755,45.389917],[9.190763,45.38991],[9.190771,45.389902],[9.190779,45.389895],[9.190787,45.389888],[9.190795,45.38988],[9.190803,45.389873],[9.190811,45.389865],[9.190818,45.389857],[9.190825,45.389848],[9.190831,45.38984],[9.190837,45.389831],[9.190842,45.389822],[9.190847,45.389813],[9.190851,45.389804],[9.190855,45.389794],[9.190858,45.389785],[9.190861,45.389775],[9.190862,45.389766],[9.190863,45.389756],[9.190863,45.389747],[9.190863,45.389738],[9.190863,45.389728],[9.190863,45.389719],[9.190862,45.389709],[9.190861,45.3897],[9.19086,45.389691],[9.190859,45.389683],[9.190858,45.389675],[9.190858,45.389666],[9.190858,45.389658],[9.190859,45.38965],[9.19086,45.389642],[9.190862,45.389634],[9.190863,45.389625],[9.190866,45.389617],[9.190868,45.389608],[9.190871,45.389599],[9.190874,45.38959],[9.190876,45.389581],[9.190879,45.389572],[9.190882,45.389563],[9.190884,45.389554],[9.190887,45.389545],[9.190889,45.389536],[9.19089,45.389527],[9.190892,45.389518],[9.190894,45.389509],[9.190895,45.389501],[9.190896,45.389492],[9.190898,45.389483],[9.1909,45.389474],[9.190902,45.389465],[9.190904,45.389456],[9.190905,45.389446],[9.190906,45.389437],[9.190907,45.389428],[9.190908,45.389419],[9.19091,45.38941],[9.19091,45.389401],[9.19091,45.389391],[9.19091,45.389381],[9.190908,45.38937],[9.190905,45.389361],[9.190903,45.389352],[9.190901,45.389344],[9.190899,45.389335],[9.190898,45.389326],[9.190897,45.389319],[9.190896,45.38931],[9.190896,45.389302],[9.190896,45.389296],[9.190897,45.389289],[9.190901,45.389282],[9.190904,45.389274],[9.190908,45.389265],[9.190911,45.389256],[9.190915,45.389247],[9.190918,45.389238],[9.190922,45.38923],[9.190926,45.389221],[9.190931,45.389213],[9.190936,45.389204],[9.19094,45.389195],[9.190944,45.389185],[9.190947,45.389176],[9.190949,45.389167],[9.190951,45.389157],[9.190952,45.389148],[9.190954,45.38914],[9.190955,45.389131],[9.190957,45.389122],[9.190958,45.389114],[9.190959,45.389104],[9.19096,45.389095],[9.190959,45.389085],[9.190959,45.389076],[9.190958,45.389067],[9.190957,45.389057],[9.190956,45.389047],[9.190955,45.389038],[9.190954,45.38903],[9.190953,45.389022],[9.190953,45.389014],[9.190953,45.389005],[9.190954,45.388997],[9.190955,45.388987],[9.190955,45.388977],[9.190953,45.388965],[9.190949,45.388955],[9.190943,45.388946],[9.190937,45.388937],[9.190931,45.388929],[9.190926,45.388921],[9.190921,45.388913],[9.190915,45.388905],[9.190907,45.388897],[9.190898,45.388889],[9.19089,45.388882],[9.190882,45.388874],[9.190874,45.388867],[9.190866,45.38886],[9.190859,45.388853],[9.190852,45.388845],[9.190844,45.388838],[9.190837,45.38883],[9.19083,45.388823],[9.190823,45.388816],[9.190818,45.38881],[9.190814,45.388803],[9.190812,45.388797],[9.190811,45.388789],[9.19081,45.388782],[9.190811,45.388774],[9.190812,45.388765],[9.190813,45.388757],[9.190814,45.388748],[9.190816,45.388739],[9.190818,45.388731],[9.190821,45.388722],[9.190824,45.388714],[9.190828,45.388705],[9.190832,45.388697],[9.190836,45.388689],[9.19084,45.38868],[9.190845,45.388672],[9.190849,45.388664],[9.190854,45.388655],[9.190859,45.388647],[9.190864,45.388638],[9.190868,45.38863],[9.190873,45.388622],[9.190878,45.388614],[9.190883,45.388606],[9.190888,45.388598],[9.190893,45.38859],[9.190898,45.388581],[9.190903,45.388573],[9.190908,45.388564],[9.190912,45.388555],[9.190917,45.388547],[9.190922,45.388539],[9.190927,45.388532],[9.190933,45.388524],[9.190939,45.388516],[9.190945,45.388508],[9.190951,45.388501],[9.190957,45.388493],[9.190963,45.388485],[9.190969,45.388477],[9.190998,45.388487],[9.191009,45.388493],[9.191016,45.388496],[9.191261,45.388624],[9.191284,45.38864],[9.191329,45.388674],[9.191355,45.388689],[9.191408,45.388733],[9.191421,45.388751],[9.191442,45.388766],[9.191477,45.388796],[9.191542,45.388829],[9.191626,45.38888],[9.191643,45.388881],[9.191701,45.388886],[9.191704,45.388879],[9.191707,45.38887],[9.19171,45.38886],[9.191711,45.38885],[9.191712,45.38884],[9.191709,45.388829],[9.191707,45.38882],[9.191705,45.38881],[9.191703,45.388801],[9.191701,45.388792],[9.191698,45.388782],[9.191695,45.388773],[9.191692,45.388764],[9.191688,45.388755],[9.191683,45.388746],[9.191679,45.388738],[9.191673,45.38873],[9.191669,45.388722],[9.191666,45.388713],[9.191662,45.388705],[9.191659,45.388697],[9.191656,45.388689],[9.191653,45.388681],[9.191649,45.388672],[9.191646,45.388664],[9.191643,45.388655],[9.19164,45.388646],[9.191638,45.388637],[9.191635,45.388628],[9.191633,45.388619],[9.19163,45.38861],[9.191627,45.388601],[9.191624,45.388593],[9.191621,45.388585],[9.19162,45.388577],[9.191618,45.388568],[9.191616,45.388559],[9.191614,45.38855],[9.191612,45.388541],[9.191609,45.388532],[9.191608,45.388523],[9.191607,45.388514],[9.191605,45.388505],[9.191605,45.388496],[9.191604,45.388487],[9.191603,45.388479],[9.191602,45.38847],[9.191601,45.388462],[9.1916,45.388453],[9.1916,45.388445],[9.191601,45.388438],[9.191602,45.388431],[9.191605,45.388425],[9.191609,45.388418],[9.191614,45.38841],[9.191619,45.388402],[9.191625,45.388394],[9.19163,45.388385],[9.191636,45.388377],[9.191642,45.388367],[9.191648,45.388359],[9.191653,45.38835],[9.191659,45.388341],[9.191664,45.388332],[9.191668,45.388324],[9.191672,45.388316],[9.191676,45.388308],[9.191678,45.388302],[9.191683,45.388296],[9.191688,45.38829],[9.191693,45.388283],[9.1917,45.388276],[9.191707,45.388269],[9.191714,45.388261],[9.191722,45.388253],[9.191729,45.388246],[9.191737,45.388238],[9.191744,45.38823],[9.19175,45.388223],[9.191756,45.388215],[9.191763,45.388208],[9.19177,45.3882],[9.191776,45.388192],[9.191783,45.388185],[9.191789,45.388176],[9.191796,45.388168],[9.191803,45.38816],[9.19181,45.388152],[9.191816,45.388143],[9.191822,45.388135],[9.191828,45.388127],[9.191834,45.388119],[9.19184,45.388112],[9.191846,45.388104],[9.191853,45.388097],[9.191859,45.38809],[9.191866,45.388083],[9.191873,45.388075],[9.191881,45.388068],[9.191888,45.38806],[9.191895,45.388053],[9.191902,45.388046],[9.19191,45.388039],[9.191917,45.388032],[9.191924,45.388024],[9.191932,45.388017],[9.191939,45.388011],[9.191947,45.388005],[9.191955,45.388],[9.191964,45.387994],[9.191973,45.387989],[9.191983,45.387984],[9.191992,45.387979],[9.192002,45.387975],[9.192013,45.38797],[9.192023,45.387966],[9.192032,45.387963],[9.192041,45.387959],[9.192053,45.387955],[9.192062,45.387952],[9.192071,45.387949],[9.19208,45.387947],[9.19209,45.387945],[9.192101,45.387943],[9.192112,45.387941],[9.192124,45.38794],[9.192136,45.387938],[9.192148,45.387936],[9.19216,45.387935],[9.192172,45.387933],[9.192184,45.387932],[9.192196,45.387931],[9.192209,45.387931],[9.192221,45.38793],[9.192234,45.387929],[9.192247,45.387928],[9.19226,45.387926],[9.192272,45.387925],[9.192285,45.387923],[9.192299,45.387921],[9.192312,45.387919],[9.192326,45.387917],[9.192339,45.387914],[9.192353,45.387912],[9.192368,45.387909],[9.192382,45.387905],[9.192396,45.387899],[9.192411,45.387888],[9.192422,45.387878],[9.192429,45.387866],[9.192435,45.387854],[9.192436,45.387843],[9.192437,45.387832],[9.192436,45.387821],[9.192434,45.387811],[9.192432,45.387801],[9.192429,45.387791],[9.192425,45.387781],[9.192421,45.387772],[9.192416,45.387763],[9.192411,45.387754],[9.192407,45.387746],[9.192402,45.387738],[9.192398,45.387731],[9.192395,45.387723],[9.192392,45.387716],[9.192388,45.387708],[9.192385,45.3877],[9.192384,45.387692],[9.192382,45.387684],[9.192381,45.387675],[9.192379,45.387667],[9.192379,45.387658],[9.192379,45.387649],[9.192379,45.38764],[9.192379,45.387631],[9.19238,45.387622],[9.19238,45.387613],[9.192381,45.387605],[9.192382,45.387596],[9.192384,45.387587],[9.192386,45.387579],[9.192388,45.387571],[9.192391,45.387562],[9.192395,45.387554],[9.192399,45.387545],[9.192403,45.387536],[9.192407,45.387528],[9.192411,45.387519],[9.192414,45.387511],[9.192418,45.387503],[9.192421,45.387494],[9.192425,45.387485],[9.192428,45.387476],[9.192436,45.387423],[9.192428,45.387385],[9.192423,45.387351],[9.192449,45.387319],[9.192451,45.387315],[9.192461,45.387304],[9.192476,45.387274],[9.192472,45.387234],[9.192475,45.387191],[9.192478,45.387161],[9.192486,45.387124],[9.192496,45.387086],[9.192507,45.387056],[9.192513,45.387039],[9.192523,45.387038],[9.192581,45.386866],[9.192619,45.386775],[9.192632,45.386745],[9.192641,45.386723],[9.192648,45.386725],[9.19266,45.386727],[9.192673,45.386729],[9.192685,45.386731],[9.192697,45.386734],[9.19271,45.386736],[9.192722,45.386738],[9.192735,45.386741],[9.192747,45.386743],[9.192759,45.386745],[9.192772,45.386747],[9.192784,45.38675],[9.192796,45.386752],[9.192809,45.386754],[9.192821,45.386757],[9.192833,45.386759],[9.192846,45.386761],[9.192858,45.386764],[9.19287,45.386766],[9.192883,45.386768],[9.192895,45.38677],[9.192907,45.386773],[9.19292,45.386775],[9.192932,45.386777],[9.192945,45.386779],[9.192957,45.386782],[9.192969,45.386784],[9.192982,45.386786],[9.192994,45.386789],[9.193006,45.386791],[9.193019,45.386793],[9.193031,45.386795],[9.193043,45.386797],[9.193056,45.3868],[9.193068,45.386802],[9.19308,45.386804],[9.193093,45.386806],[9.193105,45.386809],[9.193118,45.386811],[9.19313,45.386813],[9.193142,45.386815],[9.193155,45.386817],[9.193167,45.38682],[9.193179,45.386822],[9.193192,45.386824],[9.193204,45.386826],[9.193217,45.386828],[9.193229,45.38683],[9.193242,45.386832],[9.193254,45.386834],[9.193267,45.386836],[9.193279,45.386838],[9.193291,45.38684],[9.193304,45.386842],[9.193316,45.386843],[9.193329,45.386845],[9.193341,45.386847],[9.193354,45.386849],[9.193366,45.386851],[9.193379,45.386853],[9.193391,45.386855],[9.193404,45.386857],[9.193416,45.386859],[9.193429,45.386861],[9.193441,45.386863],[9.193454,45.386865],[9.193466,45.386867],[9.193479,45.386868],[9.193491,45.38687],[9.193504,45.386872],[9.193516,45.386874],[9.193529,45.386876],[9.193541,45.386878],[9.193554,45.38688],[9.193566,45.386881],[9.193579,45.386883],[9.193591,45.386885],[9.193604,45.386887],[9.193616,45.386889],[9.193629,45.38689],[9.193641,45.386892],[9.193654,45.386894],[9.193666,45.386896],[9.193679,45.386898],[9.193691,45.3869],[9.193704,45.386901],[9.193716,45.386903],[9.193729,45.386905],[9.193741,45.386907],[9.193754,45.386909],[9.193766,45.38691],[9.193779,45.386912],[9.193791,45.386914],[9.193804,45.386916],[9.193816,45.386918],[9.193829,45.38692],[9.193841,45.386921],[9.193854,45.386923],[9.193866,45.386925],[9.193879,45.386927],[9.193891,45.386929],[9.193904,45.386931],[9.193916,45.386932],[9.193929,45.386934],[9.193941,45.386936],[9.193954,45.386938],[9.193966,45.38694],[9.193979,45.386942],[9.193991,45.386944],[9.194004,45.386945],[9.194016,45.386947],[9.194029,45.386949],[9.194041,45.386951],[9.194054,45.386953],[9.194066,45.386954],[9.194079,45.386956],[9.194091,45.386958],[9.194104,45.386959],[9.194117,45.386961],[9.194129,45.386963],[9.194142,45.386965],[9.194154,45.386967],[9.194166,45.386968],[9.194179,45.38697],[9.194191,45.386972],[9.194204,45.386973],[9.194217,45.386975],[9.194229,45.386977],[9.194242,45.386978],[9.194254,45.38698],[9.194267,45.386982],[9.19428,45.386984],[9.194292,45.386985],[9.194305,45.386987],[9.194317,45.386989],[9.194329,45.386992],[9.194483,45.387028],[9.194492,45.387039],[9.194497,45.387046],[9.194502,45.387054],[9.194508,45.38706],[9.194515,45.387067],[9.194524,45.387073],[9.194534,45.387077],[9.194545,45.387081],[9.194556,45.387085],[9.194567,45.387088],[9.194578,45.387091],[9.19459,45.387093],[9.194602,45.387095],[9.194615,45.387098],[9.194627,45.3871],[9.19464,45.387102],[9.194652,45.387104],[9.194664,45.387106],[9.194677,45.387109],[9.194689,45.387111],[9.194702,45.387113],[9.194714,45.387115],[9.194727,45.387117],[9.194739,45.387119],[9.194751,45.387122],[9.194764,45.387125],[9.194776,45.387127],[9.194788,45.38713],[9.1948,45.387132],[9.194813,45.387135],[9.194825,45.387137],[9.194837,45.387139],[9.19485,45.387141],[9.194862,45.387143],[9.194875,45.387145],[9.194887,45.387147],[9.194899,45.387149],[9.194912,45.387151],[9.194924,45.387152],[9.194937,45.387154],[9.194949,45.387156],[9.194962,45.387158],[9.194974,45.38716],[9.194987,45.387162],[9.194999,45.387164],[9.195012,45.387166],[9.195024,45.387168],[9.195037,45.38717],[9.195049,45.387172],[9.195062,45.387174],[9.195074,45.387176],[9.195087,45.387178],[9.195099,45.38718],[9.195111,45.387182],[9.195124,45.387184],[9.195136,45.387186],[9.195149,45.387188],[9.195161,45.38719],[9.195174,45.387192],[9.195186,45.387194],[9.195199,45.387196],[9.195211,45.387198],[9.195223,45.3872],[9.195236,45.387202],[9.195248,45.387204],[9.195261,45.387206],[9.195273,45.387208],[9.195286,45.38721],[9.195298,45.387211],[9.195311,45.387213],[9.195323,45.387215],[9.195336,45.387217],[9.195348,45.387219],[9.195361,45.387221],[9.195373,45.387223],[9.195386,45.387225],[9.195398,45.387227],[9.19541,45.387229],[9.195423,45.387231],[9.195435,45.387233],[9.195448,45.387234],[9.195461,45.387236],[9.195473,45.387239],[9.195486,45.387241],[9.195498,45.387243],[9.195511,45.387246],[9.195523,45.387249],[9.195535,45.387252],[9.195547,45.387256],[9.195559,45.38726],[9.19557,45.387263],[9.195582,45.387267],[9.195594,45.387271],[9.195605,45.387275],[9.195617,45.387279],[9.195628,45.387283],[9.19564,45.387287],[9.195651,45.387291],[9.195663,45.387295],[9.195674,45.387299],[9.195685,45.387304],[9.195697,45.387308],[9.195708,45.387312],[9.195719,45.387317],[9.19573,45.387321],[9.195742,45.387325],[9.195753,45.387329],[9.195764,45.387333],[9.195776,45.387336],[9.195787,45.38734],[9.195798,45.387344],[9.19581,45.387348],[9.195822,45.387351],[9.195833,45.387355],[9.195845,45.387359],[9.195857,45.387363],[9.195868,45.387367],[9.19588,45.387371],[9.195891,45.387375],[9.195902,45.38738],[9.195914,45.387384],[9.195925,45.387388],[9.195936,45.387392],[9.195948,45.387396],[9.195959,45.3874],[9.195971,45.387404],[9.195982,45.387407],[9.195994,45.387411],[9.196006,45.387414],[9.196018,45.387418],[9.196029,45.387421],[9.196041,45.387425],[9.196052,45.387429],[9.196064,45.387433],[9.196075,45.387437],[9.196087,45.387441],[9.196098,45.387445],[9.19611,45.387449],[9.196121,45.387453],[9.196133,45.387457],[9.196144,45.387461],[9.196156,45.387465],[9.196168,45.387469],[9.196179,45.387473],[9.19619,45.387477],[9.196202,45.387481],[9.196213,45.387486],[9.196224,45.387489],[9.196236,45.387493],[9.196247,45.387497],[9.196259,45.387501],[9.19627,45.387504],[9.196281,45.387508],[9.196293,45.387512],[9.196305,45.387516],[9.196316,45.38752],[9.196328,45.387524],[9.196339,45.387529],[9.196351,45.387533],[9.196362,45.387537],[9.196373,45.387542],[9.196384,45.387546],[9.196395,45.38755],[9.196406,45.387555],[9.196417,45.387559],[9.196429,45.387563],[9.19644,45.387568],[9.196451,45.387572],[9.196463,45.387576],[9.196474,45.387579],[9.196486,45.387583],[9.196497,45.387587],[9.196509,45.387592],[9.19652,45.387596],[9.196532,45.3876],[9.196543,45.387604],[9.196554,45.387608],[9.196565,45.387612],[9.196576,45.387617],[9.196588,45.387621],[9.196599,45.387625],[9.196611,45.387629],[9.196622,45.387633],[9.196633,45.387638],[9.196644,45.387642],[9.196656,45.387646],[9.196667,45.38765],[9.196678,45.387655],[9.196689,45.387659],[9.1967,45.387663],[9.196712,45.387666],[9.196723,45.38767],[9.196735,45.387673],[9.196746,45.387675],[9.196758,45.387677],[9.196769,45.387679],[9.196781,45.387678],[9.196791,45.387677],[9.196803,45.387675],[9.196811,45.387671],[9.196851,45.387666],[9.196885,45.387663],[9.196944,45.387656],[9.196949,45.387664],[9.196955,45.387672],[9.196962,45.387679],[9.196969,45.387686],[9.196978,45.387692],[9.196987,45.387699],[9.196996,45.387705],[9.197005,45.387711],[9.197014,45.387717],[9.197023,45.387724],[9.197032,45.387731],[9.197041,45.387738],[9.197049,45.387745],[9.197057,45.387753],[9.197065,45.38776],[9.197073,45.387767],[9.19708,45.387774],[9.197088,45.387782],[9.197095,45.387789],[9.197102,45.387797],[9.197109,45.387804],[9.197117,45.387811],[9.197124,45.387819],[9.197132,45.387826],[9.19714,45.387833],[9.197147,45.38784],[9.197155,45.387847],[9.197163,45.387853],[9.197171,45.38786],[9.19718,45.387867],[9.197188,45.387874],[9.197196,45.38788],[9.197204,45.387887],[9.197213,45.387893],[9.197222,45.3879],[9.19723,45.387906],[9.197239,45.387913],[9.197247,45.38792],[9.197256,45.387927],[9.197264,45.387934],[9.197272,45.387941],[9.19728,45.387948],[9.197288,45.387955],[9.197297,45.387962],[9.197305,45.387969],[9.197314,45.387975],[9.197322,45.387982],[9.19733,45.387989],[9.197339,45.387996],[9.197347,45.388002],[9.197356,45.388009],[9.197364,45.388016],[9.197373,45.388023],[9.197381,45.38803],[9.197389,45.388037],[9.197397,45.388044],[9.197405,45.388051],[9.197413,45.388058],[9.197421,45.388064],[9.19743,45.388071],[9.197438,45.388078],[9.197447,45.388085],[9.197455,45.388092],[9.197464,45.388099],[9.197472,45.388105],[9.19748,45.388112],[9.197488,45.388118],[9.197495,45.388123],[9.197504,45.388128],[9.197515,45.388134],[9.197525,45.388141],[9.197535,45.388149],[9.197544,45.388156],[9.197552,45.388163],[9.19756,45.38817],[9.197568,45.388176],[9.197576,45.388182],[9.197585,45.388189],[9.197594,45.388195],[9.197604,45.388201],[9.197613,45.388208],[9.197622,45.388215],[9.19763,45.388221],[9.197638,45.388228],[9.197647,45.388235],[9.197655,45.388242],[9.197664,45.388248],[9.197672,45.388255],[9.197681,45.388262],[9.197689,45.388269],[9.197697,45.388276],[9.197706,45.388283],[9.197714,45.388289],[9.197723,45.388296],[9.197731,45.388303],[9.197739,45.38831],[9.197748,45.388316],[9.197756,45.388323],[9.197765,45.38833],[9.197773,45.388337],[9.197781,45.388344],[9.197789,45.38835],[9.197798,45.388357],[9.197806,45.388364],[9.197815,45.388371],[9.197823,45.388377],[9.197832,45.388384],[9.19784,45.388391],[9.197848,45.388398],[9.197857,45.388404],[9.197865,45.388411],[9.197874,45.388418],[9.197882,45.388424],[9.197891,45.388431],[9.197899,45.388438],[9.197907,45.388445],[9.197916,45.388452],[9.197924,45.388458],[9.197933,45.388465],[9.197942,45.388472],[9.19795,45.388478],[9.197959,45.388485],[9.197968,45.388491],[9.197977,45.388498],[9.197986,45.388504],[9.197995,45.388511],[9.198003,45.388518],[9.198012,45.388525],[9.19802,45.388532],[9.198028,45.388539],[9.198037,45.388546],[9.198045,45.388553],[9.198053,45.388559],[9.198061,45.388566],[9.198069,45.388573],[9.198078,45.38858],[9.198085,45.388587],[9.198093,45.388594],[9.198101,45.388601],[9.198109,45.388609],[9.198117,45.388616],[9.198125,45.388623],[9.198133,45.38863],[9.19814,45.388637],[9.198148,45.388644],[9.198156,45.388651],[9.198164,45.388658],[9.198173,45.388664],[9.198181,45.388671],[9.198189,45.388678],[9.198197,45.388685],[9.198205,45.388692],[9.198214,45.388698],[9.198223,45.388705],[9.198231,45.388712],[9.19824,45.38872],[9.198248,45.388727],[9.198255,45.388733],[9.198263,45.388739],[9.19827,45.388744],[9.198278,45.388748],[9.198289,45.388753],[9.198302,45.38876],[9.198313,45.388769],[9.198321,45.388777],[9.198328,45.388784],[9.198335,45.388791],[9.198342,45.388798],[9.19835,45.388804],[9.198358,45.388811],[9.198366,45.388817],[9.198374,45.388824],[9.198382,45.388831],[9.19839,45.388837],[9.198399,45.388844],[9.198408,45.38885],[9.198416,45.388857],[9.198425,45.388863],[9.198433,45.38887],[9.198443,45.388876],[9.198452,45.388882],[9.198461,45.388889],[9.19847,45.388896],[9.198478,45.388903],[9.198486,45.38891],[9.198495,45.388917],[9.198503,45.388924],[9.19851,45.388931],[9.198518,45.388938],[9.198527,45.388944],[9.198536,45.388952],[9.198544,45.38896],[9.198551,45.388968],[9.198557,45.388976],[9.198563,45.388984],[9.19857,45.388992],[9.198576,45.389],[9.198582,45.389009],[9.198587,45.389017],[9.198593,45.389025],[9.198599,45.389033],[9.198604,45.389041],[9.19861,45.38905],[9.198615,45.389058],[9.19862,45.389067],[9.198624,45.389077],[9.198632,45.389105],[9.198634,45.389114],[9.198636,45.389123],[9.198638,45.389132],[9.19864,45.38914],[9.198642,45.389148],[9.198645,45.389156],[9.198649,45.389164],[9.198653,45.389171],[9.198658,45.389179],[9.198665,45.389186],[9.198671,45.389194],[9.198678,45.389201],[9.198686,45.389208],[9.198693,45.389215],[9.198701,45.389222],[9.198708,45.389229],[9.198715,45.389235],[9.198722,45.389241],[9.198731,45.389247],[9.198739,45.389252],[9.198748,45.389258],[9.198757,45.389263],[9.198767,45.389268],[9.198776,45.389272],[9.198786,45.389277],[9.198796,45.38928],[9.198807,45.389283],[9.198818,45.389286],[9.19883,45.389289],[9.198842,45.389291],[9.198854,45.389294],[9.198867,45.389297],[9.198879,45.3893],[9.198891,45.389303],[9.198902,45.389306],[9.198914,45.389309],[9.198926,45.389312],[9.198938,45.389314],[9.19895,45.389317],[9.198962,45.389319],[9.198974,45.389322],[9.198986,45.389325],[9.198998,45.389328],[9.199011,45.389329],[9.199023,45.389328],[9.199036,45.389328],[9.199049,45.389328],[9.199062,45.389328],[9.199075,45.389329],[9.199089,45.389331],[9.199101,45.389333],[9.199114,45.389336],[9.199126,45.389339],[9.199139,45.389342],[9.199151,45.389344],[9.199164,45.389347],[9.199176,45.389349],[9.199188,45.389352],[9.1992,45.389354],[9.199212,45.389356],[9.199224,45.389358],[9.199236,45.389359],[9.199249,45.389361],[9.199262,45.389363],[9.199274,45.389366],[9.199287,45.389368],[9.1993,45.38937],[9.199312,45.389373],[9.199324,45.389376],[9.199336,45.389379],[9.199349,45.389382],[9.199361,45.389385],[9.199373,45.389387],[9.199385,45.38939],[9.199397,45.389392],[9.19941,45.389395],[9.199422,45.389397],[9.199434,45.389399],[9.199446,45.389401],[9.199459,45.389403],[9.199471,45.389405],[9.199483,45.389406],[9.199496,45.389408],[9.199508,45.389409],[9.199521,45.38941],[9.199533,45.389411],[9.199546,45.389411],[9.199558,45.389412],[9.199571,45.389413],[9.199583,45.389414],[9.199596,45.389415],[9.199608,45.389416],[9.199621,45.389417],[9.199634,45.389418],[9.199647,45.389419],[9.199661,45.38942],[9.199674,45.38942],[9.199688,45.389422],[9.199702,45.389424],[9.199715,45.389426],[9.199729,45.389428],[9.199743,45.38943],[9.199757,45.389433],[9.199771,45.389436],[9.199785,45.389438],[9.199798,45.389442],[9.199811,45.389446],[9.199823,45.38945],[9.199835,45.389455],[9.199847,45.389459],[9.199858,45.389464],[9.19987,45.389469],[9.199881,45.389474],[9.199892,45.389478],[9.199902,45.389483],[9.199912,45.389487],[9.199921,45.389491],[9.199951,45.389506],[9.199971,45.389515],[9.200004,45.389523],[9.200038,45.389538],[9.200053,45.389551],[9.200064,45.389569],[9.200068,45.389582],[9.200071,45.389592],[9.200075,45.389601],[9.200078,45.38961],[9.200082,45.389619],[9.200085,45.389628],[9.200088,45.389637],[9.200092,45.389645],[9.200095,45.389653],[9.200099,45.389661],[9.200103,45.389669],[9.200106,45.389677],[9.20011,45.389686],[9.200115,45.389694],[9.200119,45.389703],[9.200124,45.389711],[9.200128,45.38972],[9.200133,45.389728],[9.200137,45.389737],[9.200142,45.389745],[9.200146,45.389752],[9.200151,45.38976],[9.200157,45.389768],[9.200162,45.389776],[9.200167,45.389784],[9.200173,45.389792],[9.200178,45.3898],[9.200184,45.389808],[9.20019,45.389816],[9.200196,45.389824],[9.200202,45.389832],[9.200209,45.38984],[9.200214,45.389847],[9.20022,45.389855],[9.200226,45.389862],[9.200232,45.38987],[9.200239,45.389878],[9.200245,45.389886],[9.200252,45.389894],[9.200258,45.389902],[9.200264,45.38991],[9.20027,45.389918],[9.200276,45.389926],[9.200282,45.389934],[9.200288,45.389941],[9.200295,45.389949],[9.200301,45.389957],[9.200307,45.389965],[9.200313,45.389973],[9.200319,45.389981],[9.200325,45.389989],[9.200331,45.389997],[9.200336,45.390005],[9.200342,45.390013],[9.200348,45.390021],[9.200354,45.390029],[9.20036,45.390037],[9.200367,45.390044],[9.200373,45.390052],[9.200379,45.39006],[9.200386,45.390068],[9.200392,45.390076],[9.200398,45.390084],[9.200404,45.390092],[9.20041,45.3901],[9.200416,45.390108],[9.200422,45.390116],[9.200428,45.390124],[9.200433,45.390132],[9.200439,45.39014],[9.200445,45.390148],[9.200451,45.390156],[9.200457,45.390164],[9.200463,45.390171],[9.200469,45.390179],[9.200476,45.390187],[9.200482,45.390194],[9.200489,45.390202],[9.200495,45.39021],[9.200501,45.390218],[9.200508,45.390226],[9.200514,45.390234],[9.20052,45.390242],[9.200526,45.39025],[9.200532,45.390258],[9.200538,45.390266],[9.200544,45.390274],[9.20055,45.390282],[9.200556,45.39029],[9.200562,45.390298],[9.200568,45.390306],[9.200573,45.390314],[9.200579,45.390322],[9.200585,45.39033],[9.200592,45.39034],[9.200597,45.390348],[9.200603,45.390356],[9.200608,45.390364],[9.200613,45.390372],[9.200618,45.390381],[9.200622,45.390389],[9.200627,45.390397],[9.200632,45.390405],[9.200638,45.390413],[9.200643,45.390421],[9.200649,45.390429],[9.200655,45.390437],[9.200661,45.390445],[9.200666,45.390454],[9.200672,45.390462],[9.200677,45.39047],[9.200682,45.390478],[9.200687,45.390486],[9.200692,45.390494],[9.200698,45.390502],[9.200703,45.39051],[9.200709,45.390519],[9.200714,45.390527],[9.20072,45.390536],[9.200725,45.390544],[9.20073,45.390552],[9.200735,45.390559],[9.20074,45.390567],[9.200746,45.390574],[9.200752,45.390582],[9.200758,45.390589],[9.200765,45.390597],[9.200772,45.390605],[9.200778,45.390614],[9.200784,45.390622],[9.20079,45.39063],[9.200796,45.390638],[9.200801,45.390647],[9.200806,45.390655],[9.200812,45.390662],[9.200818,45.39067],[9.200824,45.390679],[9.20083,45.390687],[9.200836,45.390695],[9.200842,45.390703],[9.200847,45.390711],[9.200853,45.390719],[9.200859,45.390727],[9.200865,45.390735],[9.20087,45.390744],[9.200875,45.390752],[9.20088,45.39076],[9.200886,45.390768],[9.200891,45.390775],[9.200897,45.390783],[9.200903,45.39079],[9.20091,45.390798],[9.200916,45.390805],[9.200923,45.390812],[9.20093,45.390819],[9.200937,45.390827],[9.200944,45.390835],[9.200951,45.390842],[9.200958,45.39085],[9.200965,45.390857],[9.200972,45.390864],[9.200979,45.390871],[9.200986,45.390878],[9.200994,45.390885],[9.201002,45.390892],[9.201011,45.3909],[9.201019,45.390907],[9.201027,45.390915],[9.201034,45.390923],[9.201041,45.39093],[9.201048,45.390937],[9.201055,45.390944],[9.201061,45.390951],[9.201069,45.390957],[9.201077,45.390964],[9.201085,45.390971],[9.201093,45.390978],[9.201101,45.390985],[9.20111,45.390992],[9.201118,45.390999],[9.201127,45.391006],[9.201135,45.391014],[9.201143,45.391021],[9.201151,45.391028],[9.201159,45.391035],[9.201167,45.391042],[9.201175,45.391049],[9.201182,45.391055],[9.20119,45.391061],[9.201199,45.391068],[9.201207,45.391075],[9.201215,45.391082],[9.201223,45.391089],[9.201231,45.391096],[9.201239,45.391103],[9.201247,45.39111],[9.201256,45.391117],[9.201264,45.391124],[9.201272,45.391132],[9.201279,45.391139],[9.201287,45.391146],[9.201294,45.391153],[9.201302,45.39116],[9.20131,45.391167],[9.201318,45.391173],[9.201327,45.39118],[9.201335,45.391185],[9.201367,45.391203],[9.201399,45.391231],[9.201436,45.391268],[9.201475,45.391309],[9.20149,45.391324],[9.201546,45.39136],[9.201646,45.391428],[9.201727,45.391498],[9.201759,45.391537],[9.201791,45.391581],[9.201793,45.391586],[9.201798,45.391596],[9.201803,45.391608],[9.201811,45.391633],[9.201817,45.391652],[9.201817,45.391672],[9.201813,45.391693],[9.201809,45.391702],[9.201806,45.391711],[9.201803,45.39172],[9.2018,45.391729],[9.201797,45.391737],[9.201795,45.391746],[9.201793,45.391754],[9.201791,45.391763],[9.201788,45.391772],[9.201786,45.39178],[9.201784,45.391789],[9.201782,45.391798],[9.20178,45.391807],[9.201778,45.391816],[9.201776,45.391825],[9.201773,45.391834],[9.201771,45.391843],[9.201769,45.391852],[9.201767,45.391861],[9.201765,45.39187],[9.201763,45.391879],[9.201761,45.391888],[9.201759,45.391896],[9.201757,45.391905],[9.201756,45.391914],[9.201754,45.391922],[9.201753,45.391931],[9.201751,45.39194],[9.20175,45.391949],[9.201749,45.391958],[9.201748,45.391967],[9.201747,45.391976],[9.201747,45.391985],[9.201746,45.391994],[9.201745,45.392003],[9.201744,45.392012],[9.201744,45.392021],[9.201743,45.39203],[9.201742,45.392039],[9.201741,45.392049],[9.20174,45.392058],[9.201739,45.392067],[9.201738,45.392075],[9.201737,45.392084],[9.201736,45.392093],[9.201735,45.392101],[9.201734,45.39211],[9.201733,45.392119],[9.201732,45.392128],[9.201732,45.392137],[9.201731,45.392146],[9.20173,45.392155],[9.201729,45.392164],[9.201728,45.392173],[9.201727,45.392182],[9.201726,45.392191],[9.201725,45.392201],[9.201724,45.39221],[9.201723,45.392219],[9.201721,45.392228],[9.201719,45.392237],[9.201717,45.392246],[9.201716,45.392255],[9.201713,45.392264],[9.201711,45.392273],[9.201709,45.392282],[9.201707,45.392291],[9.201705,45.3923],[9.201702,45.392309],[9.2017,45.392318],[9.201698,45.392326],[9.201695,45.392335],[9.201693,45.392343],[9.201692,45.392352],[9.201691,45.39236],[9.20169,45.392369],[9.201689,45.392378],[9.201688,45.392387],[9.201688,45.392396],[9.201687,45.392406],[9.201686,45.392415],[9.201685,45.392424],[9.201684,45.392433],[9.201682,45.392442],[9.20168,45.392451],[9.201678,45.392461],[9.201676,45.39247],[9.201673,45.392479],[9.20167,45.392488],[9.201667,45.392497],[9.201663,45.392507],[9.20166,45.392516],[9.201656,45.392525],[9.201637,45.39256],[9.201495,45.39277],[9.201469,45.392802],[9.201462,45.39281],[9.201456,45.392818],[9.20145,45.392826],[9.201444,45.392833],[9.201438,45.392841],[9.201432,45.392849],[9.201427,45.392857],[9.201421,45.392865],[9.201415,45.392873],[9.20141,45.392881],[9.201404,45.392889],[9.201399,45.392897],[9.201394,45.392905],[9.201389,45.392913],[9.201383,45.392921],[9.201378,45.39293],[9.201373,45.392938],[9.201367,45.392946],[9.201362,45.392954],[9.201356,45.392962],[9.201351,45.392971],[9.201346,45.392979],[9.201341,45.392987],[9.201335,45.392996],[9.20133,45.393004],[9.201324,45.393012],[9.201319,45.39302],[9.201313,45.393028],[9.201308,45.393036],[9.201302,45.393044],[9.201297,45.393052],[9.201292,45.393061],[9.201287,45.393069],[9.201282,45.393077],[9.201277,45.393085],[9.201273,45.393094],[9.201268,45.393102],[9.201264,45.393111],[9.201259,45.393119],[9.201255,45.393127],[9.201251,45.393136],[9.201246,45.393144],[9.201241,45.393153],[9.201237,45.393161],[9.201231,45.393169],[9.201226,45.393178],[9.20122,45.393186],[9.201214,45.393194],[9.201208,45.393202],[9.201202,45.39321],[9.201196,45.393218],[9.201191,45.393227],[9.201185,45.393235],[9.20118,45.393243],[9.201174,45.393251],[9.201168,45.393259],[9.201163,45.393267],[9.201157,45.393275],[9.201151,45.393283],[9.201146,45.393291],[9.20114,45.393299],[9.201134,45.393307],[9.201129,45.393315],[9.201123,45.393323],[9.201117,45.393332],[9.201112,45.39334],[9.201106,45.393348],[9.2011,45.393355],[9.201094,45.393363],[9.201087,45.393371],[9.201081,45.393379],[9.201074,45.393387],[9.201067,45.393395],[9.20106,45.393403],[9.201053,45.39341],[9.201047,45.393418],[9.20104,45.393426],[9.201034,45.393434],[9.201028,45.393442],[9.201022,45.393449],[9.201015,45.393457],[9.201009,45.393465],[9.201002,45.393472],[9.200996,45.39348],[9.20099,45.393488],[9.200984,45.393495],[9.200977,45.393503],[9.200972,45.393511],[9.200966,45.393519],[9.20096,45.393527],[9.200955,45.393535],[9.200949,45.393543],[9.200943,45.393552],[9.200936,45.39356],[9.20093,45.393568],[9.200924,45.393576],[9.200917,45.393583],[9.200911,45.393592],[9.200905,45.3936],[9.200899,45.393607],[9.200891,45.393615],[9.200884,45.393622],[9.200877,45.393629],[9.20087,45.393637],[9.200864,45.393645],[9.200856,45.393652],[9.200849,45.39366],[9.200841,45.393667],[9.200834,45.393674],[9.200827,45.393682],[9.20082,45.39369],[9.200813,45.393697],[9.200806,45.393705],[9.200798,45.393713],[9.200791,45.393721],[9.200782,45.393728],[9.200774,45.393735],[9.200766,45.393742],[9.200758,45.393749],[9.20075,45.393756],[9.200742,45.393763],[9.200734,45.39377],[9.200726,45.393777],[9.200718,45.393784],[9.20071,45.393791],[9.200702,45.393798],[9.200695,45.393805],[9.200687,45.393812],[9.200679,45.393819],[9.200671,45.393826],[9.200663,45.393833],[9.200655,45.39384],[9.200648,45.393847],[9.20064,45.393854],[9.200633,45.393861],[9.200625,45.393868],[9.200618,45.393875],[9.200611,45.393883],[9.200604,45.39389],[9.200597,45.393897],[9.20059,45.393905],[9.200583,45.393912],[9.200576,45.39392],[9.200569,45.393927],[9.200562,45.393935],[9.200555,45.393943],[9.200548,45.39395],[9.200541,45.393958],[9.200535,45.393966],[9.20053,45.393974],[9.200523,45.393982],[9.200517,45.393989],[9.20051,45.393997],[9.200503,45.394005],[9.200496,45.394012],[9.200489,45.39402],[9.200481,45.394027],[9.200474,45.394035],[9.200467,45.394042],[9.20046,45.39405],[9.200454,45.394058],[9.200447,45.394065],[9.20044,45.394073],[9.200434,45.394081],[9.200428,45.394088],[9.200421,45.394096],[9.200415,45.394104],[9.200409,45.394112],[9.200403,45.39412],[9.200396,45.394128],[9.200389,45.394135],[9.200383,45.394143],[9.200376,45.394151],[9.200369,45.394158],[9.200362,45.394166],[9.200355,45.394174],[9.200347,45.394181],[9.20034,45.394189],[9.200333,45.394196],[9.200325,45.394204],[9.200318,45.394211],[9.200311,45.394219],[9.200303,45.394226],[9.200296,45.394234],[9.200288,45.394241],[9.200281,45.394248],[9.200274,45.394256],[9.200266,45.394263],[9.200259,45.394271],[9.200252,45.394278],[9.200244,45.394286],[9.200236,45.394293],[9.200228,45.394301],[9.20022,45.394308],[9.200212,45.394315],[9.200205,45.394323],[9.200197,45.394329],[9.200189,45.394336],[9.200182,45.394343],[9.200173,45.39435],[9.200164,45.394357],[9.200155,45.394364],[9.200146,45.39437],[9.200137,45.394377],[9.200128,45.394384],[9.200119,45.39439],[9.200109,45.394396],[9.2001,45.394403],[9.200091,45.394409],[9.200082,45.394415],[9.200073,45.394422],[9.200063,45.394428],[9.200054,45.394434],[9.200044,45.394441],[9.200034,45.394447],[9.200024,45.394453],[9.200015,45.394459],[9.200005,45.394465],[9.199996,45.394472],[9.199985,45.394478],[9.199974,45.394484],[9.199963,45.39449],[9.199952,45.394496],[9.199942,45.394501],[9.199931,45.394507],[9.19992,45.394512],[9.199909,45.394517],[9.199897,45.394522],[9.199885,45.394526],[9.199872,45.39453],[9.19986,45.394533],[9.199849,45.394536],[9.199838,45.39454],[9.199826,45.394543],[9.199815,45.394547],[9.199804,45.394551],[9.199793,45.394554],[9.199782,45.394558],[9.199771,45.394562],[9.199761,45.394567],[9.199751,45.394571],[9.199744,45.394576],[9.199735,45.394582],[9.199729,45.394587],[9.199722,45.394594],[9.199717,45.394601],[9.19971,45.394608],[9.199705,45.394616],[9.199701,45.394624],[9.199696,45.394632],[9.199692,45.394641],[9.199689,45.394649],[9.199685,45.394657],[9.199682,45.394666],[9.19968,45.394674],[9.199677,45.394683],[9.199675,45.394692],[9.199674,45.3947],[9.199674,45.394708],[9.199673,45.394717],[9.199673,45.394725],[9.199673,45.394734],[9.199673,45.394743],[9.199673,45.394752],[9.199674,45.39476],[9.199674,45.394769],[9.199675,45.394778],[9.199677,45.394787],[9.199679,45.394795],[9.19968,45.394804],[9.199682,45.394813],[9.199684,45.394822],[9.199686,45.394831],[9.199688,45.39484],[9.19969,45.394849],[9.199692,45.394858],[9.199694,45.394866],[9.199695,45.394875],[9.199697,45.394884],[9.199699,45.394893],[9.199701,45.394902],[9.199703,45.394911],[9.199705,45.394919],[9.199707,45.394928],[9.199709,45.394937],[9.199712,45.394946],[9.199714,45.394955],[9.199716,45.394964],[9.199719,45.394972],[9.199722,45.394981],[9.199724,45.39499],[9.199726,45.394999],[9.199729,45.395008],[9.199731,45.395017],[9.199734,45.395026],[9.199737,45.395035],[9.199739,45.395043],[9.199742,45.395052],[9.199744,45.395061],[9.199746,45.39507],[9.199749,45.395079],[9.199751,45.395088],[9.199753,45.395097],[9.199755,45.395106],[9.199757,45.395115],[9.199759,45.395123],[9.19976,45.395132],[9.199762,45.395141],[9.199764,45.39515],[9.199766,45.395159],[9.199768,45.395168],[9.19977,45.395177],[9.199772,45.395186],[9.199773,45.395195],[9.199775,45.395204],[9.199777,45.395213],[9.199778,45.395222],[9.19978,45.395231],[9.199781,45.39524],[9.199783,45.395249],[9.199785,45.395258],[9.199786,45.395267],[9.199788,45.395275],[9.19979,45.395284],[9.199792,45.395293],[9.199794,45.395301],[9.199796,45.39531],[9.199798,45.395319],[9.1998,45.395328],[9.199802,45.395337],[9.199804,45.395346],[9.199806,45.395355],[9.199808,45.395364],[9.199809,45.395373],[9.199811,45.395382],[9.199814,45.395391],[9.199816,45.3954],[9.199817,45.395409],[9.199819,45.395418],[9.199821,45.395427],[9.199823,45.395436],[9.199824,45.395445],[9.199826,45.395454],[9.199827,45.395463],[9.199828,45.395472],[9.19983,45.395481],[9.199831,45.395489],[9.199833,45.395498],[9.199835,45.395507],[9.199836,45.395516],[9.199838,45.395524],[9.19984,45.395533],[9.199843,45.395542],[9.199845,45.39555],[9.199847,45.395559],[9.19985,45.395568],[9.199852,45.395576],[9.199855,45.395585],[9.199858,45.395594],[9.19986,45.395603],[9.199862,45.395612],[9.199865,45.395621],[9.199867,45.39563],[9.199869,45.395638],[9.199872,45.395647],[9.199874,45.395656],[9.199877,45.395664],[9.19988,45.395672],[9.199884,45.395681],[9.199887,45.395689],[9.199891,45.395698],[9.199894,45.395707],[9.199897,45.395716],[9.199901,45.395725],[9.199904,45.395734],[9.199907,45.395743],[9.19991,45.395752],[9.199913,45.395761],[9.199915,45.39577],[9.199918,45.395779],[9.19992,45.395787],[9.199923,45.395796],[9.199926,45.395805],[9.199928,45.395813],[9.199931,45.395822],[9.199934,45.39583],[9.199938,45.395839],[9.199941,45.395847],[9.199945,45.395856],[9.199948,45.395865],[9.199951,45.395874],[9.199954,45.395882],[9.199957,45.395891],[9.19996,45.3959],[9.199963,45.395909],[9.199966,45.395917],[9.199969,45.395926],[9.199972,45.395935],[9.199974,45.395944],[9.199977,45.395952],[9.19998,45.395961],[9.199983,45.39597],[9.199986,45.395978],[9.199989,45.395987],[9.199993,45.395996],[9.199996,45.396004],[9.199999,45.396013],[9.200003,45.396021],[9.200007,45.39603],[9.20001,45.396038],[9.200014,45.396047],[9.200018,45.396055],[9.200022,45.396064],[9.200026,45.396072],[9.20003,45.396081],[9.200034,45.39609],[9.200039,45.396098],[9.200043,45.396107],[9.200047,45.396116],[9.20005,45.396124],[9.200054,45.396133],[9.200057,45.396142],[9.200061,45.396151],[9.200064,45.396159],[9.200067,45.396168],[9.200071,45.396177],[9.200074,45.396187],[9.200076,45.396196],[9.200078,45.396206],[9.200079,45.396215],[9.20008,45.396224],[9.200081,45.396233],[9.200081,45.396242],[9.200082,45.396251],[9.200082,45.39626],[9.200083,45.396269],[9.200085,45.396278],[9.200086,45.396286],[9.200088,45.396295],[9.20009,45.396304],[9.200092,45.396312],[9.200094,45.396321],[9.200097,45.396329],[9.200099,45.396337],[9.200103,45.396345],[9.200106,45.396353],[9.20011,45.396362],[9.200114,45.396371],[9.200118,45.396379],[9.200121,45.396389],[9.200125,45.396397],[9.200128,45.396406],[9.200131,45.396415],[9.200133,45.396424],[9.200136,45.396433],[9.200139,45.396442],[9.200142,45.39645],[9.200145,45.396459],[9.200148,45.396468],[9.200151,45.396477],[9.200154,45.396487],[9.200156,45.396496],[9.200158,45.396505],[9.200159,45.396514],[9.200161,45.396523],[9.200162,45.396531],[9.200164,45.39654],[9.200167,45.396548],[9.20017,45.396557],[9.200172,45.396565],[9.200175,45.396574],[9.200178,45.396583],[9.200181,45.396592],[9.200185,45.3966],[9.200188,45.396609],[9.200192,45.396618],[9.200195,45.396627],[9.200198,45.396636],[9.200201,45.396645],[9.200203,45.396654],[9.200205,45.396663],[9.200207,45.396672],[9.200208,45.396681],[9.20021,45.39669],[9.200211,45.396699],[9.200213,45.396708],[9.200215,45.396717],[9.200216,45.396726],[9.200218,45.396735],[9.200219,45.396744],[9.200221,45.396753],[9.200223,45.396761],[9.200225,45.39677],[9.200227,45.396778],[9.200229,45.396787],[9.200231,45.396795],[9.200233,45.396804],[9.200236,45.396813],[9.200239,45.396821],[9.200242,45.39683],[9.200245,45.396839],[9.200248,45.396848],[9.200251,45.396857],[9.200254,45.396866],[9.200257,45.396875],[9.20026,45.396884],[9.200262,45.396893],[9.200264,45.396902],[9.200266,45.396911],[9.200268,45.39692],[9.200269,45.39693],[9.20027,45.396939],[9.200272,45.396947],[9.200273,45.396956],[9.200274,45.396965],[9.200276,45.396974],[9.200278,45.396982],[9.200279,45.396991],[9.200282,45.396999],[9.200284,45.397008],[9.200286,45.397017],[9.200289,45.397026],[9.200291,45.397035],[9.200294,45.397044],[9.200297,45.397052],[9.2003,45.397061],[9.200303,45.397069],[9.200307,45.397077],[9.20031,45.397085],[9.200314,45.397093],[9.200319,45.397101],[9.200323,45.397108],[9.200328,45.397116],[9.200334,45.397124],[9.20034,45.397132],[9.200346,45.397139],[9.200352,45.397147],[9.200358,45.397155],[9.200364,45.397163],[9.20037,45.397171],[9.200376,45.397179],[9.200383,45.397187],[9.200389,45.397195],[9.200395,45.397203],[9.200402,45.397212],[9.200408,45.397221],[9.200413,45.39723],[9.200418,45.397239],[9.200421,45.397248],[9.200424,45.397258],[9.200426,45.397268],[9.200428,45.397278],[9.200428,45.397288],[9.200428,45.397297],[9.200427,45.397307],[9.200425,45.397317],[9.200422,45.397327],[9.200418,45.397337],[9.200414,45.397346],[9.20041,45.397355],[9.200406,45.397364],[9.200401,45.397373],[9.200396,45.397381],[9.200391,45.39739],[9.200386,45.397396],[9.200385,45.397398],[9.20038,45.397406],[9.200374,45.397414],[9.200369,45.397422],[9.200363,45.397429],[9.200358,45.397438],[9.200353,45.397446],[9.200349,45.397454],[9.200345,45.397462],[9.200341,45.39747],[9.200338,45.397478],[9.200337,45.397482],[9.200336,45.397486],[9.200334,45.397493],[9.200333,45.397501],[9.200333,45.397502],[9.200333,45.397509],[9.200334,45.397517],[9.200336,45.397523],[9.200338,45.397531],[9.200342,45.397537],[9.200346,45.397544],[9.200352,45.397551],[9.200358,45.397558],[9.200364,45.397564],[9.200371,45.39757],[9.200379,45.397575],[9.200387,45.397579],[9.200396,45.397582],[9.200406,45.397585],[9.200418,45.397588],[9.200429,45.397591],[9.200441,45.397593],[9.200453,45.397595],[9.200464,45.397597],[9.200476,45.397598],[9.200488,45.397599],[9.2005,45.3976],[9.200512,45.397601],[9.200525,45.397602],[9.200537,45.397602],[9.200549,45.397603],[9.200561,45.397603],[9.200572,45.397602],[9.200585,45.397602],[9.200597,45.397601],[9.20064,45.397601],[9.200656,45.397601],[9.200667,45.397602],[9.200674,45.397603],[9.200682,45.397602],[9.200694,45.397601],[9.200706,45.397599],[9.200718,45.397597],[9.200731,45.397596],[9.200744,45.397595],[9.200758,45.397593],[9.200771,45.397593],[9.200784,45.397592],[9.200797,45.397591],[9.20081,45.39759],[9.200824,45.39759],[9.200837,45.397589],[9.20085,45.397589],[9.200864,45.397589],[9.200878,45.39759],[9.200892,45.397592],[9.200906,45.397593],[9.200919,45.397595],[9.200932,45.397597],[9.200945,45.397599],[9.200958,45.397602],[9.20097,45.397604],[9.200982,45.397606],[9.200994,45.397608],[9.201006,45.397611],[9.201018,45.397613],[9.201031,45.397615],[9.201043,45.397617],[9.201056,45.39762],[9.201069,45.397622],[9.201081,45.397624],[9.201094,45.397627],[9.201106,45.397629],[9.201118,45.397631],[9.20113,45.397633],[9.201142,45.397635],[9.201155,45.397636],[9.201168,45.397639],[9.201181,45.397641],[9.201194,45.397644],[9.201207,45.397647],[9.20122,45.39765],[9.201232,45.397654],[9.201244,45.397657],[9.201258,45.39766],[9.20129,45.397626],[9.201319,45.397596],[9.201326,45.397591],[9.201345,45.397584],[9.201379,45.397582],[9.201415,45.397576],[9.201465,45.397568],[9.201512,45.397552],[9.201576,45.397498],[9.201604,45.397498],[9.201667,45.397498],[9.20174,45.397519],[9.201813,45.39759],[9.201933,45.397587],[9.202176,45.397581],[9.202561,45.397571],[9.203046,45.397558],[9.203403,45.397548],[9.203406,45.397548],[9.203788,45.397548],[9.20382,45.39826],[9.203867,45.398813],[9.204277,45.399655],[9.204477,45.399762],[9.204401,45.400467],[9.202051,45.400172],[9.200785,45.39999],[9.199933,45.399824],[9.199809,45.400099],[9.198818,45.399876],[9.198735,45.400568],[9.198752,45.401672],[9.201845,45.401591],[9.201525,45.402213],[9.200414,45.404081],[9.200285,45.404917],[9.200435,45.405626],[9.200435,45.405638],[9.200327,45.409712],[9.200333,45.409714],[9.200317,45.411309],[9.201117,45.411613],[9.204637,45.413063],[9.204857,45.412793],[9.206392,45.413093],[9.207832,45.407381],[9.207944,45.40681],[9.208558,45.404516],[9.208822,45.403449],[9.20705,45.403177],[9.206365,45.402985],[9.205604,45.402615],[9.204786,45.402202],[9.205242,45.401658],[9.205468,45.40143],[9.205847,45.400884],[9.205991,45.400592],[9.205983,45.400436],[9.20592,45.400198],[9.205953,45.399745],[9.206022,45.399647],[9.206187,45.39953],[9.20965,45.400179],[9.210466,45.396993],[9.210535,45.396744],[9.210635,45.396757],[9.211731,45.396897],[9.212209,45.396959],[9.212757,45.397039],[9.213197,45.397108],[9.213368,45.397135],[9.213571,45.397162],[9.213613,45.397169],[9.213645,45.397175],[9.213714,45.397181],[9.213727,45.397182],[9.21374,45.397183],[9.213753,45.397184],[9.213765,45.397185],[9.213778,45.397187],[9.21379,45.397188],[9.213803,45.397189],[9.213816,45.397191],[9.213828,45.397192],[9.213841,45.397193],[9.213854,45.397195],[9.213866,45.397196],[9.213879,45.397197],[9.213892,45.397199],[9.213904,45.3972],[9.213917,45.397202],[9.213929,45.397203],[9.213942,45.397204],[9.213955,45.397206],[9.213967,45.397207],[9.21398,45.397209],[9.213993,45.39721],[9.214005,45.397212],[9.214018,45.397213],[9.21403,45.397214],[9.214043,45.397216],[9.214056,45.397217],[9.214068,45.397219],[9.214081,45.39722],[9.214093,45.397222],[9.214106,45.397223],[9.214119,45.397225],[9.214131,45.397226],[9.214144,45.397228],[9.214156,45.397229],[9.214169,45.397231],[9.214182,45.397232],[9.214194,45.397234],[9.214207,45.397236],[9.214219,45.397237],[9.214232,45.397239],[9.214245,45.39724],[9.214257,45.397242],[9.21427,45.397243],[9.214282,45.397245],[9.214295,45.397247],[9.214308,45.397248],[9.21432,45.39725],[9.214333,45.397251],[9.214345,45.397253],[9.214358,45.397254],[9.21437,45.397256],[9.214383,45.397258],[9.214396,45.397259],[9.214408,45.397261],[9.214421,45.397262],[9.214433,45.397264],[9.214446,45.397265],[9.214459,45.397267],[9.214471,45.397268],[9.214484,45.39727],[9.214496,45.397272],[9.214509,45.397274],[9.214521,45.397276],[9.214534,45.397277],[9.214546,45.397279],[9.214559,45.397281],[9.214571,45.397283],[9.214584,45.397285],[9.214596,45.397286],[9.214609,45.397288],[9.214621,45.39729],[9.214634,45.397292],[9.214646,45.397294],[9.214659,45.397295],[9.214672,45.397297],[9.214684,45.397299],[9.214697,45.397301],[9.214709,45.397303],[9.214722,45.397304],[9.214734,45.397306],[9.214747,45.397308],[9.214759,45.39731],[9.214772,45.397311],[9.214784,45.397313],[9.214797,45.397315],[9.214809,45.397317],[9.214822,45.397319],[9.214834,45.39732],[9.214847,45.397322],[9.214859,45.397324],[9.214872,45.397326],[9.21492,45.397329],[9.214923,45.397329],[9.215024,45.397333],[9.215021,45.397289],[9.215028,45.397215],[9.215076,45.39707],[9.215113,45.396986],[9.215189,45.396779],[9.215268,45.396801],[9.215282,45.396805],[9.215345,45.396833],[9.215356,45.396837],[9.215368,45.39684],[9.21538,45.396843],[9.215392,45.396846],[9.215404,45.396849],[9.215416,45.396852],[9.215429,45.396854],[9.215441,45.396857],[9.215453,45.396859],[9.215465,45.396862],[9.215478,45.396865],[9.21549,45.396867],[9.215502,45.39687],[9.215514,45.396872],[9.215526,45.396875],[9.215539,45.396878],[9.215551,45.39688],[9.215563,45.396883],[9.215575,45.396885],[9.215588,45.396888],[9.2156,45.396891],[9.215612,45.396893],[9.215624,45.396896],[9.215637,45.396898],[9.215649,45.3969],[9.215661,45.396903],[9.215674,45.396905],[9.215686,45.396908],[9.215698,45.39691],[9.21571,45.396913],[9.215723,45.396915],[9.215735,45.396918],[9.215747,45.39692],[9.215759,45.396923],[9.215772,45.396925],[9.215784,45.396928],[9.215796,45.39693],[9.215809,45.396933],[9.215821,45.396935],[9.215833,45.396938],[9.215845,45.39694],[9.215858,45.396943],[9.21587,45.396945],[9.215882,45.396948],[9.215894,45.39695],[9.215907,45.396953],[9.215919,45.396955],[9.215931,45.396958],[9.215944,45.39696],[9.215956,45.396963],[9.215968,45.396966],[9.21598,45.396968],[9.215993,45.396971],[9.216005,45.396973],[9.216017,45.396976],[9.216029,45.396978],[9.216042,45.396981],[9.216054,45.396983],[9.216066,45.396986],[9.216078,45.396988],[9.216091,45.396991],[9.216103,45.396993],[9.216115,45.396996],[9.216128,45.396998],[9.21614,45.397001],[9.216152,45.397004],[9.216164,45.397006],[9.216176,45.397009],[9.216189,45.397012],[9.216201,45.397014],[9.216213,45.397017],[9.216225,45.39702],[9.216237,45.397023],[9.216249,45.397025],[9.216262,45.397028],[9.216274,45.397031],[9.216286,45.397034],[9.216298,45.397036],[9.21631,45.397039],[9.216323,45.397042],[9.216335,45.397044],[9.216347,45.397047],[9.216359,45.39705],[9.216372,45.397052],[9.216384,45.397054],[9.216396,45.397057],[9.216408,45.39706],[9.21642,45.397064],[9.216432,45.397067],[9.216444,45.39707],[9.216456,45.397073],[9.216468,45.397076],[9.21648,45.397079],[9.216492,45.397082],[9.216504,45.397085],[9.216516,45.397087],[9.216528,45.397089],[9.216541,45.397091],[9.216553,45.397093],[9.216565,45.397095],[9.216578,45.397097],[9.21659,45.397099],[9.216603,45.397101],[9.216615,45.397103],[9.216628,45.397104],[9.21664,45.397106],[9.216653,45.397107],[9.216665,45.397109],[9.216678,45.39711],[9.216691,45.397112],[9.216703,45.397113],[9.216716,45.397115],[9.216728,45.397117],[9.216741,45.397119],[9.216754,45.39712],[9.216766,45.397122],[9.216779,45.397124],[9.216791,45.397126],[9.216804,45.397128],[9.216816,45.39713],[9.216829,45.397132],[9.216841,45.397135],[9.216854,45.397137],[9.216866,45.397139],[9.216878,45.397141],[9.21689,45.397144],[9.216903,45.397146],[9.216915,45.397148],[9.216928,45.397149],[9.21694,45.397151],[9.216952,45.397153],[9.216965,45.397155],[9.216977,45.397156],[9.21699,45.397158],[9.217003,45.39716],[9.217015,45.397162],[9.217028,45.397164],[9.21704,45.397167],[9.217052,45.397169],[9.217065,45.397172],[9.217079,45.397175],[9.21709,45.397177],[9.217102,45.39718],[9.217115,45.397182],[9.217126,45.397185],[9.217138,45.397188],[9.21715,45.397191],[9.217163,45.397193],[9.217175,45.397196],[9.217187,45.397198],[9.217199,45.397201],[9.217212,45.397204],[9.217224,45.397206],[9.217236,45.397209],[9.217248,45.397211],[9.21726,45.397213],[9.217273,45.397214],[9.217285,45.397216],[9.217298,45.397218],[9.217311,45.39722],[9.217323,45.397222],[9.217335,45.397224],[9.217348,45.397225],[9.21736,45.397227],[9.217373,45.397229],[9.217385,45.397231],[9.217398,45.397233],[9.217411,45.397235],[9.217423,45.397238],[9.217435,45.39724],[9.217448,45.397242],[9.21746,45.397245],[9.217472,45.397248],[9.217484,45.39725],[9.217497,45.397253],[9.217509,45.397255],[9.217521,45.397257],[9.217534,45.397259],[9.217546,45.397262],[9.217558,45.397264],[9.217571,45.397266],[9.217583,45.397268],[9.217595,45.39727],[9.217608,45.397272],[9.21762,45.397275],[9.217633,45.397277],[9.217645,45.397279],[9.217657,45.397281],[9.21767,45.397283],[9.217682,45.397285],[9.217695,45.397287],[9.217707,45.397289],[9.21772,45.397291],[9.217732,45.397294],[9.217744,45.397296],[9.217757,45.397298],[9.217769,45.3973],[9.217781,45.397302],[9.217794,45.397304],[9.217806,45.397306],[9.217819,45.397308],[9.217831,45.39731],[9.217844,45.397313],[9.217856,45.397315],[9.217869,45.397317],[9.217881,45.39732],[9.217893,45.397322],[9.217906,45.397324],[9.217918,45.397326],[9.21793,45.397328],[9.217943,45.39733],[9.217955,45.397332],[9.217968,45.397334],[9.21798,45.397336],[9.217993,45.397339],[9.218005,45.397341],[9.218017,45.397343],[9.21803,45.397345],[9.218042,45.397348],[9.218054,45.39735],[9.218066,45.397351],[9.218079,45.397353],[9.218092,45.397355],[9.218104,45.397357],[9.218117,45.397359],[9.218129,45.397362],[9.218141,45.397364],[9.218153,45.397366],[9.218166,45.397368],[9.218179,45.397369],[9.218191,45.397371],[9.218204,45.397373],[9.218217,45.397375],[9.218229,45.397377],[9.218241,45.39738],[9.218254,45.397382],[9.218266,45.397384],[9.218278,45.397386],[9.21829,45.397389],[9.218303,45.397391],[9.218315,45.397393],[9.218328,45.397396],[9.21834,45.397398],[9.218352,45.397401],[9.218365,45.397404],[9.218377,45.397407],[9.218389,45.39741],[9.218401,45.397414],[9.218413,45.397417],[9.218425,45.39742],[9.218436,45.397423],[9.218449,45.397425],[9.218461,45.397427],[9.218473,45.39743],[9.218486,45.397432],[9.218498,45.397434],[9.21851,45.397436],[9.218523,45.397438],[9.218535,45.39744],[9.218547,45.397443],[9.21856,45.397445],[9.218572,45.397447],[9.218585,45.39745],[9.218597,45.397452],[9.21861,45.397453],[9.218627,45.397458],[9.218656,45.397466],[9.218769,45.397493],[9.218781,45.397496],[9.218823,45.397507],[9.21881,45.397524],[9.218803,45.397533],[9.218797,45.39754],[9.21879,45.397548],[9.218784,45.397556],[9.218777,45.397564],[9.218769,45.397571],[9.218761,45.397579],[9.218753,45.397585],[9.218744,45.397592],[9.218736,45.397599],[9.218728,45.397607],[9.21872,45.397614],[9.218712,45.397621],[9.218703,45.397628],[9.218695,45.397635],[9.218687,45.397641],[9.218679,45.397648],[9.218671,45.397655],[9.218664,45.397662],[9.218657,45.39767],[9.218651,45.397677],[9.218644,45.397685],[9.218638,45.397692],[9.218632,45.3977],[9.218625,45.397708],[9.218619,45.397716],[9.218613,45.397724],[9.218607,45.397732],[9.218601,45.39774],[9.218595,45.397747],[9.218589,45.397755],[9.218583,45.397764],[9.218577,45.397772],[9.218571,45.397779],[9.218564,45.397787],[9.218558,45.397795],[9.218551,45.397803],[9.218544,45.397811],[9.218538,45.397818],[9.21853,45.397826],[9.218523,45.397834],[9.218515,45.397841],[9.218507,45.397848],[9.218498,45.397855],[9.21849,45.397862],[9.218481,45.397869],[9.218472,45.397875],[9.218463,45.397882],[9.218454,45.397888],[9.218445,45.397894],[9.218436,45.397901],[9.218428,45.397907],[9.21842,45.397914],[9.218412,45.397921],[9.218405,45.397928],[9.218399,45.397935],[9.218393,45.397943],[9.218386,45.397951],[9.21838,45.397958],[9.218375,45.397966],[9.21837,45.397974],[9.218365,45.397982],[9.21836,45.397991],[9.218356,45.397999],[9.218352,45.398008],[9.218349,45.398016],[9.218346,45.398025],[9.218343,45.398033],[9.218341,45.398042],[9.218339,45.398051],[9.218337,45.39806],[9.218336,45.398068],[9.218334,45.398077],[9.218333,45.398086],[9.218331,45.398096],[9.218328,45.398105],[9.218326,45.398114],[9.218323,45.398123],[9.218319,45.398131],[9.218316,45.39814],[9.218311,45.398149],[9.218307,45.398158],[9.218301,45.398166],[9.218295,45.398175],[9.218289,45.398183],[9.218283,45.398191],[9.218276,45.398199],[9.218269,45.398206],[9.218261,45.398214],[9.218254,45.398221],[9.218247,45.398229],[9.218239,45.398236],[9.218232,45.398244],[9.218224,45.398251],[9.218216,45.398258],[9.218208,45.398265],[9.2182,45.398272],[9.218193,45.398279],[9.218185,45.398287],[9.218178,45.398294],[9.21817,45.398301],[9.218163,45.398308],[9.218157,45.398316],[9.21815,45.398323],[9.218143,45.398331],[9.218136,45.398339],[9.21813,45.398347],[9.218123,45.398354],[9.218116,45.398362],[9.218109,45.398369],[9.218103,45.398377],[9.218096,45.398385],[9.21809,45.398392],[9.218084,45.3984],[9.218077,45.398408],[9.218071,45.398415],[9.218064,45.398423],[9.218057,45.398431],[9.21805,45.398439],[9.218043,45.398446],[9.218036,45.398454],[9.21803,45.398462],[9.218023,45.398469],[9.218016,45.398477],[9.218009,45.398484],[9.218002,45.398492],[9.217995,45.398499],[9.217988,45.398507],[9.217981,45.398515],[9.217973,45.398522],[9.217965,45.398529],[9.217956,45.398536],[9.217947,45.398543],[9.217939,45.398549],[9.217931,45.398556],[9.217923,45.398563],[9.217916,45.39857],[9.217908,45.398578],[9.217901,45.398585],[9.217894,45.398592],[9.217886,45.3986],[9.217879,45.398607],[9.217871,45.398614],[9.217863,45.398621],[9.217855,45.398628],[9.217847,45.398635],[9.217841,45.398643],[9.217835,45.398651],[9.217827,45.398658],[9.21782,45.398665],[9.217813,45.398673],[9.217807,45.398681],[9.217801,45.398688],[9.217795,45.398696],[9.217789,45.398704],[9.217782,45.398712],[9.217776,45.39872],[9.217769,45.398728],[9.217763,45.398736],[9.217757,45.398743],[9.21775,45.398751],[9.217744,45.398759],[9.217737,45.398767],[9.217731,45.398774],[9.217724,45.398782],[9.217718,45.39879],[9.217712,45.398798],[9.217706,45.398806],[9.2177,45.398813],[9.217694,45.398821],[9.217688,45.398829],[9.217682,45.398837],[9.217677,45.398845],[9.217672,45.398854],[9.217666,45.398862],[9.217659,45.39887],[9.217652,45.398878],[9.217645,45.398885],[9.217638,45.398893],[9.21763,45.3989],[9.217622,45.398907],[9.217613,45.398914],[9.217606,45.398921],[9.217599,45.398929],[9.217591,45.398936],[9.217583,45.398943],[9.217575,45.39895],[9.217567,45.398957],[9.217559,45.398964],[9.217551,45.398971],[9.217542,45.398978],[9.217535,45.398985],[9.217527,45.398992],[9.217519,45.398999],[9.217512,45.399007],[9.217504,45.399014],[9.217496,45.399021],[9.217488,45.399028],[9.21748,45.399035],[9.217473,45.399042],[9.217465,45.399049],[9.217458,45.399057],[9.21745,45.399064],[9.217443,45.399071],[9.217435,45.399079],[9.217428,45.399086],[9.21742,45.399093],[9.217413,45.3991],[9.217405,45.399108],[9.217398,45.399115],[9.21739,45.399122],[9.217383,45.399129],[9.217375,45.399137],[9.217368,45.399144],[9.217361,45.399151],[9.217354,45.399159],[9.217348,45.399167],[9.217341,45.399174],[9.217334,45.399182],[9.217328,45.39919],[9.217321,45.399197],[9.217314,45.399205],[9.217307,45.399212],[9.2173,45.39922],[9.217293,45.399228],[9.217286,45.399235],[9.217279,45.399243],[9.217272,45.39925],[9.217266,45.399258],[9.217261,45.399266],[9.217255,45.399274],[9.217249,45.399282],[9.217243,45.39929],[9.217237,45.399298],[9.217231,45.399306],[9.217224,45.399313],[9.217217,45.399321],[9.21721,45.399329],[9.217204,45.399337],[9.217196,45.399344],[9.217189,45.399352],[9.217181,45.399359],[9.217174,45.399366],[9.217166,45.399373],[9.217159,45.399381],[9.217152,45.399388],[9.217144,45.399396],[9.217137,45.399403],[9.217129,45.39941],[9.217121,45.399417],[9.217113,45.399424],[9.217105,45.399432],[9.217097,45.399438],[9.217088,45.399445],[9.21708,45.399452],[9.217071,45.399459],[9.217061,45.399465],[9.217052,45.399471],[9.217043,45.399478],[9.217033,45.399484],[9.217023,45.39949],[9.217014,45.399496],[9.217004,45.399502],[9.216994,45.399507],[9.216985,45.399513],[9.216976,45.399519],[9.216967,45.399526],[9.216959,45.399532],[9.216952,45.399539],[9.216944,45.399546],[9.216938,45.399554],[9.216932,45.399561],[9.216928,45.399569],[9.216924,45.399578],[9.21692,45.399586],[9.216916,45.399594],[9.216912,45.399603],[9.216908,45.399612],[9.216905,45.39962],[9.216902,45.399629],[9.216899,45.399637],[9.216896,45.399646],[9.216893,45.399655],[9.21689,45.399664],[9.216887,45.399672],[9.216885,45.399681],[9.216883,45.39969],[9.216881,45.399699],[9.216879,45.399708],[9.216877,45.399717],[9.216872,45.399733],[9.216867,45.399752],[9.216865,45.399761],[9.216862,45.39977],[9.216859,45.399779],[9.216855,45.399788],[9.216852,45.399796],[9.216848,45.399805],[9.216843,45.399814],[9.216838,45.399822],[9.216831,45.399831],[9.216824,45.399839],[9.216816,45.399846],[9.216808,45.399853],[9.216802,45.39986],[9.216796,45.399867],[9.216792,45.399875],[9.216789,45.399884],[9.216786,45.399892],[9.216784,45.399901],[9.216782,45.39991],[9.21678,45.399919],[9.216779,45.399927],[9.216778,45.399936],[9.216777,45.399945],[9.216778,45.399954],[9.216778,45.399963],[9.216779,45.399971],[9.21678,45.39998],[9.216781,45.399989],[9.216782,45.399998],[9.216783,45.400007],[9.216785,45.400016],[9.216786,45.400025],[9.216787,45.400034],[9.216788,45.400043],[9.216789,45.400052],[9.216791,45.400061],[9.216792,45.40007],[9.216793,45.400079],[9.216795,45.400088],[9.216796,45.400097],[9.216797,45.400106],[9.216798,45.400115],[9.2168,45.400124],[9.216801,45.400132],[9.216803,45.400141],[9.216804,45.40015],[9.216806,45.400159],[9.216807,45.400168],[9.216809,45.400177],[9.216811,45.400186],[9.216813,45.400195],[9.216815,45.400203],[9.216817,45.400212],[9.21682,45.400221],[9.216822,45.40023],[9.216824,45.400239],[9.216827,45.400248],[9.21683,45.400256],[9.216832,45.400265],[9.216834,45.400274],[9.216836,45.400283],[9.216838,45.400292],[9.216839,45.400302],[9.21684,45.400311],[9.216839,45.40032],[9.216839,45.400329],[9.216838,45.400338],[9.216836,45.400348],[9.216835,45.400357],[9.216833,45.400366],[9.216832,45.400375],[9.216829,45.400384],[9.216826,45.400393],[9.216823,45.400402],[9.21682,45.40041],[9.216816,45.400419],[9.216812,45.400428],[9.216808,45.400436],[9.216804,45.400445],[9.216801,45.400453],[9.216797,45.400462],[9.216794,45.400471],[9.21679,45.400479],[9.216787,45.400488],[9.216783,45.400497],[9.21678,45.400505],[9.216777,45.400514],[9.216774,45.400523],[9.216771,45.400531],[9.216768,45.40054],[9.216765,45.400549],[9.216763,45.400558],[9.21676,45.400566],[9.216757,45.400575],[9.216754,45.400584],[9.216752,45.400593],[9.21675,45.400601],[9.216748,45.40061],[9.216746,45.400619],[9.216744,45.400628],[9.216742,45.400637],[9.21674,45.400646],[9.216737,45.400655],[9.216734,45.400664],[9.21673,45.400673],[9.216726,45.400681],[9.216723,45.40069],[9.21672,45.400698],[9.216717,45.400707],[9.216714,45.400716],[9.216712,45.400725],[9.216709,45.400733],[9.216707,45.400742],[9.216704,45.400751],[9.216702,45.40076],[9.216699,45.400769],[9.216696,45.400778],[9.216694,45.400786],[9.216691,45.400795],[9.216689,45.400804],[9.216686,45.400813],[9.216683,45.400822],[9.216681,45.40083],[9.216678,45.400839],[9.216675,45.400848],[9.216672,45.400857],[9.216669,45.400866],[9.216666,45.400874],[9.216663,45.400883],[9.21666,45.400892],[9.216659,45.4009],[9.216657,45.400909],[9.216655,45.400918],[9.216652,45.400927],[9.21665,45.400936],[9.216648,45.400945],[9.216645,45.400954],[9.216642,45.400963],[9.216639,45.400972],[9.216636,45.40098],[9.216632,45.400989],[9.216629,45.400998],[9.216625,45.401007],[9.216622,45.401015],[9.216618,45.401024],[9.216614,45.401032],[9.216611,45.401041],[9.216607,45.40105],[9.216604,45.401058],[9.216601,45.401067],[9.216598,45.401076],[9.216595,45.401084],[9.216591,45.401093],[9.216589,45.401102],[9.216587,45.40111],[9.216585,45.401119],[9.216584,45.401128],[9.216582,45.401137],[9.21658,45.401146],[9.216578,45.401155],[9.216576,45.401164],[9.216575,45.401172],[9.216574,45.401181],[9.216572,45.40119],[9.21657,45.401199],[9.216568,45.401208],[9.216566,45.401217],[9.216565,45.401226],[9.216563,45.401235],[9.216561,45.401244],[9.216559,45.401253],[9.216557,45.401262],[9.216555,45.401271],[9.216553,45.40128],[9.21655,45.401289],[9.216548,45.401298],[9.216545,45.401306],[9.216541,45.401315],[9.216538,45.401324],[9.216535,45.401333],[9.216532,45.401341],[9.216528,45.40135],[9.216525,45.401359],[9.216521,45.401368],[9.216517,45.401376],[9.216514,45.401385],[9.21651,45.401393],[9.216507,45.401402],[9.216503,45.401411],[9.2165,45.401419],[9.216496,45.401428],[9.216492,45.401437],[9.216487,45.401445],[9.216482,45.401454],[9.216478,45.401462],[9.216474,45.40147],[9.216471,45.401479],[9.216467,45.401488],[9.216464,45.401496],[9.21646,45.401505],[9.216457,45.401513],[9.216454,45.401522],[9.216452,45.401531],[9.21645,45.401539],[9.216449,45.401548],[9.216448,45.401557],[9.216448,45.401566],[9.216447,45.401575],[9.216448,45.401583],[9.216448,45.401592],[9.216448,45.401601],[9.216449,45.40161],[9.216449,45.401619],[9.21645,45.401628],[9.21645,45.401637],[9.216452,45.401646],[9.216453,45.401655],[9.216454,45.401664],[9.216456,45.401673],[9.216457,45.401682],[9.216458,45.401691],[9.21646,45.4017],[9.216461,45.401709],[9.216461,45.401718],[9.216462,45.401727],[9.216462,45.401736],[9.216462,45.401745],[9.216462,45.401754],[9.216463,45.401763],[9.216463,45.401772],[9.216463,45.401781],[9.216464,45.40179],[9.216464,45.401799],[9.216465,45.401808],[9.216466,45.401817],[9.216467,45.401826],[9.216468,45.401835],[9.216469,45.401844],[9.21647,45.401853],[9.21647,45.401862],[9.216471,45.401871],[9.216471,45.40188],[9.216471,45.401889],[9.216471,45.401898],[9.216471,45.401907],[9.216471,45.401916],[9.216471,45.401925],[9.216471,45.401934],[9.216471,45.401943],[9.216471,45.401952],[9.216471,45.401961],[9.216471,45.40197],[9.216471,45.401979],[9.216471,45.401988],[9.216471,45.401997],[9.216471,45.402006],[9.216471,45.402015],[9.216472,45.402024],[9.216472,45.402033],[9.216472,45.402042],[9.216472,45.402051],[9.216473,45.40206],[9.216473,45.402069],[9.216473,45.402078],[9.216473,45.402087],[9.216473,45.402096],[9.216474,45.402105],[9.216474,45.402114],[9.216475,45.402123],[9.216475,45.402132],[9.216475,45.402141],[9.216476,45.40215],[9.216476,45.402159],[9.216477,45.402168],[9.216478,45.402177],[9.216478,45.402186],[9.216478,45.402195],[9.216478,45.402204],[9.216478,45.402213],[9.216478,45.402222],[9.216478,45.402231],[9.216478,45.40224],[9.216478,45.402249],[9.216479,45.402258],[9.216479,45.402267],[9.21648,45.402276],[9.216482,45.402317],[9.216481,45.402328],[9.21648,45.402337],[9.216479,45.402346],[9.216478,45.402356],[9.216478,45.402365],[9.216478,45.402374],[9.216479,45.402383],[9.216479,45.402392],[9.216479,45.402401],[9.21648,45.40241],[9.21648,45.402419],[9.21648,45.402428],[9.21648,45.402437],[9.21648,45.402446],[9.21648,45.402455],[9.21648,45.402464],[9.21648,45.402473],[9.216481,45.402482],[9.216481,45.402491],[9.216482,45.4025],[9.216483,45.402509],[9.216485,45.402518],[9.216486,45.402527],[9.216487,45.402536],[9.216489,45.402545],[9.21649,45.402554],[9.216492,45.402563],[9.216494,45.402572],[9.216495,45.402581],[9.216496,45.40259],[9.216498,45.402599],[9.216499,45.402608],[9.216501,45.402617],[9.216502,45.402626],[9.216503,45.402634],[9.216504,45.402643],[9.216505,45.402652],[9.216506,45.402661],[9.216507,45.40267],[9.216508,45.402679],[9.216509,45.402688],[9.216509,45.402697],[9.21651,45.402706],[9.21651,45.402715],[9.216511,45.402724],[9.216511,45.402733],[9.216511,45.402742],[9.216512,45.402751],[9.216512,45.40276],[9.216512,45.402769],[9.216512,45.402778],[9.216511,45.402787],[9.216511,45.402796],[9.216511,45.402805],[9.216511,45.402814],[9.216511,45.402823],[9.216511,45.402832],[9.216511,45.402841],[9.216511,45.40285],[9.216511,45.402859],[9.216511,45.402868],[9.216511,45.402877],[9.216511,45.402886],[9.216511,45.402895],[9.216511,45.402904],[9.216511,45.402913],[9.216511,45.402922],[9.216512,45.402931],[9.216512,45.40294],[9.216514,45.402949],[9.216515,45.402958],[9.216516,45.402967],[9.216517,45.402976],[9.216518,45.402985],[9.216519,45.402994],[9.216519,45.403003],[9.21652,45.403012],[9.216521,45.403021],[9.216521,45.40303],[9.216522,45.403039],[9.216522,45.403048],[9.216522,45.403056],[9.216521,45.403065],[9.216521,45.403074],[9.216521,45.403083],[9.216521,45.403092],[9.21652,45.403101],[9.216521,45.403111],[9.216521,45.40312],[9.216521,45.403129],[9.216522,45.403138],[9.216522,45.403147],[9.216522,45.403156],[9.216523,45.403165],[9.216523,45.403174],[9.216524,45.403183],[9.216524,45.403192],[9.216525,45.403201],[9.216525,45.40321],[9.216527,45.403219],[9.216529,45.403228],[9.216531,45.403237],[9.216533,45.403246],[9.216536,45.403255],[9.216539,45.403264],[9.216542,45.403273],[9.216546,45.403282],[9.216549,45.40329],[9.216553,45.403299],[9.216556,45.403307],[9.21656,45.403316],[9.216563,45.403325],[9.216566,45.403333],[9.216569,45.403342],[9.216572,45.403351],[9.216575,45.40336],[9.216579,45.403369],[9.216583,45.403377],[9.216587,45.403386],[9.216591,45.403394],[9.216595,45.403403],[9.216599,45.403411],[9.216602,45.40342],[9.216606,45.403429],[9.216609,45.403437],[9.216612,45.403446],[9.216616,45.403455],[9.21662,45.403463],[9.216624,45.403472],[9.216628,45.403481],[9.216632,45.403489],[9.216637,45.403498],[9.216641,45.403506],[9.216644,45.403514],[9.216648,45.403523],[9.216652,45.403532],[9.216655,45.40354],[9.216659,45.403549],[9.216664,45.403558],[9.216668,45.403566],[9.216673,45.403575],[9.216678,45.403583],[9.216683,45.403591],[9.216688,45.4036],[9.216693,45.403608],[9.216698,45.403616],[9.216703,45.403625],[9.216708,45.403633],[9.216713,45.403641],[9.216718,45.403649],[9.216723,45.403658],[9.216728,45.403666],[9.216733,45.403674],[9.216738,45.403683],[9.216743,45.403691],[9.216748,45.403699],[9.216753,45.403707],[9.216758,45.403716],[9.216763,45.403724],[9.216768,45.403732],[9.216773,45.40374],[9.216778,45.403749],[9.216783,45.403757],[9.216787,45.403765],[9.216792,45.403774],[9.216797,45.403782],[9.216801,45.40379],[9.216805,45.403799],[9.216809,45.403807],[9.216814,45.403816],[9.216818,45.403824],[9.216822,45.403833],[9.216827,45.403841],[9.216832,45.40385],[9.216837,45.403858],[9.216842,45.403866],[9.216847,45.403875],[9.216852,45.403883],[9.216857,45.403891],[9.216862,45.4039],[9.216867,45.403908],[9.216872,45.403916],[9.216877,45.403924],[9.216882,45.403933],[9.216887,45.403941],[9.216892,45.403949],[9.216896,45.403957],[9.216899,45.403966],[9.216902,45.403974],[9.216905,45.403983],[9.216908,45.403992],[9.21691,45.404],[9.216913,45.404009],[9.216915,45.404018],[9.216918,45.404027],[9.21692,45.404036],[9.216923,45.404044],[9.216925,45.404053],[9.216927,45.404062],[9.216929,45.404071],[9.21693,45.40408],[9.216931,45.404089],[9.216932,45.404097],[9.216933,45.404106],[9.216934,45.404115],[9.216934,45.404124],[9.216935,45.404133],[9.216935,45.404142],[9.216936,45.404151],[9.216936,45.40416],[9.216937,45.404169],[9.216938,45.404178],[9.21694,45.404188],[9.216941,45.404196],[9.216943,45.404205],[9.216945,45.404214],[9.216946,45.404223],[9.216947,45.404232],[9.216947,45.404241],[9.216948,45.40425],[9.216948,45.404259],[9.216948,45.404268],[9.216948,45.404277],[9.216948,45.404285],[9.216947,45.404294],[9.216946,45.404303],[9.216945,45.404312],[9.216944,45.404321],[9.216943,45.40433],[9.216942,45.404339],[9.21694,45.404348],[9.216939,45.404357],[9.216939,45.404366],[9.216938,45.404375],[9.216938,45.404384],[9.216938,45.404393],[9.216937,45.404402],[9.216937,45.404411],[9.216937,45.40442],[9.216936,45.404429],[9.216936,45.404438],[9.216935,45.404447],[9.216933,45.404456],[9.216932,45.404464],[9.21693,45.404473],[9.216927,45.404482],[9.216924,45.404491],[9.216922,45.404499],[9.216919,45.404508],[9.216917,45.404518],[9.216916,45.404527],[9.216915,45.404536],[9.216915,45.404545],[9.216915,45.404555],[9.216918,45.404565],[9.216922,45.404574],[9.216928,45.404583],[9.216935,45.404591],[9.216944,45.404599],[9.216851,45.404594],[9.216808,45.404593],[9.216756,45.40459],[9.216755,45.404597],[9.216754,45.404606],[9.216754,45.404615],[9.216754,45.404624],[9.216755,45.40463],[9.216757,45.404639],[9.21676,45.404647],[9.216763,45.404656],[9.216767,45.404665],[9.216768,45.404668],[9.216773,45.404677],[9.216779,45.404685],[9.216786,45.404693],[9.21679,45.404696],[9.216798,45.404703],[9.216806,45.404711],[9.216815,45.404717],[9.216818,45.404719],[9.216827,45.404726],[9.216837,45.404732],[9.216846,45.404738],[9.216856,45.404744],[9.216866,45.404749],[9.216877,45.404754],[9.216886,45.404758],[9.216897,45.404762],[9.216909,45.404766],[9.21692,45.404769],[9.216932,45.404773],[9.216944,45.404776],[9.216954,45.404779],[9.216967,45.404781],[9.216979,45.404784],[9.216991,45.404787],[9.217003,45.40479],[9.217015,45.404792],[9.217019,45.404794],[9.217032,45.404797],[9.217044,45.4048],[9.217055,45.404804],[9.217067,45.404807],[9.217078,45.404812],[9.217079,45.404813],[9.217089,45.404819],[9.217097,45.404825],[9.217105,45.404833],[9.217112,45.40484],[9.217117,45.404849],[9.217152,45.404874],[9.217167,45.404885],[9.217176,45.40489],[9.217186,45.404896],[9.217197,45.404901],[9.217207,45.404907],[9.217218,45.404913],[9.217228,45.404919],[9.217238,45.404924],[9.217248,45.404929],[9.217258,45.404934],[9.217268,45.404939],[9.217278,45.404944],[9.217288,45.404948],[9.217299,45.404953],[9.21731,45.404957],[9.217321,45.404961],[9.217332,45.404965],[9.217343,45.404969],[9.217355,45.404973],[9.217366,45.404977],[9.217378,45.404982],[9.217389,45.404986],[9.217401,45.404991],[9.217413,45.404996],[9.217423,45.405002],[9.217433,45.405008],[9.217443,45.405014],[9.217452,45.405021],[9.217461,45.405029],[9.217469,45.405036],[9.217477,45.405044],[9.217485,45.405051],[9.217492,45.405059],[9.2175,45.405066],[9.217508,45.405073],[9.217516,45.40508],[9.217524,45.405087],[9.217533,45.405094],[9.217541,45.4051],[9.21755,45.405106],[9.217557,45.405111],[9.217564,45.405115],[9.217574,45.40512],[9.217583,45.405124],[9.217593,45.405129],[9.217604,45.405134],[9.217615,45.405138],[9.217626,45.405143],[9.217637,45.405148],[9.217648,45.405152],[9.217659,45.405155],[9.217669,45.405159],[9.217682,45.405162],[9.217694,45.405166],[9.217706,45.40517],[9.217717,45.405176],[9.217728,45.405181],[9.217739,45.405186],[9.21775,45.405191],[9.217761,45.405196],[9.217771,45.405201],[9.217782,45.405207],[9.217793,45.405213],[9.217804,45.405219],[9.217919,45.405278],[9.21793,45.405284],[9.21794,45.405289],[9.217951,45.405294],[9.217962,45.405299],[9.217973,45.405304],[9.217984,45.405308],[9.217995,45.405313],[9.218007,45.405317],[9.218018,45.405321],[9.21803,45.405325],[9.218041,45.40533],[9.218052,45.405334],[9.218063,45.405338],[9.218074,45.405343],[9.218084,45.405348],[9.218095,45.405352],[9.218106,45.405357],[9.218116,45.405362],[9.218126,45.405367],[9.218137,45.405372],[9.218147,45.405377],[9.218157,45.405383],[9.218167,45.405388],[9.218178,45.405393],[9.218188,45.405399],[9.218197,45.405404],[9.218208,45.40541],[9.218217,45.405416],[9.218228,45.405421],[9.218238,45.405427],[9.218248,45.405433],[9.218258,45.405438],[9.218269,45.405444],[9.218278,45.405449],[9.218289,45.405454],[9.218297,45.405459],[9.218305,45.405465],[9.218312,45.405471],[9.21832,45.405477],[9.218328,45.405484],[9.218334,45.405491],[9.218339,45.405499],[9.218345,45.405507],[9.21835,45.405515],[9.218356,45.405523],[9.21836,45.405532],[9.218366,45.40554],[9.218372,45.405549],[9.21838,45.405558],[9.21839,45.405566],[9.218402,45.405573],[9.218414,45.405579],[9.218427,45.405583],[9.218439,45.405587],[9.21845,45.40559],[9.218462,45.405594],[9.218474,45.405597],[9.218485,45.405601],[9.218498,45.405604],[9.218509,45.405607],[9.218521,45.40561],[9.218534,45.405614],[9.218547,45.405617],[9.218561,45.40562],[9.218575,45.405622],[9.218587,45.405623],[9.218599,45.405625],[9.218611,45.405627],[9.218623,45.405629],[9.218636,45.40563],[9.218649,45.405632],[9.218661,45.405633],[9.218674,45.405635],[9.218687,45.405636],[9.218699,45.405638],[9.218711,45.405641],[9.218722,45.405643],[9.218733,45.405646],[9.218743,45.405649],[9.218751,45.405653],[9.218761,45.405657],[9.218761,45.405658],[9.218763,45.405662],[9.218769,45.40567],[9.218774,45.405678],[9.218777,45.405686],[9.218778,45.405695],[9.218778,45.405703],[9.218777,45.40571],[9.218776,45.405719],[9.218774,45.405727],[9.21877,45.405735],[9.218766,45.405744],[9.218762,45.405752],[9.218759,45.40576],[9.218755,45.405769],[9.218751,45.405778],[9.218746,45.405786],[9.218742,45.405794],[9.218737,45.405803],[9.218733,45.405811],[9.218728,45.405819],[9.218723,45.405826],[9.218718,45.405835],[9.218712,45.405842],[9.218706,45.40585],[9.2187,45.405858],[9.218694,45.405866],[9.218688,45.405874],[9.218681,45.405882],[9.218675,45.40589],[9.218669,45.405898],[9.218664,45.405907],[9.218658,45.405915],[9.218652,45.405923],[9.218646,45.405931],[9.218641,45.405939],[9.218636,45.405947],[9.218631,45.405956],[9.218626,45.405964],[9.218621,45.405973],[9.218616,45.405981],[9.218612,45.40599],[9.218607,45.405998],[9.218603,45.406006],[9.218598,45.406015],[9.218594,45.406023],[9.218589,45.406032],[9.218585,45.40604],[9.21858,45.406049],[9.218576,45.406057],[9.218571,45.406066],[9.218566,45.406074],[9.218562,45.406083],[9.218558,45.406091],[9.218554,45.4061],[9.21855,45.406108],[9.218546,45.406117],[9.218542,45.406125],[9.218538,45.406134],[9.218533,45.406142],[9.218529,45.406151],[9.218525,45.406159],[9.218521,45.406168],[9.218517,45.406177],[9.218513,45.406185],[9.218509,45.406194],[9.218505,45.406202],[9.218501,45.406211],[9.218496,45.406219],[9.218492,45.406227],[9.218488,45.406236],[9.218483,45.406244],[9.218479,45.406253],[9.218475,45.406261],[9.218471,45.40627],[9.218466,45.406278],[9.218507,45.40629],[9.218542,45.406299],[9.218572,45.406307],[9.218365,45.406634],[9.218248,45.406821],[9.21818,45.406932],[9.218026,45.407176],[9.218021,45.407184],[9.218151,45.407249],[9.218161,45.407254],[9.218172,45.407259],[9.218183,45.407264],[9.218193,45.40727],[9.218204,45.407275],[9.218214,45.40728],[9.218225,45.407285],[9.218235,45.40729],[9.218245,45.407296],[9.218256,45.407301],[9.218266,45.407306],[9.218276,45.407311],[9.218287,45.407317],[9.218297,45.407322],[9.218307,45.407327],[9.218318,45.407332],[9.218328,45.407338],[9.218338,45.407343],[9.218349,45.407348],[9.218359,45.407354],[9.218369,45.407359],[9.21838,45.407364],[9.218381,45.407365],[9.218391,45.40737],[9.218401,45.407376],[9.218412,45.407381],[9.218422,45.407386],[9.218432,45.407392],[9.218442,45.407397],[9.218453,45.407402],[9.218463,45.407408],[9.218473,45.407413],[9.218484,45.407418],[9.218494,45.407424],[9.218504,45.407429],[9.218514,45.407434],[9.218525,45.40744],[9.218535,45.407445],[9.218545,45.40745],[9.218556,45.407456],[9.218566,45.407461],[9.218576,45.407466],[9.218587,45.407472],[9.218597,45.407477],[9.218607,45.407482],[9.218618,45.407487],[9.218628,45.407493],[9.218638,45.407498],[9.218649,45.407503],[9.218659,45.407509],[9.218669,45.407514],[9.21868,45.407519],[9.21869,45.407524],[9.2187,45.40753],[9.218711,45.407535],[9.218721,45.40754],[9.218732,45.407545],[9.218742,45.407551],[9.218752,45.407556],[9.218763,45.407561],[9.218773,45.407566],[9.218784,45.407572],[9.218794,45.407577],[9.218804,45.407582],[9.218815,45.407587],[9.218825,45.407593],[9.218835,45.407598],[9.218846,45.407603],[9.218856,45.407608],[9.218867,45.407614],[9.218877,45.407619],[9.218887,45.407624],[9.218898,45.407629],[9.218908,45.407635],[9.218919,45.40764],[9.218929,45.407645],[9.218939,45.40765],[9.21895,45.407655],[9.21896,45.407661],[9.21897,45.407666],[9.218981,45.407671],[9.218991,45.407676],[9.219002,45.407682],[9.219006,45.407684],[9.219017,45.407689],[9.219027,45.407695],[9.219038,45.4077],[9.219048,45.407705],[9.219059,45.407711],[9.219069,45.407716],[9.219079,45.407721],[9.21909,45.407727],[9.2191,45.407732],[9.219111,45.407737],[9.219121,45.407742],[9.219131,45.407748],[9.219142,45.407753],[9.219152,45.407758],[9.219162,45.407764],[9.219173,45.407769],[9.219183,45.407774],[9.219193,45.407779],[9.219204,45.407785],[9.219214,45.40779],[9.219224,45.407795],[9.219235,45.4078],[9.219245,45.407806],[9.219256,45.407811],[9.219266,45.407816],[9.219276,45.407821],[9.219287,45.407827],[9.219297,45.407832],[9.219308,45.407837],[9.219318,45.407842],[9.219328,45.407848],[9.219339,45.407853],[9.219349,45.407858],[9.21936,45.407863],[9.21937,45.407869],[9.21938,45.407874],[9.219391,45.407879],[9.219401,45.407884],[9.219412,45.407889],[9.219422,45.407895],[9.219433,45.4079],[9.219443,45.407905],[9.219454,45.40791],[9.219464,45.407915],[9.219475,45.40792],[9.219485,45.407925],[9.219496,45.40793],[9.219506,45.407935],[9.219517,45.407941],[9.219527,45.407946],[9.219538,45.40795],[9.219549,45.407955],[9.21956,45.40796],[9.21957,45.407965],[9.219581,45.40797],[9.219592,45.407975],[9.219602,45.40798],[9.219613,45.407985],[9.219624,45.40799],[9.219635,45.407994],[9.219646,45.407999],[9.219656,45.408004],[9.219667,45.408009],[9.21967,45.40801],[9.219681,45.408015],[9.219692,45.40802],[9.219702,45.408024],[9.219713,45.408029],[9.219724,45.408034],[9.219735,45.408039],[9.219746,45.408043],[9.219757,45.408048],[9.219768,45.408052],[9.219779,45.408057],[9.21979,45.408062],[9.219801,45.408066],[9.219812,45.408071],[9.219823,45.408075],[9.219835,45.408079],[9.219846,45.408084],[9.219857,45.408088],[9.219868,45.408092],[9.21988,45.408096],[9.219891,45.408101],[9.219902,45.408105],[9.219914,45.408109],[9.219925,45.408113],[9.219936,45.408117],[9.219948,45.408122],[9.219959,45.408126],[9.21997,45.40813],[9.219982,45.408134],[9.219993,45.408138],[9.220005,45.408142],[9.220016,45.408146],[9.220027,45.40815],[9.220039,45.408154],[9.22005,45.408158],[9.220062,45.408162],[9.220073,45.408166],[9.220085,45.40817],[9.220096,45.408174],[9.220108,45.408178],[9.220119,45.408182],[9.22013,45.408186],[9.220142,45.40819],[9.220153,45.408194],[9.220164,45.408199],[9.220176,45.408203],[9.220187,45.408207],[9.220198,45.408211],[9.22021,45.408216],[9.220221,45.40822],[9.220232,45.408224],[9.220243,45.408228],[9.220255,45.408233],[9.220266,45.408237],[9.220277,45.408242],[9.220288,45.408246],[9.220299,45.408251],[9.22031,45.408255],[9.220321,45.40826],[9.220332,45.408264],[9.220343,45.408269],[9.220354,45.408274],[9.220365,45.408278],[9.220376,45.408283],[9.220387,45.408288],[9.220398,45.408292],[9.220405,45.408296],[9.220416,45.4083],[9.220427,45.408305],[9.220437,45.40831],[9.220448,45.408315],[9.220459,45.408319],[9.22047,45.408324],[9.220481,45.408329],[9.220492,45.408334],[9.220502,45.408339],[9.220513,45.408344],[9.220524,45.408349],[9.220534,45.408353],[9.220545,45.408358],[9.220556,45.408363],[9.220566,45.408368],[9.220577,45.408373],[9.220588,45.408378],[9.220598,45.408383],[9.220609,45.408388],[9.22062,45.408393],[9.22063,45.408398],[9.220641,45.408403],[9.220651,45.408408],[9.220662,45.408414],[9.220672,45.408419],[9.220683,45.408424],[9.220693,45.408429],[9.220704,45.408434],[9.220714,45.408439],[9.220725,45.408445],[9.220735,45.40845],[9.220746,45.408455],[9.220756,45.40846],[9.220767,45.408465],[9.220777,45.40847],[9.220787,45.408475],[9.220798,45.408481],[9.220808,45.408486],[9.220819,45.408491],[9.220829,45.408496],[9.22084,45.408501],[9.22085,45.408506],[9.220861,45.408511],[9.220871,45.408517],[9.220882,45.408522],[9.220892,45.408527],[9.220903,45.408532],[9.220913,45.408537],[9.220924,45.408542],[9.220934,45.408547],[9.220945,45.408553],[9.220955,45.408558],[9.220966,45.408563],[9.220976,45.408568],[9.220987,45.408573],[9.220997,45.408578],[9.221008,45.408583],[9.221018,45.408589],[9.221029,45.408594],[9.221039,45.408599],[9.22105,45.408604],[9.22106,45.408609],[9.221071,45.408614],[9.221081,45.408619],[9.221092,45.408625],[9.221102,45.40863],[9.221112,45.408635],[9.221123,45.40864],[9.221133,45.408645],[9.221144,45.408651],[9.221154,45.408656],[9.221165,45.408661],[9.221175,45.408666],[9.221186,45.408671],[9.221196,45.408677],[9.221206,45.408682],[9.221217,45.408687],[9.221227,45.408692],[9.221237,45.408697],[9.221352,45.408753],[9.221363,45.408758],[9.221374,45.408763],[9.221384,45.408769],[9.221395,45.408774],[9.221405,45.408779],[9.221416,45.408784],[9.221427,45.408789],[9.221437,45.408794],[9.221448,45.408799],[9.221458,45.408804],[9.221469,45.408809],[9.221479,45.408814],[9.22149,45.408819],[9.2215,45.408824],[9.221511,45.40883],[9.221521,45.408835],[9.221532,45.40884],[9.221542,45.408845],[9.221553,45.40885],[9.221563,45.408855],[9.221574,45.40886],[9.221584,45.408865],[9.221595,45.40887],[9.221606,45.408876],[9.221616,45.408881],[9.221627,45.408886],[9.221637,45.408891],[9.221648,45.408896],[9.221658,45.408901],[9.221669,45.408906],[9.221679,45.408911],[9.22169,45.408916],[9.2217,45.408922],[9.221711,45.408927],[9.221721,45.408932],[9.221732,45.408937],[9.221742,45.408942],[9.221753,45.408947],[9.221763,45.408952],[9.221774,45.408957],[9.221784,45.408963],[9.221795,45.408968],[9.221805,45.408973],[9.221816,45.408978],[9.221826,45.408983],[9.221837,45.408988],[9.221848,45.408993],[9.221858,45.408998],[9.221869,45.409003],[9.221879,45.409008],[9.22189,45.409013],[9.2219,45.409018],[9.221911,45.409023],[9.221922,45.409028],[9.221932,45.409033],[9.221943,45.409039],[9.221953,45.409044],[9.221964,45.409049],[9.221974,45.409054],[9.221999,45.409066],[9.222026,45.40908],[9.222037,45.409085],[9.222047,45.40909],[9.222058,45.409095],[9.222068,45.4091],[9.222078,45.409106],[9.222089,45.409111],[9.222099,45.409116],[9.22211,45.409121],[9.22212,45.409127],[9.22213,45.409132],[9.222141,45.409137],[9.222151,45.409142],[9.222162,45.409147],[9.222172,45.409153],[9.222182,45.409158],[9.222193,45.409163],[9.222203,45.409168],[9.222213,45.409174],[9.222224,45.409179],[9.222234,45.409184],[9.222245,45.409189],[9.222255,45.409195],[9.222265,45.4092],[9.222276,45.409205],[9.222286,45.40921],[9.222297,45.409216],[9.222307,45.409221],[9.222317,45.409226],[9.222328,45.409231],[9.222338,45.409237],[9.222349,45.409242],[9.222359,45.409247],[9.222369,45.409252],[9.22238,45.409258],[9.22239,45.409263],[9.222401,45.409268],[9.222411,45.409273],[9.222421,45.409279],[9.222432,45.409284],[9.222442,45.409289],[9.222452,45.409294],[9.222463,45.4093],[9.222473,45.409305],[9.222484,45.40931],[9.222494,45.409315],[9.222504,45.409321],[9.222515,45.409326],[9.222525,45.409331],[9.222536,45.409336],[9.222546,45.409342],[9.222556,45.409347],[9.222567,45.409352],[9.222577,45.409357],[9.222588,45.409362],[9.222598,45.409367],[9.222609,45.409373],[9.222619,45.409378],[9.222629,45.409383],[9.22264,45.409388],[9.22265,45.409393],[9.222661,45.409399],[9.222671,45.409404],[9.222682,45.409409],[9.222692,45.409414],[9.222702,45.409419],[9.222713,45.409425],[9.222723,45.40943],[9.222734,45.409435],[9.222744,45.40944],[9.222755,45.409445],[9.222765,45.409451],[9.222775,45.409456],[9.222786,45.409461],[9.222796,45.409466],[9.222807,45.409471],[9.222817,45.409477],[9.222828,45.409482],[9.222838,45.409487],[9.222849,45.409492],[9.222859,45.409497],[9.22287,45.409502],[9.22288,45.409507],[9.22289,45.409512],[9.222901,45.409517],[9.222911,45.409522],[9.222922,45.409526],[9.222932,45.40953],[9.222942,45.409534],[9.222952,45.409537],[9.222963,45.409541],[9.222976,45.409544],[9.222988,45.409546],[9.223001,45.409549],[9.223014,45.409549],[9.223032,45.40955],[9.223064,45.409548],[9.223076,45.409546],[9.223095,45.409542],[9.223134,45.409531],[9.223172,45.409515],[9.223217,45.409488],[9.223228,45.409481],[9.223239,45.409475],[9.22325,45.409469],[9.223261,45.409463],[9.223272,45.409457],[9.223283,45.409452],[9.223294,45.409446],[9.223305,45.409441],[9.223316,45.409436],[9.223327,45.409431],[9.223337,45.409426],[9.223348,45.409421],[9.223359,45.409416],[9.223369,45.409411],[9.22338,45.409406],[9.223391,45.409401],[9.223401,45.409396],[9.223412,45.409391],[9.223422,45.409386],[9.223433,45.409381],[9.223444,45.409376],[9.223454,45.409371],[9.223465,45.409366],[9.223476,45.409361],[9.223486,45.409356],[9.223497,45.409351],[9.223507,45.409346],[9.223518,45.409341],[9.223529,45.409336],[9.223539,45.409331],[9.22355,45.409326],[9.223561,45.409321],[9.223571,45.409316],[9.223582,45.409311],[9.223593,45.409307],[9.223603,45.409302],[9.223614,45.409297],[9.223625,45.409292],[9.223636,45.409287],[9.223646,45.409282],[9.223657,45.409277],[9.223668,45.409272],[9.223679,45.409268],[9.223689,45.409263],[9.2237,45.409258],[9.223711,45.409253],[9.223721,45.409248],[9.223732,45.409243],[9.223743,45.409238],[9.223754,45.409233],[9.223764,45.409228],[9.223775,45.409223],[9.223786,45.409218],[9.223796,45.409213],[9.223807,45.409208],[9.223817,45.409203],[9.223828,45.409198],[9.223839,45.409194],[9.223849,45.409189],[9.22386,45.409184],[9.223871,45.409179],[9.223881,45.409174],[9.223892,45.409169],[9.223902,45.409164],[9.223913,45.409158],[9.223923,45.409153],[9.223934,45.409148],[9.223944,45.409143],[9.223954,45.409138],[9.223965,45.409132],[9.223975,45.409127],[9.223986,45.409122],[9.223996,45.409117],[9.224006,45.409112],[9.224016,45.409106],[9.224026,45.409101],[9.224036,45.409095],[9.224046,45.40909],[9.224055,45.409085],[9.224065,45.409079],[9.224075,45.409074],[9.224084,45.409068],[9.224093,45.409063],[9.224103,45.409057],[9.224112,45.409051],[9.224122,45.409045],[9.224131,45.409039],[9.22414,45.409033],[9.22415,45.409027],[9.224159,45.409021],[9.224168,45.409015],[9.224178,45.409009],[9.224187,45.409003],[9.224196,45.408997],[9.224206,45.408991],[9.224215,45.408985],[9.224224,45.408978],[9.224234,45.408972],[9.224243,45.408966],[9.224252,45.40896],[9.224262,45.408954],[9.224271,45.408948],[9.22428,45.408941],[9.224289,45.408935],[9.224298,45.408929],[9.224308,45.408923],[9.224317,45.408917],[9.224326,45.40891],[9.224335,45.408904],[9.224345,45.408898],[9.224354,45.408892],[9.224363,45.408886],[9.224372,45.408879],[9.224381,45.408873],[9.22439,45.408867],[9.2244,45.40886],[9.224409,45.408854],[9.224418,45.408848],[9.224427,45.408842],[9.224436,45.408835],[9.224445,45.408829],[9.224454,45.408823],[9.224464,45.408816],[9.224473,45.40881],[9.224482,45.408804],[9.224491,45.408798],[9.2245,45.408791],[9.224509,45.408785],[9.224518,45.408779],[9.224528,45.408772],[9.224537,45.408766],[9.224546,45.40876],[9.224555,45.408754],[9.224564,45.408747],[9.224573,45.408741],[9.224583,45.408735],[9.224592,45.408728],[9.224601,45.408722],[9.22461,45.408716],[9.224619,45.40871],[9.224628,45.408703],[9.224637,45.408697],[9.224647,45.408691],[9.224656,45.408685],[9.224665,45.408678],[9.224674,45.408672],[9.224683,45.408666],[9.224692,45.408659],[9.224701,45.408653],[9.224711,45.408647],[9.22472,45.408641],[9.224729,45.408634],[9.224738,45.408628],[9.224747,45.408622],[9.224756,45.408615],[9.224765,45.408609],[9.224774,45.408603],[9.224783,45.408596],[9.224792,45.40859],[9.224801,45.408584],[9.22481,45.408577],[9.224819,45.408571],[9.224828,45.408565],[9.224837,45.408558],[9.224846,45.408552],[9.224855,45.408546],[9.224864,45.408539],[9.224873,45.408533],[9.224882,45.408527],[9.224891,45.40852],[9.2249,45.408514],[9.224909,45.408507],[9.224918,45.408501],[9.224927,45.408495],[9.224936,45.408488],[9.224945,45.408482],[9.224954,45.408475],[9.224963,45.408469],[9.224972,45.408463],[9.224981,45.408456],[9.22499,45.40845],[9.224999,45.408443],[9.225008,45.408437],[9.225017,45.408431],[9.225026,45.408424],[9.225035,45.408418],[9.225044,45.408411],[9.225053,45.408405],[9.225061,45.408399],[9.22507,45.408392],[9.225079,45.408386],[9.225088,45.408379],[9.225097,45.408373],[9.225106,45.408366],[9.225114,45.40836],[9.225123,45.408353],[9.225131,45.408347],[9.22514,45.40834],[9.225148,45.408333],[9.225157,45.408327],[9.225165,45.40832],[9.225173,45.408313],[9.225181,45.408307],[9.22519,45.4083],[9.225198,45.408293],[9.225207,45.408287],[9.225215,45.40828],[9.225223,45.408273],[9.225231,45.408266],[9.225239,45.408259],[9.225247,45.408252],[9.225254,45.408245],[9.225262,45.408238],[9.22527,45.408231],[9.225278,45.408224],[9.225286,45.408217],[9.225294,45.40821],[9.225302,45.408203],[9.225309,45.408196],[9.225317,45.408189],[9.225325,45.408182],[9.225332,45.408175],[9.22534,45.408168],[9.225348,45.40816],[9.225355,45.408153],[9.225363,45.408146],[9.225371,45.408139],[9.225379,45.408132],[9.225386,45.408125],[9.225394,45.408118],[9.225402,45.408111],[9.22541,45.408103],[9.225417,45.408096],[9.225425,45.408089],[9.225433,45.408082],[9.22544,45.408075],[9.225448,45.408067],[9.225455,45.40806],[9.225462,45.408053],[9.22547,45.408045],[9.225477,45.408038],[9.225485,45.408031],[9.225492,45.408024],[9.2255,45.408016],[9.225507,45.408009],[9.225514,45.408002],[9.225521,45.407994],[9.225529,45.407987],[9.225536,45.407979],[9.225543,45.407972],[9.22555,45.407965],[9.225558,45.407957],[9.225565,45.40795],[9.225572,45.407943],[9.225579,45.407935],[9.225587,45.407928],[9.225594,45.40792],[9.225601,45.407913],[9.225608,45.407905],[9.225615,45.407898],[9.225623,45.407891],[9.22563,45.407883],[9.225637,45.407876],[9.225644,45.407868],[9.225651,45.407861],[9.225659,45.407853],[9.225666,45.407846],[9.225673,45.407839],[9.225681,45.407831],[9.225688,45.407824],[9.225695,45.407816],[9.225703,45.407809],[9.22571,45.407801],[9.225717,45.407794],[9.225725,45.407786],[9.225733,45.407779],[9.225741,45.407772],[9.225749,45.407765],[9.225756,45.407757],[9.225764,45.40775],[9.225772,45.407743],[9.22578,45.407736],[9.225788,45.407728],[9.225796,45.407721],[9.225804,45.407714],[9.225812,45.407706],[9.22582,45.407699],[9.225827,45.407692],[9.225836,45.407684],[9.225845,45.407678],[9.225853,45.407671],[9.225862,45.407664],[9.225871,45.407657],[9.22588,45.407651],[9.225889,45.407644],[9.225898,45.407638],[9.225907,45.407631],[9.225917,45.407625],[9.225926,45.407618],[9.225935,45.407612],[9.225945,45.407606],[9.225954,45.407599],[9.225964,45.407593],[9.225973,45.407587],[9.225982,45.407581],[9.225992,45.407574],[9.226002,45.407568],[9.226011,45.407562],[9.226021,45.407556],[9.226031,45.40755],[9.226041,45.407544],[9.226051,45.407538],[9.226061,45.407533],[9.226071,45.407527],[9.22608,45.407521],[9.226091,45.407515],[9.226101,45.407509],[9.226111,45.407503],[9.226121,45.407498],[9.226131,45.407492],[9.226141,45.407486],[9.226151,45.407481],[9.226161,45.407475],[9.226171,45.407469],[9.226181,45.407464],[9.226192,45.407458],[9.226202,45.407452],[9.226212,45.407447],[9.226223,45.407442],[9.226234,45.407436],[9.226244,45.407431],[9.226255,45.407426],[9.226266,45.407421],[9.226277,45.407416],[9.226288,45.407411],[9.226298,45.407406],[9.226309,45.407401],[9.22632,45.407396],[9.22633,45.407391],[9.226341,45.407386],[9.226352,45.407381],[9.226362,45.407376],[9.226373,45.407371],[9.226384,45.407366],[9.226394,45.407361],[9.226405,45.407356],[9.226416,45.407351],[9.226426,45.407346],[9.226437,45.407341],[9.226447,45.407336],[9.226457,45.407331],[9.226468,45.407326],[9.226478,45.40732],[9.226488,45.407315],[9.22649,45.407317],[9.226516,45.407335],[9.226657,45.407436],[9.22666,45.407438],[9.22692,45.407563],[9.226926,45.407566],[9.227194,45.407684],[9.227616,45.407869],[9.227623,45.407872],[9.227796,45.407931],[9.2278,45.407932],[9.227884,45.407942],[9.228059,45.407939],[9.22824,45.407935],[9.228247,45.407935],[9.228523,45.407941],[9.228924,45.407948],[9.229207,45.407954],[9.229423,45.407958],[9.229517,45.40796],[9.229577,45.407961],[9.229611,45.407961],[9.229646,45.407963],[9.229874,45.407973],[9.230131,45.407986],[9.230331,45.407996],[9.230418,45.408],[9.230434,45.408],[9.23058,45.408],[9.230782,45.408],[9.230931,45.408],[9.231021,45.408],[9.231029,45.407999],[9.231085,45.407993],[9.23111,45.40799],[9.231122,45.407989],[9.23124,45.407981],[9.231257,45.40798],[9.231372,45.407922],[9.231375,45.40792],[9.231456,45.407851],[9.231624,45.407942],[9.231972,45.408125],[9.232219,45.408257],[9.232342,45.408323],[9.232583,45.408454],[9.232922,45.40864],[9.233062,45.408716],[9.233144,45.408762],[9.233173,45.408777],[9.233201,45.408793],[9.233206,45.408794],[9.233216,45.408797],[9.23324,45.408809],[9.233256,45.408817],[9.23331,45.408855],[9.233354,45.408885],[9.233385,45.408904],[9.233403,45.408915],[9.233442,45.408934],[9.233476,45.408949],[9.233524,45.408973],[9.233566,45.408997],[9.23359,45.409012],[9.233626,45.409035],[9.233646,45.409046],[9.233689,45.40906],[9.233757,45.409075],[9.233807,45.409087],[9.233861,45.409093],[9.233908,45.409101],[9.23395,45.409108],[9.23402,45.409114],[9.234028,45.409115],[9.234102,45.409117],[9.234108,45.409118],[9.234169,45.409127],[9.234183,45.409129],[9.234205,45.409132],[9.23421,45.409133],[9.234246,45.409121],[9.234312,45.409152],[9.234324,45.409157],[9.234383,45.409174],[9.234439,45.409187],[9.234499,45.409201],[9.234517,45.409204],[9.234687,45.409194],[9.234692,45.409193],[9.23476,45.409207],[9.234766,45.409208],[9.234828,45.409232],[9.234867,45.409244],[9.234878,45.409248],[9.234991,45.409272],[9.235007,45.409275],[9.235138,45.409288],[9.235185,45.409292],[9.235208,45.409295],[9.235232,45.4093],[9.235326,45.409317],[9.235334,45.409318],[9.235351,45.409324],[9.235453,45.409355],[9.23548,45.409369],[9.235565,45.40939],[9.235597,45.409398],[9.235625,45.409406],[9.235675,45.409411],[9.235678,45.409411],[9.235814,45.409449],[9.235893,45.409471],[9.235897,45.409472],[9.236012,45.409544],[9.236056,45.409571],[9.23614,45.409615],[9.236143,45.409616],[9.236256,45.409632],[9.236289,45.409627],[9.236292,45.409627],[9.236248,45.409456],[9.236264,45.409446],[9.236275,45.409437],[9.236371,45.409429],[9.236395,45.409427],[9.236412,45.409425],[9.236445,45.409428],[9.236468,45.409435],[9.236549,45.409524],[9.236574,45.409554],[9.236586,45.409565],[9.236626,45.409579],[9.236659,45.409589],[9.236685,45.409597],[9.236723,45.409606],[9.23677,45.409615],[9.236816,45.409629],[9.236885,45.409647],[9.236925,45.409665],[9.237008,45.409702],[9.237282,45.409824],[9.237327,45.409854],[9.237336,45.40986],[9.237894,45.409636],[9.237905,45.409632],[9.237916,45.409627],[9.237928,45.409623],[9.237939,45.409618],[9.237949,45.409614],[9.23796,45.409609],[9.237971,45.409605],[9.237982,45.4096],[9.237993,45.409595],[9.238004,45.409591],[9.238015,45.409586],[9.238026,45.409581],[9.238037,45.409577],[9.238048,45.409572],[9.238059,45.409567],[9.238069,45.409562],[9.23808,45.409557],[9.238091,45.409552],[9.238102,45.409548],[9.238112,45.409543],[9.238123,45.409538],[9.238134,45.409533],[9.238145,45.409528],[9.238156,45.409524],[9.238167,45.409519],[9.238177,45.409514],[9.238188,45.409509],[9.238199,45.409504],[9.238209,45.409499],[9.23822,45.409494],[9.238231,45.409489],[9.238241,45.409485],[9.238252,45.40948],[9.238263,45.409475],[9.238274,45.40947],[9.238284,45.409465],[9.238295,45.40946],[9.238306,45.409455],[9.238317,45.40945],[9.238327,45.409445],[9.238338,45.409441],[9.238349,45.409436],[9.238359,45.409431],[9.23837,45.409425],[9.23838,45.40942],[9.238391,45.409415],[9.238401,45.40941],[9.238412,45.409405],[9.238422,45.4094],[9.238433,45.409395],[9.238444,45.40939],[9.238454,45.409385],[9.238465,45.40938],[9.238475,45.409375],[9.238485,45.409369],[9.238495,45.409363],[9.238504,45.409358],[9.238514,45.409352],[9.238524,45.409346],[9.238533,45.40934],[9.238542,45.409334],[9.23855,45.409327],[9.238558,45.40932],[9.238567,45.409313],[9.238575,45.409306],[9.238583,45.4093],[9.238592,45.409293],[9.2386,45.409286],[9.238608,45.409279],[9.238616,45.409272],[9.238624,45.409265],[9.238633,45.409258],[9.238641,45.409252],[9.238649,45.409245],[9.238658,45.409238],[9.238666,45.409231],[9.238675,45.409224],[9.238683,45.409218],[9.238691,45.409211],[9.2387,45.409204],[9.238709,45.409197],[9.238717,45.409191],[9.238726,45.409184],[9.238734,45.409177],[9.238743,45.409171],[9.238751,45.409164],[9.238759,45.409157],[9.238765,45.409149],[9.238772,45.409142],[9.238778,45.409134],[9.238784,45.409126],[9.23879,45.409118],[9.238796,45.409111],[9.238803,45.409103],[9.238808,45.409095],[9.238812,45.409086],[9.238816,45.409078],[9.23882,45.409069],[9.238824,45.409061],[9.238828,45.409052],[9.238832,45.409044],[9.238836,45.409035],[9.238841,45.409026],[9.238846,45.409017],[9.238854,45.40901],[9.238862,45.409003],[9.23887,45.408995],[9.238877,45.408988],[9.238885,45.408981],[9.238893,45.408974],[9.238901,45.408967],[9.238909,45.408959],[9.238917,45.408952],[9.238926,45.408946],[9.238935,45.408939],[9.238943,45.408933],[9.238952,45.408926],[9.238961,45.408919],[9.23897,45.408913],[9.238978,45.408906],[9.238987,45.4089],[9.238996,45.408893],[9.239004,45.408886],[9.239013,45.40888],[9.239022,45.408873],[9.239031,45.408867],[9.23904,45.40886],[9.239048,45.408854],[9.239057,45.408847],[9.239066,45.408841],[9.239075,45.408834],[9.239084,45.408828],[9.239094,45.408822],[9.239103,45.408816],[9.239113,45.40881],[9.239122,45.408803],[9.239132,45.408797],[9.239141,45.408791],[9.23915,45.408785],[9.23916,45.408779],[9.239169,45.408773],[9.239179,45.408767],[9.239188,45.408761],[9.239198,45.408755],[9.239207,45.408749],[9.239217,45.408743],[9.239226,45.408737],[9.239235,45.40873],[9.239243,45.408724],[9.239252,45.408717],[9.239261,45.408711],[9.23927,45.408704],[9.239278,45.408698],[9.239287,45.408691],[9.239296,45.408685],[9.239304,45.408678],[9.239313,45.408671],[9.239322,45.408665],[9.239331,45.408658],[9.239339,45.408652],[9.239348,45.408646],[9.239356,45.408639],[9.239364,45.408632],[9.239373,45.408625],[9.239382,45.408618],[9.239392,45.408612],[9.239402,45.408606],[9.239413,45.408601],[9.239423,45.408595],[9.239434,45.40859],[9.239445,45.408585],[9.239463,45.408583],[9.239515,45.408583],[9.239533,45.408581],[9.239547,45.40858],[9.240123,45.408435],[9.240135,45.408432],[9.240147,45.408404],[9.240159,45.408375],[9.240172,45.408374],[9.240185,45.408373],[9.240197,45.408372],[9.24021,45.408371],[9.240223,45.408369],[9.240235,45.408368],[9.240239,45.408366],[9.240243,45.408364],[9.240255,45.408346],[9.240266,45.408327],[9.240272,45.408318],[9.240289,45.408292],[9.240304,45.40827],[9.240354,45.408291],[9.240382,45.408307],[9.240392,45.408312],[9.240409,45.408326],[9.240469,45.408377],[9.240483,45.408388],[9.24049,45.408396],[9.240497,45.408404],[9.240502,45.408409],[9.240504,45.408411],[9.240511,45.408419],[9.240518,45.408427],[9.240525,45.408434],[9.240532,45.408442],[9.240539,45.40845],[9.240545,45.408457],[9.240552,45.408465],[9.240559,45.408472],[9.240566,45.408479],[9.240574,45.408487],[9.240581,45.408494],[9.240588,45.408502],[9.240595,45.408509],[9.240603,45.408517],[9.24061,45.408524],[9.240617,45.408532],[9.240624,45.408539],[9.240632,45.408546],[9.240639,45.408553],[9.240647,45.40856],[9.240654,45.408567],[9.240662,45.408574],[9.240669,45.408581],[9.240677,45.408587],[9.240685,45.408594],[9.240694,45.4086],[9.240702,45.408607],[9.24071,45.408613],[9.240719,45.408619],[9.240728,45.408625],[9.240738,45.408631],[9.240747,45.408637],[9.240756,45.408643],[9.240765,45.408649],[9.240775,45.408654],[9.240784,45.40866],[9.240793,45.408665],[9.240803,45.408671],[9.240813,45.408676],[9.240823,45.408681],[9.240832,45.408686],[9.240842,45.40869],[9.240852,45.408695],[9.240863,45.4087],[9.240873,45.408704],[9.240884,45.408708],[9.240895,45.408713],[9.240905,45.408717],[9.240916,45.408722],[9.240928,45.408726],[9.240939,45.40873],[9.24095,45.408734],[9.240961,45.408738],[9.240973,45.408742],[9.240984,45.408746],[9.240996,45.40875],[9.241007,45.408754],[9.241018,45.408758],[9.24103,45.408762],[9.241041,45.408766],[9.241053,45.40877],[9.241064,45.408774],[9.241076,45.408778],[9.241087,45.408781],[9.241098,45.408785],[9.24111,45.408789],[9.241122,45.408793],[9.241133,45.408797],[9.241145,45.408801],[9.241156,45.408804],[9.241168,45.408808],[9.241179,45.408812],[9.241191,45.408816],[9.241203,45.40882],[9.241214,45.408823],[9.241226,45.408827],[9.241237,45.408831],[9.241249,45.408835],[9.24126,45.408839],[9.241272,45.408842],[9.241283,45.408846],[9.241295,45.40885],[9.241307,45.408854],[9.241318,45.408857],[9.24133,45.408861],[9.241341,45.408865],[9.241353,45.408868],[9.241365,45.408872],[9.241376,45.408876],[9.241388,45.408879],[9.241399,45.408883],[9.241411,45.408886],[9.241423,45.40889],[9.241434,45.408893],[9.241446,45.408897],[9.241458,45.408901],[9.241469,45.408904],[9.241481,45.408908],[9.241493,45.408911],[9.241504,45.408915],[9.241516,45.408918],[9.241528,45.408922],[9.24154,45.408925],[9.241551,45.408929],[9.241563,45.408932],[9.241575,45.408936],[9.241587,45.408939],[9.241598,45.408943],[9.24161,45.408946],[9.241622,45.408949],[9.241634,45.408953],[9.241646,45.408956],[9.241657,45.40896],[9.241669,45.408963],[9.241681,45.408966],[9.241693,45.40897],[9.241705,45.408973],[9.241717,45.408976],[9.241728,45.40898],[9.24174,45.408983],[9.241752,45.408986],[9.241764,45.40899],[9.241776,45.408993],[9.241788,45.408996],[9.241799,45.409],[9.241811,45.409003],[9.241823,45.409006],[9.241835,45.409009],[9.241847,45.409012],[9.241859,45.409016],[9.241871,45.409019],[9.241883,45.409022],[9.241895,45.409025],[9.241907,45.409028],[9.2422,45.4091],[9.242212,45.409103],[9.242225,45.409106],[9.242237,45.409109],[9.242249,45.409111],[9.242261,45.409114],[9.242274,45.409117],[9.242446,45.409158],[9.24248,45.409168],[9.242493,45.409171],[9.242505,45.409174],[9.242517,45.409177],[9.24253,45.40918],[9.242542,45.409184],[9.242555,45.409187],[9.242567,45.409191],[9.242579,45.409195],[9.242591,45.409199],[9.242603,45.409204],[9.242615,45.409209],[9.242628,45.409214],[9.24264,45.409219],[9.242651,45.409225],[9.242662,45.409231],[9.242672,45.409237],[9.242682,45.409243],[9.242692,45.40925],[9.242702,45.409256],[9.242712,45.409263],[9.242721,45.409271],[9.24273,45.409278],[9.242738,45.409285],[9.242747,45.409292],[9.242755,45.409299],[9.242763,45.409307],[9.242771,45.409314],[9.242778,45.409321],[9.242786,45.409329],[9.242794,45.409336],[9.242801,45.409344],[9.242809,45.409351],[9.242816,45.409359],[9.242824,45.409366],[9.242831,45.409373],[9.242838,45.409381],[9.242846,45.409388],[9.242853,45.409396],[9.24286,45.409403],[9.242867,45.409411],[9.242875,45.409418],[9.242882,45.409425],[9.242889,45.409433],[9.242896,45.40944],[9.242904,45.409448],[9.242911,45.409455],[9.242918,45.409463],[9.242925,45.40947],[9.242933,45.409477],[9.24294,45.409485],[9.242947,45.409492],[9.242954,45.4095],[9.242961,45.409507],[9.242969,45.409515],[9.242976,45.409522],[9.242983,45.40953],[9.24299,45.409537],[9.242997,45.409545],[9.243004,45.409552],[9.243011,45.40956],[9.243019,45.409567],[9.243026,45.409575],[9.243033,45.409582],[9.24304,45.409589],[9.243047,45.409597],[9.243054,45.409604],[9.243062,45.409612],[9.243069,45.409619],[9.243076,45.409626],[9.243083,45.409634],[9.243091,45.409641],[9.243098,45.409648],[9.243105,45.409656],[9.243113,45.409663],[9.24312,45.40967],[9.243128,45.409678],[9.243135,45.409685],[9.243142,45.409692],[9.24315,45.409699],[9.243157,45.409707],[9.243165,45.409714],[9.243172,45.409721],[9.24318,45.409728],[9.243188,45.409735],[9.243195,45.409743],[9.243203,45.40975],[9.243211,45.409757],[9.243218,45.409764],[9.243226,45.409771],[9.243234,45.409778],[9.243242,45.409785],[9.24325,45.409792],[9.243257,45.409799],[9.243265,45.409806],[9.243273,45.409813],[9.243281,45.409821],[9.243289,45.409828],[9.243297,45.409835],[9.243305,45.409842],[9.243313,45.409849],[9.243321,45.409856],[9.243329,45.409863],[9.243336,45.40987],[9.243344,45.409877],[9.243353,45.409883],[9.243361,45.40989],[9.243369,45.409897],[9.243377,45.409904],[9.243385,45.409911],[9.243393,45.409918],[9.243401,45.409925],[9.243409,45.409932],[9.243418,45.409939],[9.243426,45.409945],[9.243434,45.409952],[9.243443,45.409959],[9.243451,45.409966],[9.243459,45.409973],[9.243467,45.40998],[9.243475,45.409987],[9.243483,45.409994],[9.243492,45.410001],[9.243501,45.410009],[9.243511,45.410018],[9.243521,45.410027],[9.243524,45.41003],[9.243533,45.410038],[9.243542,45.410057],[9.243538,45.410074],[9.243529,45.410091],[9.243497,45.410118],[9.243411,45.41017],[9.243401,45.410176],[9.243392,45.410182],[9.243382,45.410188],[9.243373,45.410194],[9.243363,45.410201],[9.243354,45.410207],[9.243345,45.410213],[9.243335,45.41022],[9.243326,45.410226],[9.243317,45.410233],[9.243308,45.410239],[9.243299,45.410246],[9.24329,45.410252],[9.243281,45.410259],[9.243272,45.410266],[9.243263,45.410272],[9.243255,45.410279],[9.243246,45.410286],[9.243237,45.410293],[9.243229,45.4103],[9.24322,45.410306],[9.243212,45.410313],[9.243203,45.41032],[9.243195,45.410327],[9.243187,45.410334],[9.243178,45.410341],[9.24317,45.410347],[9.243162,45.410354],[9.243153,45.410361],[9.243145,45.410368],[9.243137,45.410375],[9.243128,45.410382],[9.24312,45.410388],[9.243112,45.410395],[9.243104,45.410402],[9.243096,45.41041],[9.242972,45.410513],[9.242965,45.410521],[9.242957,45.410528],[9.242949,45.410535],[9.242941,45.410542],[9.242933,45.410549],[9.242925,45.410556],[9.242918,45.410563],[9.24291,45.41057],[9.242902,45.410577],[9.242894,45.410585],[9.242886,45.410592],[9.242878,45.410599],[9.24287,45.410606],[9.242862,45.410613],[9.242854,45.41062],[9.242847,45.410627],[9.242839,45.410635],[9.242831,45.410642],[9.242823,45.410649],[9.242816,45.410656],[9.242808,45.410663],[9.2428,45.41067],[9.242792,45.410677],[9.242784,45.410685],[9.242777,45.410692],[9.242769,45.410699],[9.242761,45.410706],[9.242754,45.410713],[9.242746,45.410721],[9.242738,45.410728],[9.24273,45.410735],[9.242723,45.410742],[9.242715,45.410749],[9.242708,45.410757],[9.2427,45.410764],[9.242692,45.410771],[9.242685,45.410778],[9.242677,45.410785],[9.242669,45.410792],[9.242661,45.410799],[9.242654,45.410806],[9.242646,45.410813],[9.242638,45.41082],[9.24263,45.410827],[9.242622,45.410834],[9.242614,45.410841],[9.242606,45.410848],[9.242598,45.410855],[9.24259,45.410862],[9.242599,45.410881],[9.242661,45.410997],[9.242707,45.411065],[9.242766,45.411154],[9.242833,45.411251],[9.242887,45.411334],[9.242933,45.411403],[9.243004,45.411509],[9.243077,45.411622],[9.24312,45.411686],[9.24318,45.411778],[9.243221,45.411843],[9.243279,45.411931],[9.243339,45.412023],[9.243393,45.412101],[9.243437,45.412169],[9.243489,45.41224],[9.24352,45.412289],[9.243549,45.412332],[9.243589,45.412392],[9.243619,45.412436],[9.243648,45.412478],[9.243657,45.412493],[9.243956,45.412904],[9.243986,45.412896],[9.244059,45.412874],[9.244306,45.412798],[9.244564,45.412722],[9.244578,45.412718],[9.244677,45.412688],[9.244761,45.412663],[9.244952,45.412607],[9.245005,45.41259],[9.245154,45.412545],[9.245383,45.412476],[9.2456,45.412412],[9.245705,45.412378],[9.245767,45.412394],[9.245789,45.412399],[9.245956,45.412443],[9.245969,45.412447],[9.246021,45.412466],[9.246075,45.412487],[9.246152,45.412516],[9.246236,45.412531],[9.246347,45.412519],[9.246622,45.412462],[9.246817,45.412424],[9.247135,45.412594],[9.247283,45.412675],[9.247304,45.412685],[9.247486,45.41278],[9.247591,45.412836],[9.247645,45.412863],[9.247792,45.412948],[9.247908,45.413017],[9.248059,45.413105],[9.248135,45.413149],[9.248303,45.413248],[9.248409,45.413306],[9.248576,45.4134],[9.248749,45.413496],[9.249604,45.413964],[9.249789,45.414068],[9.249847,45.414101],[9.250062,45.414211],[9.250111,45.41424],[9.250288,45.41434],[9.250427,45.41442],[9.250571,45.4145],[9.250644,45.414541],[9.250527,45.414607],[9.250517,45.414613],[9.250507,45.414618],[9.250497,45.414624],[9.250486,45.414629],[9.250476,45.414635],[9.250466,45.41464],[9.250456,45.414646],[9.250445,45.414651],[9.250436,45.414656],[9.250426,45.414661],[9.250416,45.414667],[9.250406,45.414672],[9.250396,45.414678],[9.250386,45.414683],[9.250375,45.414689],[9.250365,45.414694],[9.250355,45.4147],[9.250345,45.414706],[9.250335,45.414711],[9.250325,45.414717],[9.250315,45.414723],[9.250305,45.414728],[9.250295,45.414733],[9.250285,45.414739],[9.250274,45.414744],[9.250264,45.414749],[9.250254,45.414755],[9.250243,45.41476],[9.250233,45.414765],[9.250222,45.41477],[9.250212,45.414775],[9.250201,45.414781],[9.250191,45.414786],[9.25018,45.414791],[9.25017,45.414796],[9.250117,45.414821],[9.250106,45.414825],[9.250095,45.41483],[9.250084,45.414835],[9.250073,45.414839],[9.250062,45.414844],[9.25005,45.414848],[9.250039,45.414852],[9.250028,45.414857],[9.250017,45.414861],[9.250005,45.414866],[9.249994,45.41487],[9.249983,45.414874],[9.249975,45.414877],[9.249963,45.414881],[9.249952,45.414885],[9.24994,45.414889],[9.249929,45.414893],[9.249917,45.414897],[9.249906,45.414901],[9.249894,45.414905],[9.249883,45.414909],[9.249871,45.414913],[9.24986,45.414917],[9.249848,45.414921],[9.249837,45.414925],[9.249825,45.414929],[9.249814,45.414933],[9.249802,45.414936],[9.249791,45.41494],[9.249779,45.414944],[9.249768,45.414948],[9.249756,45.414952],[9.249744,45.414956],[9.249733,45.414959],[9.249721,45.414963],[9.249709,45.414966],[9.249697,45.41497],[9.249686,45.414973],[9.249674,45.414977],[9.249662,45.414981],[9.249651,45.414984],[9.249639,45.414988],[9.249627,45.414992],[9.249616,45.414995],[9.249604,45.414999],[9.249592,45.415003],[9.249581,45.415006],[9.249569,45.41501],[9.249557,45.415013],[9.249545,45.415017],[9.249534,45.415021],[9.249522,45.415024],[9.24951,45.415028],[9.249499,45.415032],[9.249487,45.415036],[9.249476,45.41504],[9.249464,45.415043],[9.249453,45.415047],[9.249441,45.415051],[9.249429,45.415055],[9.249418,45.415059],[9.249406,45.415063],[9.249395,45.415067],[9.249383,45.415071],[9.249372,45.415074],[9.24936,45.415078],[9.249349,45.415082],[9.249337,45.415086],[9.249326,45.41509],[9.249314,45.415094],[9.249303,45.415098],[9.249292,45.415102],[9.24928,45.415106],[9.249269,45.41511],[9.249257,45.415114],[9.249246,45.415118],[9.249234,45.415122],[9.249223,45.415126],[9.249211,45.41513],[9.2492,45.415134],[9.249188,45.415138],[9.249177,45.415142],[9.249166,45.415147],[9.249155,45.415151],[9.249143,45.415155],[9.249132,45.41516],[9.249121,45.415164],[9.24911,45.415169],[9.249099,45.415173],[9.249088,45.415177],[9.249076,45.415182],[9.249065,45.415186],[9.249054,45.415191],[9.249043,45.415195],[9.249032,45.4152],[9.249021,45.415204],[9.249009,45.415208],[9.248998,45.415213],[9.248987,45.415217],[9.248976,45.415222],[9.248965,45.415226],[9.248961,45.415228],[9.248949,45.415232],[9.248938,45.415237],[9.248927,45.415242],[9.248917,45.415246],[9.248906,45.415251],[9.248895,45.415256],[9.248884,45.41526],[9.248873,45.415265],[9.248862,45.41527],[9.248851,45.415274],[9.24884,45.415279],[9.248829,45.415284],[9.248818,45.415288],[9.248807,45.415293],[9.248796,45.415298],[9.248785,45.415302],[9.248774,45.415307],[9.248764,45.415312],[9.248753,45.415316],[9.248742,45.415321],[9.248731,45.415326],[9.248719,45.41533],[9.248708,45.415334],[9.248696,45.415338],[9.248685,45.415342],[9.248673,45.415345],[9.248661,45.415349],[9.248649,45.415353],[9.248541,45.415398],[9.248531,45.415404],[9.24852,45.415408],[9.248509,45.415413],[9.248498,45.415418],[9.248487,45.415422],[9.248476,45.415427],[9.248465,45.415431],[9.248454,45.415436],[9.248443,45.415441],[9.248432,45.415445],[9.248421,45.41545],[9.248416,45.415452],[9.248404,45.415456],[9.248393,45.415461],[9.248382,45.415466],[9.248371,45.41547],[9.24836,45.415475],[9.248349,45.415479],[9.248339,45.415484],[9.248328,45.415489],[9.248317,45.415494],[9.248306,45.415499],[9.248296,45.415504],[9.248285,45.415509],[9.248274,45.415513],[9.248263,45.415518],[9.248253,45.415523],[9.248242,45.415528],[9.248231,45.415533],[9.248221,45.415538],[9.24821,45.415543],[9.2482,45.415548],[9.248189,45.415554],[9.248179,45.415559],[9.248168,45.415564],[9.248158,45.415569],[9.248148,45.415575],[9.248138,45.41558],[9.248128,45.415586],[9.248117,45.415591],[9.248107,45.415597],[9.248097,45.415602],[9.248087,45.415608],[9.248077,45.415613],[9.248067,45.415619],[9.248057,45.415625],[9.248047,45.415631],[9.248037,45.415636],[9.248027,45.415642],[9.248018,45.415648],[9.248008,45.415654],[9.247998,45.415659],[9.247988,45.415665],[9.247978,45.415671],[9.247968,45.415677],[9.247959,45.415683],[9.247949,45.415689],[9.247939,45.415695],[9.24793,45.415701],[9.247921,45.415707],[9.247911,45.415713],[9.247902,45.41572],[9.247892,45.415726],[9.247886,45.41573],[9.247877,45.415737],[9.247869,45.415743],[9.24786,45.41575],[9.247851,45.415756],[9.247843,45.415763],[9.247834,45.41577],[9.247825,45.415776],[9.247817,45.415783],[9.247808,45.41579],[9.2478,45.415796],[9.247791,45.415803],[9.247783,45.41581],[9.247774,45.415817],[9.247766,45.415824],[9.247758,45.415831],[9.24775,45.415838],[9.247743,45.415845],[9.247735,45.415852],[9.247727,45.415859],[9.247719,45.415866],[9.247711,45.415873],[9.247703,45.41588],[9.247695,45.415887],[9.247687,45.415894],[9.247679,45.415901],[9.24767,45.415908],[9.247662,45.415915],[9.247654,45.415922],[9.247646,45.415929],[9.247638,45.415936],[9.24763,45.415943],[9.247622,45.41595],[9.247613,45.415957],[9.247605,45.415963],[9.247597,45.41597],[9.247588,45.415977],[9.24758,45.415984],[9.247572,45.415991],[9.247564,45.415998],[9.247555,45.416005],[9.247547,45.416011],[9.247539,45.416018],[9.247531,45.416025],[9.247523,45.416032],[9.247514,45.416039],[9.247511,45.416042],[9.247503,45.416049],[9.247494,45.416056],[9.247486,45.416063],[9.247478,45.41607],[9.247469,45.416076],[9.24746,45.416083],[9.24745,45.416089],[9.247441,45.416095],[9.247431,45.416101],[9.247422,45.416107],[9.247412,45.416113],[9.247402,45.416118],[9.247392,45.416124],[9.247381,45.41613],[9.247371,45.416135],[9.24736,45.41614],[9.24735,45.416145],[9.247339,45.416151],[9.247329,45.416156],[9.247319,45.416161],[9.247308,45.416167],[9.247298,45.416172],[9.247288,45.416178],[9.247278,45.416183],[9.247268,45.416189],[9.247258,45.416195],[9.247248,45.4162],[9.247238,45.416206],[9.247229,45.416212],[9.247219,45.416218],[9.247209,45.416223],[9.247199,45.416229],[9.24719,45.416235],[9.247188,45.416236],[9.247178,45.416242],[9.247168,45.416248],[9.247159,45.416254],[9.247149,45.41626],[9.24714,45.416266],[9.24713,45.416272],[9.247121,45.416279],[9.247111,45.416285],[9.247102,45.416291],[9.247093,45.416297],[9.247083,45.416303],[9.247074,45.416309],[9.247065,45.416315],[9.247055,45.416321],[9.247046,45.416327],[9.247036,45.416334],[9.247027,45.41634],[9.247017,45.416346],[9.247008,45.416352],[9.246999,45.416358],[9.246989,45.416364],[9.246979,45.416369],[9.246969,45.416375],[9.246841,45.416462],[9.246832,45.416468],[9.246822,45.416474],[9.246813,45.41648],[9.246803,45.416487],[9.246794,45.416493],[9.246784,45.416499],[9.246775,45.416505],[9.246765,45.416511],[9.246756,45.416517],[9.246746,45.416523],[9.246737,45.416529],[9.246727,45.416535],[9.246718,45.416541],[9.246708,45.416547],[9.246698,45.416553],[9.246689,45.416559],[9.246679,45.416565],[9.24667,45.416571],[9.24666,45.416577],[9.246651,45.416583],[9.246641,45.416589],[9.246631,45.416595],[9.246622,45.4166],[9.246612,45.416606],[9.246602,45.416612],[9.246592,45.416618],[9.246582,45.416623],[9.246572,45.416629],[9.246562,45.416635],[9.246552,45.41664],[9.246542,45.416646],[9.246532,45.416652],[9.246522,45.416657],[9.246512,45.416663],[9.246502,45.416668],[9.246492,45.416674],[9.246482,45.416679],[9.246472,45.416685],[9.246462,45.416691],[9.246451,45.416696],[9.246441,45.416702],[9.246431,45.416707],[9.246429,45.416709],[9.246418,45.416714],[9.246408,45.41672],[9.246397,45.416725],[9.246386,45.41673],[9.246376,45.416735],[9.246366,45.41674],[9.246355,45.416745],[9.246345,45.416751],[9.246334,45.416755],[9.246323,45.41676],[9.246312,45.416765],[9.246301,45.41677],[9.246291,45.416775],[9.24628,45.41678],[9.246269,45.416785],[9.246258,45.416789],[9.246247,45.416794],[9.246237,45.416799],[9.246226,45.416804],[9.246215,45.416809],[9.246204,45.416814],[9.246194,45.416819],[9.246183,45.416823],[9.246172,45.416828],[9.246161,45.416833],[9.24615,45.416838],[9.24614,45.416843],[9.246129,45.416848],[9.246118,45.416853],[9.246107,45.416857],[9.246097,45.416862],[9.246086,45.416867],[9.246075,45.416872],[9.246065,45.416877],[9.246054,45.416882],[9.246043,45.416887],[9.245839,45.416992],[9.245829,45.416997],[9.245819,45.417002],[9.245808,45.417008],[9.245798,45.417013],[9.245788,45.417018],[9.245778,45.417024],[9.245767,45.417029],[9.245757,45.417034],[9.245746,45.417039],[9.245735,45.417044],[9.245725,45.417049],[9.24572,45.417051],[9.245709,45.417056],[9.245699,45.417061],[9.245688,45.417066],[9.245677,45.417071],[9.245666,45.417076],[9.245656,45.417081],[9.245645,45.417086],[9.245634,45.417091],[9.245624,45.417096],[9.245614,45.417101],[9.245604,45.417107],[9.245594,45.417113],[9.245584,45.417119],[9.245574,45.417124],[9.245564,45.41713],[9.245554,45.417136],[9.245544,45.417141],[9.245534,45.417147],[9.245524,45.417153],[9.245514,45.417158],[9.245504,45.417164],[9.245494,45.41717],[9.245484,45.417175],[9.245475,45.417181],[9.245465,45.417187],[9.245455,45.417192],[9.245444,45.417198],[9.245434,45.417203],[9.245424,45.417209],[9.245414,45.417214],[9.245404,45.41722],[9.245393,45.417225],[9.245383,45.41723],[9.245381,45.417231],[9.245371,45.417236],[9.245361,45.417242],[9.24535,45.417247],[9.24534,45.417252],[9.245329,45.417257],[9.245318,45.417262],[9.245308,45.417267],[9.245297,45.417272],[9.245288,45.417278],[9.245278,45.417284],[9.245268,45.41729],[9.245259,45.417296],[9.245249,45.417302],[9.245239,45.417308],[9.24523,45.417314],[9.245221,45.41732],[9.245212,45.417327],[9.245203,45.417333],[9.245194,45.41734],[9.245185,45.417346],[9.245176,45.417352],[9.245167,45.417359],[9.245157,45.417365],[9.245148,45.417371],[9.245138,45.417377],[9.245129,45.417383],[9.245119,45.417389],[9.24511,45.417395],[9.2451,45.417401],[9.245095,45.417404],[9.245085,45.41741],[9.245075,45.417415],[9.245065,45.417421],[9.243033,45.415078],[9.241328,45.414602],[9.240297,45.414145],[9.239359,45.414428],[9.239692,45.414865],[9.239286,45.41596],[9.238916,45.41621],[9.238971,45.416295],[9.238554,45.416625],[9.238348,45.416869],[9.238155,45.416899],[9.237742,45.415179],[9.237322,45.413489],[9.233779,45.415111],[9.234908,45.416007],[9.236438,45.417518],[9.237144,45.418181],[9.238545,45.41969],[9.238813,45.420111],[9.238937,45.420146],[9.234633,45.42261],[9.233095,45.423906],[9.232462,45.424381],[9.231812,45.424918],[9.2308,45.425753],[9.230487,45.426039],[9.228857,45.427405],[9.228464,45.427773],[9.228188,45.428157],[9.227874,45.428504],[9.227429,45.428937],[9.226509,45.429801],[9.226109,45.430322],[9.224126,45.431695],[9.223401,45.431138],[9.224327,45.430605],[9.222175,45.429844],[9.221947,45.430094],[9.221172,45.430222],[9.219467,45.431723],[9.218656,45.432308],[9.217335,45.431598],[9.217107,45.431868]],[[9.179333,45.401374],[9.179105,45.401453],[9.178109,45.402327],[9.177811,45.402811],[9.181775,45.40391],[9.183062,45.403648],[9.183117,45.403127],[9.183264,45.402795],[9.183473,45.402455],[9.183381,45.401973],[9.183638,45.401219],[9.184423,45.400038],[9.184988,45.399277],[9.185612,45.397651],[9.183022,45.397761],[9.182678,45.397911],[9.182731,45.398093],[9.182881,45.398357],[9.182997,45.398689],[9.182993,45.398909],[9.182847,45.3998],[9.182818,45.399846],[9.182737,45.400018],[9.182324,45.399892],[9.181066,45.399746],[9.181039,45.400043],[9.180481,45.399898],[9.179333,45.401374]]]}},{"type":"Feature","properties":{"id_nil":12,"nome":"Maciachini - Maggiolina","nome_orig":"MACIACHINI - MAGGIOLINA","area_kmq":1.675,"perimetro_km":6.48,"lon_centro":9.19489,"lat_centro":45.4977,"n_annunci":272,"mediana_eur_mq":5230,"p25_eur_mq":4416,"p75_eur_mq":6082,"prezzo_mediano_eur":375000,"superficie_mediana_mq":77,"fonte_confini":"Comune di Milano - NIL vigenti PGT 2030 (CC BY)","fonte_prezzi":"Immobiliare.it, estrazione 2026-08-26"},"geometry":{"type":"Polygon","coordinates":[[[9.184892,45.505544],[9.183784,45.505714],[9.184216,45.505287],[9.18469,45.504839],[9.184942,45.504582],[9.185609,45.503904],[9.186309,45.503269],[9.187371,45.502225],[9.187911,45.501685],[9.188231,45.501444],[9.187476,45.499592],[9.18694,45.498339],[9.186655,45.497653],[9.188699,45.49711],[9.189629,45.496876],[9.191694,45.496309],[9.192167,45.496187],[9.19283,45.49601],[9.194527,45.495546],[9.193631,45.494079],[9.192835,45.492596],[9.194492,45.492127],[9.195814,45.491776],[9.19733,45.491379],[9.198086,45.49117],[9.198814,45.490813],[9.201165,45.489631],[9.201725,45.490147],[9.202573,45.490867],[9.203447,45.491614],[9.204058,45.492116],[9.204627,45.492604],[9.205089,45.492997],[9.205268,45.493154],[9.205464,45.493328],[9.205636,45.493479],[9.206447,45.494166],[9.207414,45.495051],[9.20757,45.495285],[9.207139,45.49543],[9.205836,45.495841],[9.20532,45.496007],[9.204357,45.496337],[9.202581,45.497008],[9.202801,45.497312],[9.202922,45.497486],[9.203148,45.497755],[9.203699,45.498487],[9.204338,45.499343],[9.205855,45.501343],[9.206487,45.502174],[9.20475,45.502439],[9.203864,45.502577],[9.202978,45.50272],[9.20239,45.502814],[9.200693,45.503067],[9.199781,45.503213],[9.198926,45.503351],[9.198116,45.503486],[9.197234,45.503632],[9.196414,45.503767],[9.194426,45.504061],[9.19352,45.504204],[9.193318,45.504238],[9.192487,45.50437],[9.188516,45.50498],[9.187239,45.505181],[9.184892,45.505544]]]}},{"type":"Feature","properties":{"id_nil":52,"nome":"Bande Nere","nome_orig":"BANDE NERE","area_kmq":2.664,"perimetro_km":6.78,"lon_centro":9.14002,"lat_centro":45.45928,"n_annunci":369,"mediana_eur_mq":4996,"p25_eur_mq":4326,"p75_eur_mq":5714,"prezzo_mediano_eur":400000,"superficie_mediana_mq":80,"fonte_confini":"Comune di Milano - NIL vigenti PGT 2030 (CC BY)","fonte_prezzi":"Immobiliare.it, estrazione 2026-08-26"},"geometry":{"type":"Polygon","coordinates":[[[9.127275,45.468938],[9.12613,45.469279],[9.126379,45.468508],[9.126469,45.468206],[9.126714,45.467363],[9.127108,45.466083],[9.127296,45.465457],[9.127448,45.464951],[9.127939,45.463025],[9.128403,45.462012],[9.128833,45.461127],[9.129058,45.460643],[9.129652,45.459525],[9.130361,45.458343],[9.131006,45.457282],[9.131319,45.456766],[9.131451,45.456572],[9.131551,45.456396],[9.131863,45.455874],[9.132254,45.455239],[9.132465,45.454888],[9.133115,45.453887],[9.133637,45.452976],[9.13416,45.45214],[9.134382,45.451755],[9.13464,45.451277],[9.134905,45.451176],[9.135692,45.449809],[9.135753,45.449694],[9.136551,45.449947],[9.137267,45.450199],[9.137697,45.450333],[9.138998,45.45076],[9.139161,45.450813],[9.139485,45.450928],[9.141551,45.451562],[9.142418,45.451865],[9.143277,45.45213],[9.144469,45.452522],[9.144694,45.452586],[9.145234,45.45277],[9.146106,45.453059],[9.14697,45.453348],[9.147465,45.453504],[9.148848,45.453947],[9.14928,45.454085],[9.14963,45.4542],[9.150177,45.454388],[9.151639,45.454859],[9.152688,45.455205],[9.152244,45.455835],[9.152158,45.455963],[9.151649,45.456874],[9.151482,45.457155],[9.151257,45.45752],[9.151119,45.45773],[9.15085,45.45818],[9.150788,45.458285],[9.150673,45.458469],[9.15036,45.459034],[9.150018,45.459737],[9.149488,45.460635],[9.149267,45.460995],[9.149185,45.461124],[9.148685,45.462027],[9.148065,45.463056],[9.14704,45.464865],[9.146679,45.465434],[9.146395,45.465992],[9.146125,45.466731],[9.14606,45.466949],[9.145004,45.467049],[9.144543,45.467088],[9.144186,45.467121],[9.143206,45.467206],[9.141482,45.467384],[9.140904,45.467373],[9.140421,45.467374],[9.139422,45.467361],[9.138452,45.467374],[9.138171,45.467374],[9.137055,45.467368],[9.136008,45.467435],[9.134442,45.467632],[9.133948,45.467686],[9.131105,45.468023],[9.129845,45.468181],[9.12874,45.468401],[9.127275,45.468938]]]}},{"type":"Feature","properties":{"id_nil":23,"nome":"Lambrate - Ortica","nome_orig":"LAMBRATE - ORTICA","area_kmq":3.094,"perimetro_km":8.04,"lon_centro":9.2501,"lat_centro":45.47785,"n_annunci":133,"mediana_eur_mq":4557,"p25_eur_mq":3867,"p75_eur_mq":5167,"prezzo_mediano_eur":335000,"superficie_mediana_mq":77,"fonte_confini":"Comune di Milano - NIL vigenti PGT 2030 (CC BY)","fonte_prezzi":"Immobiliare.it, estrazione 2026-08-26"},"geometry":{"type":"Polygon","coordinates":[[[9.258757,45.486008],[9.258753,45.486056],[9.258749,45.486097],[9.258745,45.486109],[9.25871,45.486354],[9.258667,45.486635],[9.258633,45.486863],[9.258597,45.4871],[9.258585,45.487181],[9.258572,45.487266],[9.258556,45.487379],[9.258528,45.487559],[9.252666,45.487177],[9.251398,45.487083],[9.249314,45.486934],[9.247338,45.486752],[9.246317,45.486656],[9.245429,45.486573],[9.243649,45.486406],[9.243039,45.48634],[9.242772,45.486316],[9.241469,45.486194],[9.240593,45.486134],[9.240407,45.486123],[9.238554,45.486008],[9.237195,45.486091],[9.236309,45.486134],[9.236739,45.485565],[9.237269,45.484985],[9.237656,45.484386],[9.237895,45.484008],[9.238074,45.483564],[9.238449,45.482075],[9.238628,45.478789],[9.238542,45.477316],[9.238413,45.476524],[9.238301,45.475782],[9.238215,45.474552],[9.238164,45.473594],[9.238146,45.47332],[9.238085,45.471885],[9.23802,45.470947],[9.237965,45.469705],[9.237933,45.46888],[9.237922,45.46851],[9.237904,45.468128],[9.238919,45.468964],[9.239429,45.469513],[9.239529,45.469723],[9.239769,45.469709],[9.240134,45.469685],[9.241626,45.470094],[9.241848,45.47014],[9.24533,45.470951],[9.245538,45.470998],[9.245844,45.471051],[9.246408,45.471148],[9.246837,45.471225],[9.246791,45.47149],[9.248214,45.471695],[9.249403,45.471881],[9.252544,45.472484],[9.255066,45.473014],[9.256537,45.473264],[9.260342,45.473887],[9.26038,45.473893],[9.260381,45.473893],[9.260379,45.473928],[9.26036,45.473927],[9.26036,45.473967],[9.26036,45.474],[9.26036,45.474057],[9.26036,45.474097],[9.260361,45.474119],[9.26036,45.47417],[9.26036,45.474215],[9.260359,45.474327],[9.26036,45.474436],[9.260359,45.474589],[9.260357,45.474753],[9.260356,45.474945],[9.260355,45.475074],[9.260354,45.475235],[9.260352,45.475444],[9.26035,45.475611],[9.26035,45.475703],[9.260351,45.475862],[9.260349,45.47602],[9.260349,45.476127],[9.260349,45.476248],[9.260348,45.476355],[9.260348,45.476454],[9.260347,45.476569],[9.260346,45.476587],[9.260401,45.476586],[9.260478,45.476587],[9.260554,45.476587],[9.260651,45.476587],[9.260737,45.476587],[9.260843,45.476587],[9.260923,45.476587],[9.260976,45.476588],[9.260978,45.476588],[9.260996,45.476588],[9.26104,45.476588],[9.261074,45.476588],[9.261132,45.476589],[9.261223,45.476589],[9.261324,45.47659],[9.2614,45.47659],[9.261511,45.476591],[9.261608,45.476592],[9.26166,45.476592],[9.261734,45.476592],[9.261774,45.476592],[9.261786,45.476593],[9.261792,45.476598],[9.261793,45.476606],[9.261786,45.47666],[9.261756,45.476889],[9.26172,45.477129],[9.261691,45.477353],[9.261664,45.477551],[9.261656,45.477603],[9.261655,45.477615],[9.261653,45.477626],[9.261644,45.477699],[9.261637,45.477761],[9.261627,45.477831],[9.261622,45.477871],[9.261614,45.477938],[9.261602,45.478021],[9.261586,45.478141],[9.261579,45.478208],[9.261574,45.478242],[9.261565,45.478311],[9.261552,45.47841],[9.261541,45.478488],[9.261538,45.478507],[9.261531,45.47856],[9.261522,45.478617],[9.261511,45.478705],[9.261493,45.478849],[9.261474,45.479],[9.261455,45.479142],[9.26147,45.479143],[9.261548,45.479154],[9.261643,45.479166],[9.261765,45.479182],[9.261842,45.479192],[9.261871,45.479196],[9.2619,45.479189],[9.261964,45.479163],[9.262018,45.479142],[9.26208,45.47913],[9.262137,45.47912],[9.262177,45.479099],[9.262214,45.479081],[9.262314,45.479093],[9.262384,45.4791],[9.262441,45.479104],[9.26245,45.479105],[9.262838,45.479132],[9.263084,45.479156],[9.263217,45.479169],[9.263559,45.479201],[9.263563,45.479186],[9.263846,45.479214],[9.26412,45.479241],[9.264438,45.479272],[9.264546,45.479283],[9.264556,45.479346],[9.264599,45.479608],[9.264639,45.479846],[9.264667,45.480037],[9.264684,45.480136],[9.264723,45.480426],[9.264724,45.480434],[9.264745,45.480807],[9.264764,45.481186],[9.264771,45.481309],[9.264777,45.48147],[9.264798,45.481832],[9.264815,45.482179],[9.264826,45.482523],[9.264833,45.482705],[9.264849,45.483247],[9.264866,45.483711],[9.264877,45.484175],[9.264759,45.484181],[9.264513,45.484178],[9.263854,45.484175],[9.263477,45.484171],[9.263456,45.48417],[9.26324,45.484165],[9.263136,45.484162],[9.262543,45.484148],[9.262319,45.484143],[9.261925,45.484132],[9.261563,45.484138],[9.260964,45.484156],[9.260446,45.484171],[9.26007,45.484179],[9.259971,45.48418],[9.259854,45.484185],[9.2594,45.484195],[9.259314,45.484199],[9.259124,45.484335],[9.259044,45.484402],[9.259001,45.48444],[9.258953,45.484492],[9.258897,45.484781],[9.25889,45.484816],[9.258867,45.485031],[9.258847,45.485218],[9.258825,45.485408],[9.258821,45.485442],[9.258795,45.485629],[9.258757,45.486008]]]}},{"type":"Feature","properties":{"id_nil":42,"nome":"Stadera - Chiesa Rossa - Q.Re Torretta - Conca Fallata","nome_orig":"STADERA - CHIESA ROSSA - Q.RE TORRETTA - CONCA FALLATA","area_kmq":3.232,"perimetro_km":8.83,"lon_centro":9.17933,"lat_centro":45.42904,"n_annunci":324,"mediana_eur_mq":4317,"p25_eur_mq":3745,"p75_eur_mq":5000,"prezzo_mediano_eur":289000,"superficie_mediana_mq":70,"fonte_confini":"Comune di Milano - NIL vigenti PGT 2030 (CC BY)","fonte_prezzi":"Immobiliare.it, estrazione 2026-08-26"},"geometry":{"type":"Polygon","coordinates":[[[9.18775,45.437321],[9.186437,45.437328],[9.18554,45.437332],[9.183443,45.437336],[9.182108,45.437367],[9.181653,45.437376],[9.180794,45.437386],[9.179992,45.437395],[9.17865,45.437414],[9.178248,45.437422],[9.177781,45.43744],[9.177346,45.437546],[9.176622,45.437561],[9.174653,45.4376],[9.173572,45.437605],[9.172802,45.437617],[9.171109,45.437657],[9.169947,45.435197],[9.169398,45.434386],[9.168646,45.433516],[9.167601,45.432568],[9.166247,45.431581],[9.165587,45.431121],[9.163991,45.429848],[9.163519,45.429398],[9.162879,45.428691],[9.162266,45.427868],[9.161123,45.425891],[9.162699,45.425441],[9.163459,45.425177],[9.16414,45.424709],[9.16509,45.423962],[9.165824,45.423311],[9.167505,45.422682],[9.166911,45.421644],[9.16629,45.420566],[9.167194,45.420385],[9.168821,45.420143],[9.169448,45.420215],[9.169656,45.420194],[9.170457,45.423132],[9.170742,45.42341],[9.173345,45.423456],[9.174019,45.422046],[9.174829,45.422203],[9.177077,45.42218],[9.177138,45.422754],[9.177923,45.422745],[9.178288,45.422401],[9.178517,45.422348],[9.180633,45.42234],[9.180644,45.423562],[9.18069,45.425374],[9.180479,45.425556],[9.18081,45.425885],[9.182583,45.426992],[9.183408,45.426092],[9.184226,45.426484],[9.185837,45.425199],[9.187906,45.426326],[9.18917,45.425207],[9.190093,45.425761],[9.190798,45.425262],[9.19106,45.425456],[9.193854,45.425557],[9.19373,45.427828],[9.195992,45.427916],[9.195123,45.429792],[9.194791,45.430348],[9.193991,45.431517],[9.193134,45.432752],[9.192572,45.433613],[9.191524,45.435293],[9.191219,45.435702],[9.190489,45.436488],[9.189941,45.436984],[9.189407,45.437286],[9.18775,45.437321]]]}},{"type":"Feature","properties":{"id_nil":5,"nome":"Porta Vigentina - Porta Lodovica","nome_orig":"PORTA VIGENTINA - PORTA LODOVICA","area_kmq":1.135,"perimetro_km":4.71,"lon_centro":9.19156,"lat_centro":45.45109,"n_annunci":171,"mediana_eur_mq":7375,"p25_eur_mq":6390,"p75_eur_mq":8247,"prezzo_mediano_eur":640000,"superficie_mediana_mq":90,"fonte_confini":"Comune di Milano - NIL vigenti PGT 2030 (CC BY)","fonte_prezzi":"Immobiliare.it, estrazione 2026-08-26"},"geometry":{"type":"Polygon","coordinates":[[[9.20186,45.452381],[9.200784,45.453008],[9.200327,45.453301],[9.200234,45.453357],[9.199631,45.453724],[9.198608,45.454343],[9.198075,45.454683],[9.196118,45.455918],[9.195876,45.456081],[9.195392,45.456344],[9.193577,45.457465],[9.193395,45.457581],[9.193304,45.457482],[9.191156,45.457236],[9.191001,45.457221],[9.190144,45.456955],[9.187925,45.456141],[9.187398,45.456031],[9.187363,45.455843],[9.187302,45.455574],[9.187259,45.45538],[9.187219,45.455203],[9.187059,45.454452],[9.187003,45.453964],[9.186914,45.453323],[9.186745,45.452347],[9.186588,45.451835],[9.186305,45.450953],[9.186079,45.450239],[9.185836,45.449484],[9.186209,45.44874],[9.186506,45.448018],[9.186711,45.447513],[9.186898,45.447124],[9.187081,45.44671],[9.187355,45.446217],[9.18757,45.44578],[9.187727,45.444741],[9.18866,45.444914],[9.18958,45.445016],[9.190679,45.445081],[9.192413,45.445119],[9.194658,45.445176],[9.198361,45.445264],[9.198034,45.446496],[9.197785,45.447366],[9.197694,45.447688],[9.197437,45.448628],[9.197321,45.449077],[9.197235,45.449353],[9.196913,45.450552],[9.196872,45.450759],[9.196825,45.450929],[9.196742,45.451221],[9.196524,45.452035],[9.198027,45.452044],[9.198622,45.452038],[9.199884,45.451974],[9.200497,45.45194],[9.201152,45.451961],[9.20186,45.452381]]]}},{"type":"Feature","properties":{"id_nil":36,"nome":"Scalo Romana","nome_orig":"SCALO ROMANA","area_kmq":1.737,"perimetro_km":7.11,"lon_centro":9.20809,"lat_centro":45.43807,"n_annunci":263,"mediana_eur_mq":4605,"p25_eur_mq":3641,"p75_eur_mq":5787,"prezzo_mediano_eur":295000,"superficie_mediana_mq":70,"fonte_confini":"Comune di Milano - NIL vigenti PGT 2030 (CC BY)","fonte_prezzi":"Immobiliare.it, estrazione 2026-08-26"},"geometry":{"type":"Polygon","coordinates":[[[9.215614,45.43849],[9.215225,45.438968],[9.215129,45.439083],[9.214671,45.43973],[9.214466,45.439979],[9.214133,45.440445],[9.213788,45.440916],[9.213405,45.441418],[9.213113,45.441845],[9.21272,45.442606],[9.212506,45.443028],[9.212298,45.443388],[9.211874,45.444251],[9.211555,45.444882],[9.212673,45.445792],[9.212508,45.445899],[9.211734,45.446387],[9.210667,45.447036],[9.207316,45.44693],[9.204288,45.446803],[9.204476,45.446591],[9.204542,45.446156],[9.204479,45.445488],[9.198361,45.445264],[9.198896,45.443388],[9.199417,45.441518],[9.19966,45.440933],[9.199828,45.44009],[9.200068,45.438894],[9.200085,45.438819],[9.20033,45.437643],[9.200435,45.437041],[9.200495,45.436718],[9.2006,45.436078],[9.20429,45.436421],[9.20604,45.4366],[9.206264,45.433697],[9.206798,45.433543],[9.206951,45.433388],[9.207752,45.433123],[9.207699,45.433067],[9.208044,45.432846],[9.208253,45.432589],[9.208562,45.432092],[9.210293,45.432433],[9.211778,45.432708],[9.2143,45.433471],[9.214845,45.433497],[9.215311,45.432325],[9.217107,45.431868],[9.217335,45.431598],[9.218656,45.432308],[9.219467,45.431723],[9.221172,45.430222],[9.221947,45.430094],[9.222175,45.429844],[9.224327,45.430605],[9.223401,45.431138],[9.224126,45.431695],[9.223599,45.431751],[9.222976,45.43197],[9.22202,45.432423],[9.221164,45.43297],[9.220145,45.4337],[9.219225,45.434433],[9.218359,45.435195],[9.217758,45.435722],[9.21757,45.43613],[9.217207,45.43696],[9.216851,45.436858],[9.215614,45.43849]]]}},{"type":"Feature","properties":{"id_nil":26,"nome":"Xxii Marzo","nome_orig":"XXII MARZO","area_kmq":1.637,"perimetro_km":5.94,"lon_centro":9.21242,"lat_centro":45.46015,"n_annunci":340,"mediana_eur_mq":7167,"p25_eur_mq":6441,"p75_eur_mq":8471,"prezzo_mediano_eur":637500,"superficie_mediana_mq":90,"fonte_confini":"Comune di Milano - NIL vigenti PGT 2030 (CC BY)","fonte_prezzi":"Immobiliare.it, estrazione 2026-08-26"},"geometry":{"type":"Polygon","coordinates":[[[9.223909,45.460675],[9.223906,45.462168],[9.223892,45.463278],[9.223893,45.463552],[9.223904,45.463675],[9.22389,45.464142],[9.22384,45.465558],[9.223837,45.466017],[9.223823,45.466711],[9.223804,45.468054],[9.22254,45.468009],[9.221422,45.468001],[9.220611,45.467995],[9.219713,45.467984],[9.218355,45.467973],[9.217335,45.467978],[9.215968,45.467972],[9.215058,45.467959],[9.214701,45.467953],[9.213322,45.467924],[9.211747,45.467933],[9.211244,45.467928],[9.210176,45.467913],[9.208641,45.46788],[9.206999,45.46787],[9.207115,45.467211],[9.207194,45.466561],[9.207224,45.466319],[9.207314,45.465326],[9.207314,45.465265],[9.207388,45.464339],[9.207463,45.463372],[9.207578,45.462265],[9.207691,45.460841],[9.207727,45.460525],[9.207157,45.459766],[9.206962,45.459512],[9.206335,45.458731],[9.205874,45.458145],[9.205676,45.457793],[9.204948,45.45645],[9.205757,45.456143],[9.205975,45.456063],[9.206489,45.455847],[9.208132,45.455217],[9.209134,45.454824],[9.209668,45.455479],[9.210719,45.455063],[9.211649,45.45468],[9.211042,45.453976],[9.212524,45.453382],[9.213116,45.453143],[9.214386,45.452642],[9.21475,45.453069],[9.214944,45.453329],[9.215435,45.453892],[9.215593,45.454102],[9.215714,45.454051],[9.216228,45.454774],[9.216096,45.45482],[9.216361,45.455303],[9.216588,45.455725],[9.216627,45.455802],[9.217069,45.456931],[9.217262,45.457744],[9.217353,45.458246],[9.217386,45.458592],[9.217403,45.460553],[9.218091,45.460555],[9.220235,45.460594],[9.221946,45.460608],[9.223909,45.460675]]]}},{"type":"Feature","properties":{"id_nil":18,"nome":"Cimiano - Rottole - Q.Re Feltre","nome_orig":"CIMIANO - ROTTOLE - Q.RE FELTRE","area_kmq":4.971,"perimetro_km":12.3,"lon_centro":9.25026,"lat_centro":45.4995,"n_annunci":208,"mediana_eur_mq":4479,"p25_eur_mq":3986,"p75_eur_mq":4970,"prezzo_mediano_eur":290000,"superficie_mediana_mq":65,"fonte_confini":"Comune di Milano - NIL vigenti PGT 2030 (CC BY)","fonte_prezzi":"Immobiliare.it, estrazione 2026-08-26"},"geometry":{"type":"Polygon","coordinates":[[[9.268602,45.510354],[9.268333,45.510374],[9.267923,45.510405],[9.267575,45.51043],[9.26747,45.510439],[9.267251,45.510462],[9.267193,45.510469],[9.267165,45.510471],[9.267152,45.510476],[9.26723,45.511152],[9.26728,45.511581],[9.267318,45.511929],[9.26733,45.51204],[9.267265,45.512195],[9.267295,45.512338],[9.267015,45.512408],[9.265921,45.512495],[9.263265,45.512618],[9.261979,45.512715],[9.261598,45.512637],[9.25955,45.512244],[9.258248,45.512033],[9.256054,45.511507],[9.254959,45.510687],[9.253546,45.509568],[9.25299,45.509151],[9.251542,45.508017],[9.251229,45.507777],[9.250183,45.507026],[9.249176,45.506255],[9.247987,45.50534],[9.247712,45.505136],[9.247009,45.504612],[9.245945,45.503843],[9.245453,45.503488],[9.244912,45.503087],[9.244225,45.502536],[9.243111,45.501701],[9.241974,45.50084],[9.241666,45.500585],[9.240923,45.500005],[9.24049,45.49966],[9.239916,45.499208],[9.239571,45.498951],[9.239169,45.498665],[9.238394,45.498078],[9.237384,45.497232],[9.237148,45.497041],[9.236004,45.496087],[9.235553,45.49573],[9.235198,45.495461],[9.234094,45.494622],[9.233127,45.493929],[9.232335,45.4934],[9.232011,45.493195],[9.231445,45.492833],[9.230832,45.4926],[9.230444,45.4925],[9.2309,45.491967],[9.23115,45.491705],[9.232186,45.49058],[9.232543,45.490158],[9.232829,45.489804],[9.232996,45.489606],[9.233508,45.489015],[9.23448,45.48802],[9.234933,45.487565],[9.236309,45.486134],[9.237195,45.486091],[9.238554,45.486008],[9.240407,45.486123],[9.240593,45.486134],[9.241469,45.486194],[9.242772,45.486316],[9.243039,45.48634],[9.243649,45.486406],[9.245429,45.486573],[9.246317,45.486656],[9.247338,45.486752],[9.249314,45.486934],[9.251398,45.487083],[9.252666,45.487177],[9.258528,45.487559],[9.258526,45.487577],[9.25851,45.48768],[9.258501,45.487742],[9.258478,45.487899],[9.258454,45.48805],[9.258451,45.488133],[9.258448,45.488267],[9.258436,45.488361],[9.258425,45.48845],[9.258419,45.488497],[9.258411,45.48856],[9.258401,45.48863],[9.258396,45.488668],[9.258379,45.488801],[9.258357,45.488971],[9.258343,45.489082],[9.258317,45.489249],[9.258297,45.489382],[9.258281,45.489484],[9.258254,45.489727],[9.261151,45.490434],[9.261161,45.490472],[9.261023,45.490709],[9.261046,45.490837],[9.261059,45.490928],[9.261104,45.491254],[9.261126,45.491412],[9.261179,45.491819],[9.261189,45.491892],[9.261195,45.491939],[9.261223,45.492131],[9.261236,45.492226],[9.261251,45.492338],[9.261313,45.492801],[9.261355,45.493107],[9.261363,45.493169],[9.261374,45.493251],[9.261378,45.493275],[9.261417,45.493578],[9.261423,45.493639],[9.261442,45.493769],[9.261491,45.494135],[9.261508,45.494256],[9.261551,45.494579],[9.26158,45.494792],[9.261593,45.494954],[9.262031,45.494988],[9.261992,45.495143],[9.261898,45.495404],[9.261824,45.495613],[9.261794,45.495703],[9.261712,45.495961],[9.261639,45.496191],[9.261582,45.496362],[9.261564,45.496424],[9.261551,45.496461],[9.261516,45.496564],[9.261486,45.496653],[9.261438,45.49679],[9.261407,45.496889],[9.261352,45.497072],[9.261342,45.497146],[9.261321,45.497239],[9.261311,45.497274],[9.261305,45.497294],[9.261252,45.49742],[9.261249,45.49743],[9.261232,45.497483],[9.261039,45.497977],[9.260988,45.498069],[9.260945,45.498144],[9.260905,45.498213],[9.260836,45.498347],[9.260733,45.498522],[9.26063,45.498687],[9.260518,45.498855],[9.260487,45.498902],[9.260456,45.498947],[9.260389,45.499041],[9.260341,45.499103],[9.260318,45.49916],[9.260277,45.499265],[9.260245,45.499339],[9.260228,45.499697],[9.260191,45.499851],[9.260168,45.500045],[9.260168,45.500066],[9.260155,45.500125],[9.260144,45.500193],[9.260167,45.500243],[9.260178,45.50029],[9.260196,45.500337],[9.26027,45.500454],[9.260327,45.500571],[9.260394,45.500709],[9.260466,45.500845],[9.260528,45.500967],[9.260564,45.501039],[9.260731,45.501341],[9.26074,45.501357],[9.260817,45.501553],[9.260846,45.501619],[9.260857,45.501649],[9.260924,45.501729],[9.260932,45.501739],[9.260955,45.501804],[9.261208,45.502298],[9.261273,45.502435],[9.261277,45.50246],[9.261285,45.502505],[9.261288,45.502517],[9.261286,45.502617],[9.261291,45.502772],[9.261288,45.502863],[9.261288,45.502925],[9.261285,45.503016],[9.261291,45.503187],[9.26129,45.5033],[9.261294,45.503402],[9.261298,45.503464],[9.261298,45.503513],[9.261296,45.503543],[9.261295,45.503576],[9.261287,45.50362],[9.261276,45.503667],[9.261257,45.503735],[9.261233,45.503803],[9.261212,45.503872],[9.261194,45.50393],[9.261168,45.504005],[9.261149,45.504065],[9.261146,45.504083],[9.26113,45.504152],[9.261124,45.504197],[9.261118,45.504231],[9.261104,45.504257],[9.261068,45.504299],[9.261056,45.504309],[9.261,45.504381],[9.261066,45.504454],[9.261105,45.504462],[9.261127,45.504441],[9.261134,45.504378],[9.26129,45.504377],[9.261384,45.504385],[9.261627,45.504449],[9.261774,45.504486],[9.261886,45.504509],[9.26211,45.504551],[9.262301,45.504551],[9.262427,45.504569],[9.262707,45.504615],[9.262925,45.50465],[9.263227,45.504712],[9.263336,45.504735],[9.26339,45.504744],[9.263392,45.504732],[9.263453,45.504741],[9.263538,45.504756],[9.263725,45.504786],[9.26393,45.504821],[9.264196,45.504865],[9.264493,45.504914],[9.264781,45.504963],[9.265065,45.505009],[9.26526,45.505042],[9.265438,45.505071],[9.265434,45.505083],[9.265442,45.505084],[9.265445,45.505072],[9.265596,45.505096],[9.26588,45.505147],[9.265929,45.505155],[9.266043,45.50517],[9.266244,45.5052],[9.266452,45.505229],[9.266548,45.505228],[9.266605,45.505228],[9.26679,45.505228],[9.26693,45.505227],[9.267017,45.505222],[9.267088,45.505223],[9.267159,45.505226],[9.267192,45.505229],[9.267333,45.505257],[9.267414,45.505274],[9.267515,45.505299],[9.267633,45.505329],[9.267702,45.505346],[9.26771,45.505362],[9.267842,45.505522],[9.267988,45.505696],[9.268093,45.505708],[9.268155,45.505719],[9.268226,45.505732],[9.268631,45.505736],[9.268743,45.505737],[9.268858,45.505737],[9.268952,45.505742],[9.269025,45.505745],[9.269087,45.505749],[9.269215,45.505753],[9.269309,45.505756],[9.269392,45.505758],[9.269491,45.505756],[9.269554,45.505757],[9.269631,45.505755],[9.269769,45.505751],[9.2699,45.505744],[9.270051,45.505738],[9.270178,45.505734],[9.270283,45.505728],[9.270351,45.505727],[9.270487,45.50572],[9.270621,45.505717],[9.270715,45.505715],[9.270788,45.505714],[9.270951,45.505708],[9.271117,45.505706],[9.271203,45.505701],[9.271313,45.505697],[9.271429,45.505693],[9.271555,45.505689],[9.271642,45.505687],[9.271726,45.505684],[9.271843,45.505682],[9.2719,45.505679],[9.271972,45.505676],[9.27206,45.505674],[9.272144,45.505669],[9.272209,45.505665],[9.272246,45.505661],[9.272282,45.50565],[9.272304,45.505636],[9.272326,45.505614],[9.272339,45.505593],[9.272344,45.50556],[9.272337,45.505529],[9.272322,45.50549],[9.2723,45.505439],[9.272277,45.505382],[9.272266,45.505345],[9.272253,45.505304],[9.272234,45.505257],[9.272215,45.505191],[9.272205,45.50517],[9.272183,45.50514],[9.27217,45.505132],[9.272161,45.505112],[9.271935,45.504149],[9.271907,45.504024],[9.271853,45.503813],[9.271737,45.503329],[9.271716,45.503238],[9.271663,45.503008],[9.271595,45.502716],[9.271573,45.502622],[9.271562,45.502576],[9.271532,45.502459],[9.271504,45.502345],[9.271461,45.502177],[9.271413,45.501985],[9.27138,45.501868],[9.271372,45.501828],[9.271371,45.501821],[9.271378,45.501821],[9.271433,45.501828],[9.271542,45.501838],[9.27161,45.501846],[9.271639,45.501849],[9.271697,45.501851],[9.271787,45.501852],[9.271878,45.501856],[9.271975,45.501859],[9.272041,45.50186],[9.272108,45.501856],[9.272185,45.50185],[9.272281,45.501843],[9.27234,45.501839],[9.272395,45.501831],[9.272473,45.501816],[9.272566,45.501813],[9.272711,45.501807],[9.2728,45.501812],[9.27287,45.501815],[9.272923,45.501817],[9.273009,45.501818],[9.273126,45.50182],[9.27324,45.501816],[9.273341,45.501814],[9.273393,45.501813],[9.273489,45.501811],[9.273506,45.501812],[9.273513,45.501817],[9.273525,45.501823],[9.27354,45.501828],[9.273562,45.50183],[9.273657,45.501835],[9.273658,45.501827],[9.273742,45.501831],[9.273812,45.501836],[9.273817,45.501877],[9.273822,45.50194],[9.273829,45.502013],[9.273832,45.502072],[9.273839,45.502148],[9.273842,45.502192],[9.273846,45.502249],[9.274455,45.502262],[9.27448,45.502262],[9.274529,45.502265],[9.27468,45.502276],[9.274759,45.502281],[9.274772,45.502282],[9.274837,45.502284],[9.275034,45.502291],[9.275206,45.502296],[9.275357,45.502302],[9.275421,45.502305],[9.275482,45.502307],[9.275522,45.502307],[9.275521,45.502324],[9.275682,45.503539],[9.275811,45.50353],[9.275863,45.50352],[9.275912,45.503517],[9.276303,45.503493],[9.276481,45.503478],[9.276553,45.503472],[9.276738,45.503458],[9.27698,45.503439],[9.277197,45.503423],[9.277358,45.50341],[9.27753,45.503399],[9.277568,45.503547],[9.277609,45.50372],[9.277661,45.503934],[9.277688,45.504046],[9.277723,45.504192],[9.277743,45.504274],[9.277773,45.504401],[9.277807,45.504549],[9.277843,45.504693],[9.277881,45.504853],[9.277904,45.504943],[9.277933,45.50507],[9.277951,45.505144],[9.277958,45.505172],[9.277963,45.505187],[9.277969,45.50521],[9.277981,45.505241],[9.277935,45.505253],[9.277823,45.505279],[9.277703,45.50531],[9.277659,45.505321],[9.277554,45.505339],[9.277462,45.505354],[9.277342,45.505367],[9.277209,45.505381],[9.277046,45.505395],[9.276979,45.505406],[9.276801,45.505442],[9.276656,45.50547],[9.276527,45.505495],[9.276341,45.505514],[9.276214,45.505526],[9.276044,45.505543],[9.275911,45.505556],[9.275792,45.505534],[9.275678,45.505546],[9.275582,45.505559],[9.275565,45.505571],[9.27546,45.505647],[9.275342,45.505733],[9.275238,45.505807],[9.275111,45.505899],[9.275014,45.505971],[9.274955,45.506049],[9.274916,45.506101],[9.274883,45.50623],[9.274893,45.50632],[9.274839,45.506323],[9.274763,45.506329],[9.27473,45.506332],[9.274634,45.50634],[9.274441,45.506341],[9.274314,45.506345],[9.274202,45.506363],[9.274143,45.506371],[9.274055,45.506379],[9.273983,45.506387],[9.273848,45.506389],[9.273602,45.506404],[9.273585,45.506405],[9.27344,45.506414],[9.273315,45.506421],[9.273216,45.506426],[9.273152,45.506432],[9.273087,45.506441],[9.272972,45.506445],[9.272823,45.506454],[9.272798,45.506458],[9.272714,45.506468],[9.272547,45.506491],[9.272388,45.506521],[9.272264,45.50655],[9.272177,45.506572],[9.272027,45.506617],[9.271945,45.506639],[9.271871,45.506669],[9.271802,45.506706],[9.271759,45.506737],[9.27173,45.506755],[9.271705,45.506764],[9.271674,45.506767],[9.271623,45.506767],[9.271593,45.506768],[9.271582,45.506767],[9.271582,45.506779],[9.271579,45.506802],[9.271574,45.506816],[9.271548,45.506857],[9.271492,45.506948],[9.271461,45.507052],[9.271448,45.50719],[9.271449,45.507401],[9.27145,45.507629],[9.27145,45.507676],[9.27145,45.507921],[9.271448,45.50817],[9.271452,45.508388],[9.271448,45.508587],[9.271444,45.508673],[9.271415,45.50876],[9.271413,45.508869],[9.271409,45.509014],[9.271405,45.509114],[9.271378,45.509136],[9.271338,45.509152],[9.271212,45.509142],[9.270892,45.509094],[9.270465,45.50903],[9.270215,45.508993],[9.270107,45.508972],[9.270098,45.508963],[9.269788,45.508904],[9.269523,45.508854],[9.269485,45.508845],[9.269463,45.50884],[9.268766,45.508705],[9.268768,45.508885],[9.268769,45.509106],[9.268767,45.50934],[9.268767,45.509448],[9.268767,45.509628],[9.268768,45.509832],[9.268768,45.510138],[9.268768,45.510295],[9.268768,45.510301],[9.268766,45.510345],[9.268736,45.510344],[9.268602,45.510354]]]}},{"type":"Feature","properties":{"id_nil":79,"nome":"Dergano","nome_orig":"DERGANO","area_kmq":1.359,"perimetro_km":4.82,"lon_centro":9.17873,"lat_centro":45.50256,"n_annunci":286,"mediana_eur_mq":4316,"p25_eur_mq":3731,"p75_eur_mq":5159,"prezzo_mediano_eur":290000,"superficie_mediana_mq":65,"fonte_confini":"Comune di Milano - NIL vigenti PGT 2030 (CC BY)","fonte_prezzi":"Immobiliare.it, estrazione 2026-08-26"},"geometry":{"type":"Polygon","coordinates":[[[9.183784,45.505714],[9.18009,45.506278],[9.178913,45.506465],[9.177895,45.506625],[9.176154,45.506892],[9.173983,45.50722],[9.173103,45.507355],[9.167757,45.5082],[9.167644,45.507881],[9.167669,45.507695],[9.16796,45.507149],[9.169368,45.504584],[9.169015,45.504463],[9.16971,45.503593],[9.170233,45.502892],[9.170712,45.502085],[9.171162,45.501024],[9.171231,45.500721],[9.171362,45.500255],[9.171436,45.499998],[9.171793,45.498598],[9.172249,45.49697],[9.172337,45.496649],[9.173283,45.4967],[9.174617,45.496781],[9.176031,45.496853],[9.177348,45.496949],[9.178718,45.497039],[9.179215,45.497069],[9.18022,45.497134],[9.181813,45.49725],[9.18387,45.497353],[9.184146,45.497368],[9.185141,45.497444],[9.186601,45.497516],[9.186655,45.497653],[9.18694,45.498339],[9.187476,45.499592],[9.188231,45.501444],[9.187911,45.501685],[9.187371,45.502225],[9.186309,45.503269],[9.185609,45.503904],[9.184942,45.504582],[9.18469,45.504839],[9.184216,45.505287],[9.183784,45.505714]]]}},{"type":"Feature","properties":{"id_nil":55,"nome":"Baggio - Q.Re Degli Olmi - Q.Re Valsesia","nome_orig":"BAGGIO - Q.RE DEGLI OLMI - Q.RE VALSESIA","area_kmq":3.472,"perimetro_km":11.96,"lon_centro":9.08611,"lat_centro":45.45907,"n_annunci":201,"mediana_eur_mq":3182,"p25_eur_mq":2747,"p75_eur_mq":3911,"prezzo_mediano_eur":235000,"superficie_mediana_mq":80,"fonte_confini":"Comune di Milano - NIL vigenti PGT 2030 (CC BY)","fonte_prezzi":"Immobiliare.it, estrazione 2026-08-26"},"geometry":{"type":"Polygon","coordinates":[[[9.093152,45.469376],[9.092847,45.470592],[9.09278,45.470829],[9.092146,45.471215],[9.089819,45.470871],[9.085869,45.47025],[9.081382,45.469838],[9.081798,45.469565],[9.082024,45.469451],[9.083417,45.468908],[9.084155,45.46848],[9.084497,45.468221],[9.084902,45.467567],[9.083398,45.467089],[9.082194,45.466736],[9.08201,45.466757],[9.081771,45.466866],[9.081607,45.466913],[9.081342,45.466896],[9.079961,45.466567],[9.07948,45.466486],[9.079212,45.46645],[9.078203,45.466187],[9.077357,45.465972],[9.077159,45.465915],[9.077043,45.465518],[9.076466,45.465655],[9.076249,45.464922],[9.076153,45.464374],[9.076125,45.463646],[9.076002,45.463588],[9.075717,45.463581],[9.075666,45.463583],[9.075666,45.463557],[9.075665,45.463535],[9.075665,45.463533],[9.075661,45.46352],[9.075656,45.4635],[9.075645,45.463483],[9.075635,45.463467],[9.075575,45.463419],[9.075514,45.463373],[9.075399,45.463304],[9.075318,45.463262],[9.075139,45.463198],[9.074962,45.463147],[9.074869,45.463126],[9.074745,45.463092],[9.07455,45.463034],[9.074417,45.462997],[9.074306,45.462969],[9.074184,45.462937],[9.074038,45.462889],[9.07393,45.462862],[9.073828,45.46284],[9.073814,45.462839],[9.073797,45.462837],[9.073742,45.462834],[9.073701,45.462836],[9.07368,45.462844],[9.073667,45.462852],[9.073664,45.462854],[9.07366,45.462856],[9.073656,45.462859],[9.073651,45.462862],[9.073646,45.462866],[9.073641,45.46287],[9.073598,45.462901],[9.073579,45.462915],[9.073536,45.462948],[9.073313,45.46311],[9.073293,45.463124],[9.073245,45.463158],[9.073235,45.463164],[9.073226,45.46317],[9.073217,45.463176],[9.073209,45.463181],[9.0732,45.463185],[9.073183,45.463194],[9.073174,45.463199],[9.073109,45.463233],[9.073003,45.463288],[9.072735,45.463431],[9.072691,45.463454],[9.072593,45.463507],[9.072342,45.46364],[9.072029,45.463805],[9.071825,45.463915],[9.071792,45.463931],[9.071609,45.464036],[9.07138,45.464158],[9.071197,45.464258],[9.070981,45.464379],[9.07083,45.464463],[9.070683,45.464539],[9.070641,45.46456],[9.070455,45.464629],[9.070257,45.46469],[9.070056,45.46475],[9.069827,45.464818],[9.069671,45.46485],[9.06945,45.464887],[9.069441,45.46489],[9.069298,45.465026],[9.069295,45.465028],[9.069268,45.465004],[9.069175,45.464823],[9.069249,45.464674],[9.069314,45.464647],[9.069376,45.46462],[9.069421,45.464593],[9.069603,45.464486],[9.069955,45.464272],[9.069981,45.464256],[9.069992,45.464249],[9.069929,45.464146],[9.069763,45.463908],[9.069763,45.463893],[9.069765,45.463857],[9.069766,45.463853],[9.069768,45.46382],[9.069779,45.463723],[9.069806,45.463631],[9.069869,45.463515],[9.069907,45.463452],[9.07001,45.463283],[9.070108,45.463149],[9.070177,45.463073],[9.07031,45.462948],[9.070404,45.462869],[9.0705,45.462822],[9.070635,45.462769],[9.070672,45.462756],[9.070729,45.462712],[9.070934,45.462568],[9.070972,45.462541],[9.071008,45.462516],[9.071026,45.462506],[9.071279,45.462446],[9.071362,45.462427],[9.071367,45.462426],[9.071434,45.462406],[9.071625,45.462333],[9.071793,45.462136],[9.071803,45.462119],[9.071812,45.462017],[9.071793,45.461911],[9.071679,45.461782],[9.071898,45.461542],[9.07207,45.461335],[9.072108,45.461124],[9.072115,45.461065],[9.072187,45.461],[9.07232,45.460879],[9.072451,45.460779],[9.07262,45.460621],[9.072905,45.460524],[9.073091,45.460466],[9.073141,45.460453],[9.07331,45.460316],[9.073381,45.460219],[9.073401,45.460139],[9.07366,45.460088],[9.073726,45.460032],[9.07398,45.45979],[9.074142,45.459641],[9.074209,45.459577],[9.074335,45.459469],[9.07442,45.45941],[9.074516,45.45934],[9.074452,45.459322],[9.074576,45.459095],[9.0744,45.459047],[9.074502,45.458952],[9.074525,45.458941],[9.074648,45.458885],[9.074673,45.458878],[9.074772,45.458011],[9.074761,45.457989],[9.074596,45.457629],[9.074541,45.457511],[9.074535,45.457497],[9.074503,45.457431],[9.07449,45.457358],[9.074436,45.457341],[9.074237,45.457327],[9.074184,45.457323],[9.074146,45.457319],[9.074116,45.457317],[9.07401,45.457307],[9.073899,45.457295],[9.073769,45.457282],[9.073683,45.457273],[9.073541,45.457256],[9.073429,45.45724],[9.073263,45.457216],[9.073101,45.457192],[9.073071,45.457185],[9.073034,45.45718],[9.073003,45.457173],[9.072806,45.457131],[9.072778,45.457127],[9.072521,45.457121],[9.072521,45.457121],[9.072521,45.457118],[9.07252,45.457087],[9.072558,45.457004],[9.073031,45.456999],[9.074486,45.457096],[9.076232,45.457264],[9.077514,45.457363],[9.077363,45.455892],[9.076713,45.453645],[9.075768,45.450545],[9.075474,45.44952],[9.076693,45.449356],[9.077345,45.449378],[9.077847,45.449446],[9.077847,45.449447],[9.077848,45.449447],[9.077835,45.449476],[9.077816,45.449509],[9.077802,45.44953],[9.077797,45.449535],[9.077778,45.449558],[9.077763,45.449575],[9.077758,45.44958],[9.077754,45.449586],[9.077744,45.4496],[9.077734,45.449614],[9.077715,45.449644],[9.077705,45.449658],[9.07768,45.449693],[9.077668,45.44971],[9.07766,45.449722],[9.077653,45.449732],[9.077635,45.449762],[9.077628,45.449772],[9.077624,45.449778],[9.07762,45.449784],[9.077611,45.449795],[9.077607,45.449801],[9.077604,45.449805],[9.077602,45.449809],[9.077599,45.449813],[9.077597,45.449817],[9.077593,45.449825],[9.077591,45.449828],[9.077589,45.449832],[9.077587,45.449836],[9.077585,45.44984],[9.077584,45.449844],[9.077582,45.449848],[9.077581,45.449853],[9.077579,45.449858],[9.077578,45.449863],[9.077576,45.449867],[9.077574,45.449871],[9.077572,45.449874],[9.077567,45.449885],[9.077561,45.449898],[9.077556,45.449909],[9.07755,45.449919],[9.077545,45.449927],[9.077521,45.449965],[9.077497,45.450002],[9.07749,45.450013],[9.077479,45.450027],[9.077467,45.450043],[9.077418,45.450107],[9.077396,45.450135],[9.077375,45.450163],[9.077368,45.450172],[9.077362,45.450182],[9.077356,45.450191],[9.077348,45.450204],[9.077342,45.450216],[9.077329,45.450241],[9.077323,45.450253],[9.077317,45.450264],[9.077305,45.450285],[9.077284,45.450318],[9.077253,45.450368],[9.077244,45.450381],[9.077229,45.450408],[9.077221,45.450421],[9.077213,45.450434],[9.077202,45.45045],[9.07716,45.45051],[9.077098,45.450603],[9.077059,45.450663],[9.077021,45.450719],[9.077011,45.450733],[9.077002,45.450747],[9.076994,45.450762],[9.076986,45.450776],[9.076962,45.45082],[9.076954,45.450835],[9.076946,45.450849],[9.076889,45.450939],[9.076869,45.450971],[9.076859,45.450986],[9.076809,45.451059],[9.076789,45.45109],[9.076772,45.451118],[9.076757,45.451141],[9.076748,45.451153],[9.07674,45.451164],[9.076733,45.451173],[9.076726,45.451181],[9.076718,45.451189],[9.07671,45.451197],[9.076702,45.451205],[9.076698,45.451208],[9.076694,45.45121],[9.076686,45.451216],[9.076676,45.451225],[9.076667,45.451234],[9.076662,45.451242],[9.076659,45.451251],[9.076662,45.451263],[9.076666,45.45127],[9.076668,45.451278],[9.076673,45.451286],[9.07668,45.451294],[9.076694,45.451308],[9.076711,45.451325],[9.076733,45.451344],[9.076754,45.451361],[9.076811,45.451406],[9.076846,45.451435],[9.076882,45.451468],[9.076913,45.451498],[9.076933,45.451518],[9.076972,45.451551],[9.077012,45.451587],[9.077026,45.451606],[9.077052,45.451634],[9.077103,45.451684],[9.077131,45.451713],[9.077153,45.451733],[9.077171,45.451742],[9.077192,45.451758],[9.07721,45.451774],[9.077256,45.451816],[9.077287,45.451842],[9.077327,45.451873],[9.077355,45.451892],[9.077376,45.451915],[9.077411,45.451954],[9.07744,45.451994],[9.077581,45.451936],[9.077581,45.451952],[9.077581,45.451957],[9.077581,45.451961],[9.077581,45.451966],[9.077581,45.451971],[9.077582,45.451976],[9.077582,45.45198],[9.077583,45.451985],[9.077584,45.451988],[9.077585,45.451991],[9.077586,45.451995],[9.077589,45.452002],[9.07759,45.452005],[9.077594,45.452015],[9.077596,45.452024],[9.077598,45.452035],[9.0776,45.452048],[9.077603,45.452061],[9.077608,45.452072],[9.077614,45.452083],[9.077616,45.452087],[9.077618,45.452092],[9.077621,45.452096],[9.077623,45.4521],[9.077627,45.452105],[9.077631,45.45211],[9.077634,45.452115],[9.077638,45.45212],[9.077642,45.452125],[9.077646,45.452129],[9.07765,45.452134],[9.077664,45.452147],[9.07768,45.452164],[9.07769,45.452175],[9.077757,45.452249],[9.077826,45.452336],[9.077847,45.452359],[9.077894,45.452393],[9.078238,45.452319],[9.07824,45.452318],[9.078268,45.452302],[9.078288,45.452291],[9.078322,45.452272],[9.078414,45.452223],[9.078438,45.452199],[9.078462,45.452173],[9.078473,45.452162],[9.078526,45.452082],[9.078618,45.451948],[9.078728,45.451776],[9.078792,45.451676],[9.078839,45.451606],[9.078855,45.451582],[9.078866,45.451567],[9.07894,45.451477],[9.079013,45.451398],[9.079049,45.451359],[9.079162,45.451256],[9.079225,45.451206],[9.079289,45.451157],[9.079399,45.451099],[9.079421,45.451086],[9.079455,45.451066],[9.079565,45.450998],[9.079645,45.451055],[9.079753,45.451135],[9.079848,45.451202],[9.079958,45.45128],[9.080377,45.451578],[9.080744,45.451359],[9.081142,45.45112],[9.081313,45.451019],[9.081583,45.450858],[9.081597,45.450865],[9.081911,45.451005],[9.082248,45.451149],[9.082416,45.45122],[9.082446,45.451231],[9.08249,45.451247],[9.082501,45.451228],[9.082571,45.451262],[9.082654,45.451333],[9.082703,45.451363],[9.082763,45.451376],[9.082854,45.451384],[9.083013,45.451394],[9.08321,45.451394],[9.083302,45.451391],[9.083328,45.451418],[9.083418,45.451514],[9.083491,45.451499],[9.083599,45.451564],[9.083618,45.451576],[9.083645,45.451589],[9.083717,45.451622],[9.083933,45.45173],[9.084196,45.451853],[9.084387,45.451943],[9.08484,45.452161],[9.085195,45.45233],[9.085284,45.452372],[9.085581,45.452516],[9.085922,45.452673],[9.085995,45.452711],[9.086047,45.452792],[9.086065,45.452816],[9.086095,45.452858],[9.086156,45.452898],[9.086236,45.452924],[9.086273,45.452937],[9.086391,45.452933],[9.086698,45.452923],[9.086843,45.452961],[9.086871,45.452982],[9.087001,45.453077],[9.087038,45.453105],[9.087376,45.453319],[9.087526,45.453413],[9.08761,45.453445],[9.087856,45.453409],[9.087884,45.453402],[9.088064,45.45335],[9.088605,45.453214],[9.088673,45.453187],[9.088733,45.453163],[9.088794,45.453145],[9.089089,45.453097],[9.089102,45.453095],[9.089637,45.453012],[9.090022,45.452953],[9.09051,45.452872],[9.090516,45.452871],[9.090542,45.452861],[9.090546,45.452859],[9.091118,45.452727],[9.091441,45.45265],[9.091463,45.452645],[9.092022,45.452513],[9.092348,45.452437],[9.092476,45.452407],[9.092881,45.452317],[9.09296,45.4523],[9.092975,45.452296],[9.092983,45.4523],[9.093162,45.452378],[9.09326,45.452236],[9.093427,45.452015],[9.093539,45.451864],[9.093593,45.451796],[9.093629,45.451722],[9.093654,45.451637],[9.093843,45.451566],[9.093919,45.451537],[9.094036,45.451418],[9.09411,45.451349],[9.094202,45.451262],[9.09429,45.451156],[9.094332,45.451112],[9.094335,45.451109],[9.094432,45.451015],[9.094513,45.450943],[9.094647,45.450806],[9.094775,45.450676],[9.094859,45.450593],[9.09503,45.450418],[9.095227,45.450222],[9.095281,45.450174],[9.095369,45.450092],[9.095331,45.450038],[9.095296,45.449983],[9.095273,45.449901],[9.095327,45.44978],[9.095485,45.449527],[9.095553,45.449423],[9.095582,45.449328],[9.095601,45.449224],[9.095723,45.449114],[9.095656,45.44907],[9.095483,45.448974],[9.096006,45.44864],[9.096093,45.448584],[9.096321,45.448691],[9.096715,45.448864],[9.096794,45.448898],[9.097127,45.448525],[9.097304,45.448326],[9.097475,45.44814],[9.097747,45.447829],[9.09787,45.447707],[9.09795,45.44764],[9.098005,45.447597],[9.098098,45.447528],[9.098179,45.447461],[9.098229,45.447384],[9.098337,45.447286],[9.098854,45.446878],[9.098902,45.44688],[9.099052,45.446891],[9.09908,45.446892],[9.099314,45.446898],[9.099524,45.446894],[9.099722,45.446893],[9.100058,45.446901],[9.100224,45.446905],[9.100285,45.446906],[9.100501,45.44691],[9.100733,45.446919],[9.100884,45.446925],[9.101044,45.446936],[9.101168,45.446951],[9.101172,45.446952],[9.101226,45.446959],[9.101123,45.447126],[9.101077,45.4472],[9.100994,45.447321],[9.10087,45.447497],[9.100724,45.447708],[9.100627,45.447845],[9.100504,45.448021],[9.100454,45.448097],[9.100399,45.448172],[9.100303,45.44831],[9.100215,45.448444],[9.100294,45.448463],[9.100231,45.448547],[9.100131,45.448562],[9.100052,45.448601],[9.100023,45.448641],[9.099599,45.449245],[9.098713,45.451598],[9.099881,45.451579],[9.100979,45.451728],[9.102035,45.452079],[9.103084,45.452606],[9.102574,45.452573],[9.102106,45.452645],[9.101333,45.453126],[9.101066,45.453831],[9.100615,45.454777],[9.099947,45.455489],[9.099117,45.456306],[9.097451,45.458041],[9.098256,45.458276],[9.097995,45.458664],[9.097763,45.45903],[9.097091,45.460239],[9.096984,45.460255],[9.096074,45.4625],[9.097529,45.462863],[9.096808,45.464802],[9.096173,45.465472],[9.095933,45.465409],[9.094215,45.468071],[9.093929,45.468024],[9.093152,45.469376]]]}},{"type":"Feature","properties":{"id_nil":24,"nome":"Parco Forlanini - Cavriano","nome_orig":"PARCO FORLANINI - CAVRIANO","area_kmq":2.926,"perimetro_km":7.99,"lon_centro":9.25474,"lat_centro":45.46792,"n_annunci":32,"mediana_eur_mq":3833,"p25_eur_mq":3002,"p75_eur_mq":4501,"prezzo_mediano_eur":259500,"superficie_mediana_mq":80,"fonte_confini":"Comune di Milano - NIL vigenti PGT 2030 (CC BY)","fonte_prezzi":"Immobiliare.it, estrazione 2026-08-26"},"geometry":{"type":"Polygon","coordinates":[[[9.26017,45.471471],[9.260166,45.47148],[9.260156,45.471505],[9.26009,45.4716],[9.260104,45.471642],[9.260112,45.471652],[9.260121,45.471663],[9.260172,45.471727],[9.260197,45.471775],[9.260116,45.471872],[9.260104,45.472009],[9.260103,45.472013],[9.260077,45.472074],[9.260054,45.472124],[9.259972,45.472257],[9.259951,45.472301],[9.259984,45.472407],[9.260015,45.47251],[9.260099,45.472582],[9.260176,45.472648],[9.260203,45.472693],[9.260284,45.472825],[9.260316,45.472877],[9.26034,45.472934],[9.260366,45.472998],[9.260388,45.473052],[9.260419,45.473126],[9.260435,45.473162],[9.26043,45.473234],[9.260417,45.473409],[9.260405,45.473567],[9.260398,45.473646],[9.260394,45.473713],[9.260391,45.473748],[9.260388,45.473782],[9.260383,45.473867],[9.260381,45.473893],[9.26038,45.473893],[9.260342,45.473887],[9.256537,45.473264],[9.255066,45.473014],[9.252544,45.472484],[9.249403,45.471881],[9.248214,45.471695],[9.246791,45.47149],[9.246837,45.471225],[9.246408,45.471148],[9.245844,45.471051],[9.245538,45.470998],[9.24533,45.470951],[9.241848,45.47014],[9.241626,45.470094],[9.240134,45.469685],[9.239769,45.469709],[9.239529,45.469723],[9.239429,45.469513],[9.238919,45.468964],[9.237904,45.468128],[9.237892,45.467843],[9.23783,45.466284],[9.237805,45.465513],[9.237593,45.462061],[9.238506,45.462055],[9.239747,45.462053],[9.240822,45.462055],[9.242444,45.46204],[9.243156,45.462023],[9.244704,45.462023],[9.245376,45.462007],[9.247547,45.461994],[9.248538,45.461986],[9.251287,45.461976],[9.252972,45.461977],[9.254823,45.461944],[9.257348,45.461926],[9.261665,45.461908],[9.272048,45.461822],[9.271986,45.461953],[9.271983,45.46196],[9.271928,45.462101],[9.271881,45.462254],[9.271826,45.462441],[9.271761,45.462623],[9.271749,45.462714],[9.271735,45.462832],[9.271726,45.46311],[9.271705,45.463208],[9.271662,45.463258],[9.27161,45.463303],[9.271554,45.463304],[9.271537,45.463554],[9.271528,45.463826],[9.27156,45.46396],[9.271559,45.463981],[9.271554,45.464275],[9.271549,45.464424],[9.271549,45.464425],[9.271548,45.464436],[9.271523,45.464659],[9.271527,45.46474],[9.271529,45.464814],[9.271533,45.464828],[9.271602,45.465124],[9.271658,45.465367],[9.271622,45.465517],[9.271574,45.465715],[9.271406,45.465991],[9.27137,45.466197],[9.271312,45.466476],[9.271309,45.466487],[9.27131,45.466496],[9.271337,45.46685],[9.271418,45.466879],[9.27187,45.466889],[9.27189,45.46689],[9.271985,45.466884],[9.272041,45.466918],[9.272042,45.466965],[9.271999,45.467206],[9.271872,45.467202],[9.27166,45.467179],[9.271658,45.46719],[9.271624,45.467527],[9.271573,45.468002],[9.271569,45.468051],[9.271974,45.468081],[9.272243,45.468099],[9.272415,45.468094],[9.272706,45.468086],[9.272776,45.468104],[9.272773,45.46815],[9.272762,45.468311],[9.272756,45.468408],[9.27274,45.46856],[9.272725,45.468675],[9.272702,45.468856],[9.272698,45.468884],[9.272673,45.469011],[9.272666,45.469049],[9.272646,45.469213],[9.272631,45.469377],[9.272629,45.469421],[9.272617,45.469758],[9.272615,45.46978],[9.272616,45.469989],[9.272617,45.470297],[9.272618,45.47032],[9.272628,45.4704],[9.272601,45.47052],[9.272622,45.470681],[9.272616,45.470797],[9.272606,45.470824],[9.272604,45.4711],[9.272598,45.471623],[9.272597,45.471715],[9.272594,45.472165],[9.272597,45.47257],[9.272597,45.472595],[9.272597,45.472595],[9.272312,45.472574],[9.272182,45.472561],[9.272061,45.472536],[9.271964,45.472508],[9.271781,45.472459],[9.271405,45.472343],[9.271287,45.47232],[9.271223,45.47231],[9.271076,45.472295],[9.270977,45.472293],[9.270953,45.472295],[9.270404,45.472324],[9.270007,45.472343],[9.269914,45.47234],[9.269894,45.472339],[9.269687,45.472351],[9.269583,45.472356],[9.269477,45.472363],[9.269458,45.472366],[9.269441,45.472368],[9.269405,45.472373],[9.269368,45.472384],[9.269105,45.47245],[9.268357,45.472639],[9.268138,45.472662],[9.268059,45.472657],[9.267998,45.472639],[9.267862,45.472589],[9.267652,45.472511],[9.266554,45.472203],[9.266395,45.472124],[9.266258,45.472059],[9.266231,45.472047],[9.266191,45.472028],[9.266111,45.471991],[9.265989,45.471938],[9.264789,45.471801],[9.263339,45.471644],[9.263182,45.471628],[9.262964,45.471614],[9.26257,45.47158],[9.261831,45.471535],[9.261348,45.471488],[9.261291,45.471484],[9.261157,45.471474],[9.260895,45.471466],[9.260175,45.471432],[9.26017,45.471471]]]}},{"type":"Feature","properties":{"id_nil":3,"nome":"Giardini P.Ta Venezia","nome_orig":"GIARDINI P.TA VENEZIA","area_kmq":0.25,"perimetro_km":2.17,"lon_centro":9.20075,"lat_centro":45.47473,"n_annunci":9,"mediana_eur_mq":6790,"p25_eur_mq":5208,"p75_eur_mq":7203,"prezzo_mediano_eur":679000,"superficie_mediana_mq":100,"fonte_confini":"Comune di Milano - NIL vigenti PGT 2030 (CC BY)","fonte_prezzi":"Immobiliare.it, estrazione 2026-08-26"},"geometry":{"type":"Polygon","coordinates":[[[9.200901,45.476541],[9.200004,45.476961],[9.199152,45.477344],[9.198433,45.477675],[9.197681,45.476544],[9.197011,45.475353],[9.195445,45.47283],[9.198965,45.473064],[9.19956,45.473078],[9.200933,45.472592],[9.202449,45.471894],[9.202787,45.4722],[9.203656,45.473096],[9.204282,45.47372],[9.205207,45.474578],[9.204546,45.474875],[9.204069,45.475098],[9.203046,45.475551],[9.202043,45.476013],[9.200901,45.476541]]]}},{"type":"Feature","properties":{"id_nil":9,"nome":"Porta Garibaldi - Porta Nuova","nome_orig":"PORTA GARIBALDI - PORTA NUOVA","area_kmq":0.786,"perimetro_km":4.45,"lon_centro":9.18993,"lat_centro":45.48353,"n_annunci":175,"mediana_eur_mq":9355,"p25_eur_mq":7722,"p75_eur_mq":10918,"prezzo_mediano_eur":785000,"superficie_mediana_mq":90,"fonte_confini":"Comune di Milano - NIL vigenti PGT 2030 (CC BY)","fonte_prezzi":"Immobiliare.it, estrazione 2026-08-26"},"geometry":{"type":"Polygon","coordinates":[[[9.198715,45.484843],[9.199312,45.48634],[9.198677,45.486676],[9.198069,45.487006],[9.196888,45.487626],[9.195799,45.488168],[9.195519,45.487785],[9.195173,45.487332],[9.194177,45.48601],[9.193945,45.485974],[9.193507,45.485345],[9.192899,45.485005],[9.192445,45.484836],[9.191942,45.484698],[9.190705,45.484526],[9.189913,45.484614],[9.189196,45.484768],[9.189048,45.485313],[9.18856,45.485259],[9.188331,45.485297],[9.188262,45.485441],[9.188288,45.485572],[9.187223,45.485749],[9.186672,45.485959],[9.185158,45.486647],[9.185189,45.486775],[9.184648,45.48688],[9.182404,45.487954],[9.182253,45.486787],[9.182012,45.485605],[9.181874,45.485005],[9.181721,45.483992],[9.181501,45.482709],[9.181485,45.482517],[9.181833,45.482011],[9.182232,45.482147],[9.182326,45.482122],[9.184274,45.481593],[9.184529,45.481524],[9.186036,45.481134],[9.186543,45.481033],[9.186981,45.480958],[9.188001,45.480814],[9.188218,45.480802],[9.190464,45.480695],[9.190989,45.480505],[9.192248,45.480304],[9.192123,45.479725],[9.192457,45.479676],[9.194401,45.479492],[9.194512,45.479534],[9.195329,45.479906],[9.196381,45.48035],[9.1975,45.480956],[9.197318,45.481046],[9.198091,45.483167],[9.198358,45.483887],[9.198715,45.484843]]]}},{"type":"Feature","properties":{"id_nil":80,"nome":"Affori","nome_orig":"AFFORI","area_kmq":2.071,"perimetro_km":6.47,"lon_centro":9.17114,"lat_centro":45.51581,"n_annunci":234,"mediana_eur_mq":4201,"p25_eur_mq":3668,"p75_eur_mq":4775,"prezzo_mediano_eur":300000,"superficie_mediana_mq":75,"fonte_confini":"Comune di Milano - NIL vigenti PGT 2030 (CC BY)","fonte_prezzi":"Immobiliare.it, estrazione 2026-08-26"},"geometry":{"type":"Polygon","coordinates":[[[9.177667,45.518989],[9.177288,45.519474],[9.176832,45.519871],[9.175675,45.520667],[9.174865,45.521222],[9.173517,45.522099],[9.172672,45.522724],[9.172037,45.523227],[9.171253,45.523819],[9.17071,45.524214],[9.169508,45.525139],[9.16887,45.523965],[9.168035,45.522339],[9.166869,45.520273],[9.166299,45.519249],[9.166168,45.519004],[9.165848,45.518608],[9.1658,45.518557],[9.164798,45.517389],[9.162816,45.515133],[9.161286,45.513335],[9.160603,45.512554],[9.160482,45.512429],[9.159773,45.511609],[9.159196,45.510911],[9.158898,45.510427],[9.158486,45.509594],[9.159482,45.509445],[9.167757,45.5082],[9.173103,45.507355],[9.173983,45.50722],[9.176154,45.506892],[9.177895,45.506625],[9.178913,45.506465],[9.18009,45.506278],[9.183784,45.505714],[9.182039,45.507321],[9.181605,45.507728],[9.181156,45.508313],[9.180903,45.50894],[9.180218,45.511227],[9.179753,45.51287],[9.178679,45.516484],[9.178148,45.517976],[9.177961,45.518479],[9.177667,45.518989]]]}},{"type":"Feature","properties":{"id_nil":21,"nome":"Buenos Aires - Porta Venezia - Porta Monforte","nome_orig":"BUENOS AIRES - PORTA VENEZIA - PORTA MONFORTE","area_kmq":2.877,"perimetro_km":7.01,"lon_centro":9.21287,"lat_centro":45.47784,"n_annunci":838,"mediana_eur_mq":6954,"p25_eur_mq":5961,"p75_eur_mq":8111,"prezzo_mediano_eur":590000,"superficie_mediana_mq":90,"fonte_confini":"Comune di Milano - NIL vigenti PGT 2030 (CC BY)","fonte_prezzi":"Immobiliare.it, estrazione 2026-08-26"},"geometry":{"type":"Polygon","coordinates":[[[9.223562,45.486032],[9.222612,45.486032],[9.222014,45.486025],[9.221139,45.48602],[9.220186,45.486018],[9.219277,45.48601],[9.217835,45.486008],[9.217869,45.48617],[9.216982,45.486132],[9.216694,45.48612],[9.215972,45.486098],[9.215261,45.486446],[9.214897,45.486638],[9.213574,45.487314],[9.212738,45.487731],[9.21242,45.4879],[9.211334,45.486863],[9.211059,45.486586],[9.210623,45.486182],[9.209738,45.48534],[9.209177,45.484808],[9.208687,45.484353],[9.208085,45.483786],[9.207925,45.48364],[9.207743,45.483465],[9.206634,45.482408],[9.206476,45.482252],[9.20531,45.481131],[9.203932,45.479814],[9.203109,45.478961],[9.202752,45.478531],[9.202257,45.47804],[9.201975,45.477744],[9.201593,45.477343],[9.200901,45.476541],[9.202043,45.476013],[9.203046,45.475551],[9.204069,45.475098],[9.204546,45.474875],[9.205207,45.474578],[9.205683,45.474353],[9.206212,45.474084],[9.206347,45.473959],[9.206425,45.47369],[9.206575,45.471942],[9.206575,45.471851],[9.206716,45.470712],[9.206734,45.470458],[9.206866,45.469162],[9.206926,45.468533],[9.206999,45.46787],[9.208641,45.46788],[9.210176,45.467913],[9.211244,45.467928],[9.211747,45.467933],[9.213322,45.467924],[9.214701,45.467953],[9.215058,45.467959],[9.215968,45.467972],[9.217335,45.467978],[9.218355,45.467973],[9.219713,45.467984],[9.220611,45.467995],[9.221422,45.468001],[9.22254,45.468009],[9.223804,45.468054],[9.223806,45.468745],[9.223799,45.468886],[9.22376,45.470886],[9.223751,45.471349],[9.22375,45.472564],[9.223735,45.472811],[9.22374,45.473404],[9.223733,45.473879],[9.22374,45.474203],[9.223738,45.475098],[9.22373,45.475673],[9.223702,45.47609],[9.223683,45.47663],[9.223676,45.477683],[9.223677,45.477946],[9.223679,45.478528],[9.223689,45.479731],[9.223672,45.480306],[9.223633,45.480827],[9.223607,45.482103],[9.223599,45.483247],[9.223581,45.484233],[9.223562,45.486032]]]}},{"type":"Feature","properties":{"id_nil":45,"nome":"Moncucco - San Cristoforo","nome_orig":"MONCUCCO - SAN CRISTOFORO","area_kmq":1.596,"perimetro_km":5.54,"lon_centro":9.16027,"lat_centro":45.44267,"n_annunci":221,"mediana_eur_mq":5000,"p25_eur_mq":4298,"p75_eur_mq":5833,"prezzo_mediano_eur":358000,"superficie_mediana_mq":72,"fonte_confini":"Comune di Milano - NIL vigenti PGT 2030 (CC BY)","fonte_prezzi":"Immobiliare.it, estrazione 2026-08-26"},"geometry":{"type":"Polygon","coordinates":[[[9.154975,45.448063],[9.153944,45.448124],[9.15281,45.448064],[9.146944,45.446667],[9.145574,45.446357],[9.14599,45.445691],[9.147748,45.4428],[9.148029,45.442534],[9.149445,45.441424],[9.150087,45.440931],[9.150472,45.440673],[9.151911,45.439588],[9.152745,45.438873],[9.154221,45.437752],[9.154194,45.437067],[9.154603,45.437076],[9.155117,45.437096],[9.155478,45.437109],[9.156295,45.43714],[9.15718,45.437173],[9.158436,45.437224],[9.159139,45.437247],[9.159656,45.437267],[9.160584,45.437296],[9.160723,45.4373],[9.161763,45.43733],[9.162705,45.437352],[9.164972,45.437436],[9.166316,45.437509],[9.171109,45.437657],[9.171951,45.438928],[9.172239,45.439487],[9.172498,45.440362],[9.172519,45.440724],[9.1726,45.441888],[9.172669,45.443008],[9.167761,45.443254],[9.167569,45.443261],[9.165794,45.443354],[9.164855,45.443404],[9.164359,45.443438],[9.163724,45.443548],[9.162639,45.443815],[9.161653,45.444165],[9.160603,45.444705],[9.159814,45.44527],[9.159327,45.445717],[9.159043,45.446035],[9.158581,45.446523],[9.158145,45.446881],[9.157355,45.447373],[9.156864,45.447594],[9.15639,45.447755],[9.156128,45.447831],[9.155737,45.447927],[9.154975,45.448063]]]}},{"type":"Feature","properties":{"id_nil":10,"nome":"Stazione Centrale - Ponte Seveso","nome_orig":"STAZIONE CENTRALE - PONTE SEVESO","area_kmq":1.556,"perimetro_km":7.5,"lon_centro":9.20549,"lat_centro":45.48862,"n_annunci":406,"mediana_eur_mq":6184,"p25_eur_mq":5222,"p75_eur_mq":7564,"prezzo_mediano_eur":496500,"superficie_mediana_mq":82,"fonte_confini":"Comune di Milano - NIL vigenti PGT 2030 (CC BY)","fonte_prezzi":"Immobiliare.it, estrazione 2026-08-26"},"geometry":{"type":"Polygon","coordinates":[[[9.218357,45.499703],[9.217364,45.500085],[9.21683,45.500244],[9.216514,45.499939],[9.215848,45.499558],[9.215597,45.499425],[9.215334,45.499294],[9.214926,45.499091],[9.214614,45.497975],[9.214121,45.49748],[9.213136,45.496466],[9.211709,45.495123],[9.210868,45.494225],[9.209935,45.494697],[9.209348,45.494983],[9.207757,45.495783],[9.20757,45.495285],[9.207414,45.495051],[9.206447,45.494166],[9.205636,45.493479],[9.205464,45.493328],[9.205268,45.493154],[9.205089,45.492997],[9.204627,45.492604],[9.204058,45.492116],[9.203447,45.491614],[9.202573,45.490867],[9.201725,45.490147],[9.201165,45.489631],[9.20086,45.489375],[9.199246,45.48799],[9.198069,45.487006],[9.198677,45.486676],[9.199312,45.48634],[9.198715,45.484843],[9.198358,45.483887],[9.198091,45.483167],[9.197318,45.481046],[9.1975,45.480956],[9.196381,45.48035],[9.195329,45.479906],[9.194512,45.479534],[9.194401,45.479492],[9.195621,45.478959],[9.196934,45.478371],[9.198433,45.477675],[9.199152,45.477344],[9.200004,45.476961],[9.200901,45.476541],[9.201593,45.477343],[9.201975,45.477744],[9.202257,45.47804],[9.202752,45.478531],[9.203109,45.478961],[9.203932,45.479814],[9.20531,45.481131],[9.206476,45.482252],[9.206634,45.482408],[9.207743,45.483465],[9.207925,45.48364],[9.208085,45.483786],[9.208687,45.484353],[9.209177,45.484808],[9.209738,45.48534],[9.210623,45.486182],[9.211059,45.486586],[9.211334,45.486863],[9.21242,45.4879],[9.211467,45.488366],[9.210516,45.488875],[9.209908,45.48918],[9.209703,45.489282],[9.209483,45.489385],[9.21143,45.491346],[9.211678,45.49162],[9.212614,45.492536],[9.213239,45.493135],[9.214883,45.494815],[9.215713,45.495666],[9.215846,45.49579],[9.215765,45.495907],[9.216092,45.496225],[9.21763,45.496796],[9.218222,45.496906],[9.219017,45.497015],[9.21898,45.497522],[9.218941,45.498265],[9.219216,45.498798],[9.219436,45.499012],[9.218773,45.499512],[9.218357,45.499703]]]}},{"type":"Feature","properties":{"id_nil":77,"nome":"Bovisa","nome_orig":"BOVISA","area_kmq":1.913,"perimetro_km":5.74,"lon_centro":9.1594,"lat_centro":45.50329,"n_annunci":183,"mediana_eur_mq":4400,"p25_eur_mq":3867,"p75_eur_mq":5000,"prezzo_mediano_eur":299000,"superficie_mediana_mq":70,"fonte_confini":"Comune di Milano - NIL vigenti PGT 2030 (CC BY)","fonte_prezzi":"Immobiliare.it, estrazione 2026-08-26"},"geometry":{"type":"Polygon","coordinates":[[[9.158486,45.509594],[9.155455,45.510057],[9.154598,45.510147],[9.153302,45.510124],[9.152269,45.509968],[9.151444,45.50976],[9.150652,45.509461],[9.149737,45.508977],[9.148899,45.508426],[9.148213,45.507794],[9.147792,45.507233],[9.147462,45.506501],[9.147369,45.505684],[9.147499,45.504962],[9.147843,45.504319],[9.148379,45.503708],[9.149218,45.502977],[9.150265,45.5023],[9.150839,45.502038],[9.151228,45.501831],[9.152744,45.501154],[9.153931,45.500641],[9.157561,45.498975],[9.158409,45.498568],[9.159031,45.498282],[9.159912,45.497874],[9.162038,45.496901],[9.164094,45.498245],[9.164775,45.498424],[9.165436,45.498499],[9.165798,45.498489],[9.166176,45.498455],[9.166589,45.498382],[9.166832,45.498229],[9.167465,45.497913],[9.169097,45.497182],[9.170125,45.496721],[9.170535,45.496548],[9.171137,45.496541],[9.171773,45.496608],[9.172337,45.496649],[9.172249,45.49697],[9.171793,45.498598],[9.171436,45.499998],[9.171362,45.500255],[9.171231,45.500721],[9.171162,45.501024],[9.170712,45.502085],[9.170233,45.502892],[9.16971,45.503593],[9.169015,45.504463],[9.169368,45.504584],[9.16796,45.507149],[9.167669,45.507695],[9.167644,45.507881],[9.167757,45.5082],[9.159482,45.509445],[9.158486,45.509594]]]}},{"type":"Feature","properties":{"id_nil":72,"nome":"Maggiore - Musocco - Certosa","nome_orig":"MAGGIORE - MUSOCCO - CERTOSA","area_kmq":3.03,"perimetro_km":8.44,"lon_centro":9.11746,"lat_centro":45.50518,"n_annunci":166,"mediana_eur_mq":4057,"p25_eur_mq":3238,"p75_eur_mq":5110,"prezzo_mediano_eur":348000,"superficie_mediana_mq":85,"fonte_confini":"Comune di Milano - NIL vigenti PGT 2030 (CC BY)","fonte_prezzi":"Immobiliare.it, estrazione 2026-08-26"},"geometry":{"type":"Polygon","coordinates":[[[9.130162,45.507839],[9.127122,45.508484],[9.123252,45.509286],[9.120548,45.510264],[9.118881,45.511001],[9.116513,45.511784],[9.117093,45.511864],[9.117083,45.512035],[9.11653,45.512059],[9.116021,45.512168],[9.114719,45.5126],[9.113678,45.51291],[9.113369,45.513258],[9.113041,45.51372],[9.112974,45.514199],[9.112894,45.515299],[9.106449,45.515069],[9.103134,45.514869],[9.095158,45.514557],[9.095176,45.514476],[9.095182,45.514452],[9.095201,45.514452],[9.095221,45.514348],[9.095221,45.514346],[9.095223,45.514342],[9.095236,45.51416],[9.095241,45.514134],[9.095304,45.51398],[9.095404,45.513749],[9.095479,45.513574],[9.095513,45.513527],[9.095601,45.513416],[9.095782,45.513202],[9.096005,45.512933],[9.096063,45.512861],[9.096269,45.512689],[9.096512,45.512517],[9.096476,45.512485],[9.096482,45.51246],[9.096486,45.512447],[9.096493,45.512426],[9.096496,45.512417],[9.096526,45.512315],[9.096639,45.511967],[9.096732,45.511668],[9.096864,45.511273],[9.096969,45.510935],[9.097032,45.510742],[9.097175,45.510443],[9.097212,45.510368],[9.097277,45.510229],[9.097332,45.510112],[9.097415,45.509946],[9.097487,45.509796],[9.097583,45.509587],[9.097793,45.509136],[9.097957,45.508784],[9.098017,45.508665],[9.098082,45.508513],[9.098137,45.508373],[9.098169,45.50828],[9.098285,45.507986],[9.098315,45.507909],[9.098569,45.507221],[9.098801,45.506615],[9.098838,45.506519],[9.09884,45.506513],[9.101144,45.505967],[9.10329,45.505427],[9.105306,45.504927],[9.107333,45.504437],[9.108537,45.504148],[9.109468,45.503925],[9.111569,45.503387],[9.11548,45.502459],[9.117592,45.501977],[9.118594,45.501743],[9.120322,45.501352],[9.12009,45.501253],[9.120798,45.498938],[9.122117,45.4984],[9.122544,45.498222],[9.12466,45.497343],[9.125862,45.496882],[9.126574,45.496589],[9.127863,45.496064],[9.129214,45.495567],[9.130188,45.495196],[9.130302,45.496997],[9.130291,45.497607],[9.130418,45.499697],[9.130426,45.50044],[9.130619,45.503247],[9.130668,45.504708],[9.130585,45.50565],[9.130482,45.506319],[9.130381,45.506864],[9.130162,45.507839]]]}},{"type":"Feature","properties":{"id_nil":49,"nome":"Giambellino","nome_orig":"GIAMBELLINO","area_kmq":1.968,"perimetro_km":7.85,"lon_centro":9.13867,"lat_centro":45.44722,"n_annunci":277,"mediana_eur_mq":5135,"p25_eur_mq":4267,"p75_eur_mq":5949,"prezzo_mediano_eur":360000,"superficie_mediana_mq":76,"fonte_confini":"Comune di Milano - NIL vigenti PGT 2030 (CC BY)","fonte_prezzi":"Immobiliare.it, estrazione 2026-08-26"},"geometry":{"type":"Polygon","coordinates":[[[9.152851,45.454915],[9.152688,45.455205],[9.151639,45.454859],[9.150177,45.454388],[9.14963,45.4542],[9.14928,45.454085],[9.148848,45.453947],[9.147465,45.453504],[9.14697,45.453348],[9.146106,45.453059],[9.145234,45.45277],[9.144694,45.452586],[9.144469,45.452522],[9.143277,45.45213],[9.142418,45.451865],[9.141551,45.451562],[9.139485,45.450928],[9.139161,45.450813],[9.138998,45.45076],[9.137697,45.450333],[9.137267,45.450199],[9.136551,45.449947],[9.135753,45.449694],[9.133178,45.448857],[9.131973,45.448489],[9.131442,45.448319],[9.130562,45.448014],[9.129623,45.447713],[9.129044,45.44752],[9.128408,45.447311],[9.127766,45.447121],[9.126836,45.446817],[9.125625,45.446415],[9.124244,45.445973],[9.122737,45.445588],[9.121727,45.445324],[9.118847,45.444599],[9.11748,45.44409],[9.116682,45.443784],[9.115479,45.443235],[9.115474,45.443234],[9.115592,45.443011],[9.115657,45.442888],[9.115721,45.442768],[9.115754,45.442705],[9.115784,45.442655],[9.115938,45.442392],[9.115982,45.442318],[9.11647,45.441487],[9.116657,45.441173],[9.116756,45.441017],[9.116841,45.440902],[9.116965,45.440827],[9.117029,45.440789],[9.11708,45.440758],[9.11724,45.44067],[9.11728,45.440637],[9.117418,45.440524],[9.117507,45.440417],[9.117653,45.440239],[9.118186,45.439728],[9.118825,45.439135],[9.121453,45.439923],[9.123214,45.440436],[9.12455,45.440789],[9.132945,45.443088],[9.134995,45.443734],[9.136673,45.444196],[9.138155,45.444598],[9.139124,45.444857],[9.141307,45.445375],[9.14432,45.446062],[9.145574,45.446357],[9.146944,45.446667],[9.15281,45.448064],[9.153944,45.448124],[9.154975,45.448063],[9.154923,45.448543],[9.156187,45.448761],[9.155489,45.449999],[9.155488,45.45019],[9.155409,45.450322],[9.154894,45.451245],[9.154734,45.451519],[9.154634,45.451667],[9.154163,45.452466],[9.155236,45.452781],[9.154439,45.454306],[9.153813,45.45413],[9.15336,45.454005],[9.152851,45.454915]]]}},{"type":"Feature","properties":{"id_nil":22,"nome":"Citta' Studi","nome_orig":"CITTA' STUDI","area_kmq":2.207,"perimetro_km":6.01,"lon_centro":9.23108,"lat_centro":45.47697,"n_annunci":359,"mediana_eur_mq":5500,"p25_eur_mq":4942,"p75_eur_mq":6418,"prezzo_mediano_eur":407000,"superficie_mediana_mq":73,"fonte_confini":"Comune di Milano - NIL vigenti PGT 2030 (CC BY)","fonte_prezzi":"Immobiliare.it, estrazione 2026-08-26"},"geometry":{"type":"Polygon","coordinates":[[[9.237965,45.469705],[9.23802,45.470947],[9.238085,45.471885],[9.238146,45.47332],[9.238164,45.473594],[9.238215,45.474552],[9.238301,45.475782],[9.238413,45.476524],[9.238542,45.477316],[9.238628,45.478789],[9.238449,45.482075],[9.238074,45.483564],[9.237895,45.484008],[9.237656,45.484386],[9.237269,45.484985],[9.236739,45.485565],[9.236309,45.486134],[9.234735,45.48612],[9.234484,45.486121],[9.233484,45.486119],[9.231891,45.486096],[9.231609,45.486092],[9.231451,45.486088],[9.229861,45.486081],[9.228847,45.486064],[9.227928,45.48605],[9.227219,45.486047],[9.226788,45.486047],[9.226435,45.48605],[9.225399,45.486037],[9.224651,45.486034],[9.223562,45.486032],[9.223581,45.484233],[9.223599,45.483247],[9.223607,45.482103],[9.223633,45.480827],[9.223672,45.480306],[9.223689,45.479731],[9.223679,45.478528],[9.223677,45.477946],[9.223676,45.477683],[9.223683,45.47663],[9.223702,45.47609],[9.22373,45.475673],[9.223738,45.475098],[9.22374,45.474203],[9.223733,45.473879],[9.22374,45.473404],[9.223735,45.472811],[9.22375,45.472564],[9.223751,45.471349],[9.22376,45.470886],[9.223799,45.468886],[9.223806,45.468745],[9.223804,45.468054],[9.224887,45.468085],[9.226656,45.468101],[9.227105,45.468107],[9.227434,45.46811],[9.228186,45.468113],[9.228312,45.468114],[9.229413,45.468107],[9.230115,45.468117],[9.23119,45.468111],[9.231279,45.468111],[9.231802,45.468105],[9.232433,45.468104],[9.232639,45.468194],[9.23407,45.468799],[9.234404,45.468949],[9.235069,45.469183],[9.23609,45.469551],[9.23671,45.469662],[9.237965,45.469705]]]}},{"type":"Feature","properties":{"id_nil":50,"nome":"Porta Genova","nome_orig":"PORTA GENOVA","area_kmq":0.997,"perimetro_km":4.12,"lon_centro":9.16203,"lat_centro":45.45422,"n_annunci":165,"mediana_eur_mq":6923,"p25_eur_mq":6000,"p75_eur_mq":8000,"prezzo_mediano_eur":539000,"superficie_mediana_mq":80,"fonte_confini":"Comune di Milano - NIL vigenti PGT 2030 (CC BY)","fonte_prezzi":"Immobiliare.it, estrazione 2026-08-26"},"geometry":{"type":"Polygon","coordinates":[[[9.168745,45.45755],[9.167429,45.458426],[9.16737,45.458463],[9.167065,45.458663],[9.165794,45.459501],[9.164371,45.458954],[9.162584,45.458361],[9.162458,45.458319],[9.161483,45.458022],[9.161075,45.457893],[9.159955,45.457527],[9.15966,45.457435],[9.15898,45.45721],[9.1582,45.456967],[9.157163,45.456647],[9.156443,45.456398],[9.155244,45.456024],[9.15459,45.455813],[9.152938,45.455284],[9.152688,45.455205],[9.152851,45.454915],[9.15336,45.454005],[9.153813,45.45413],[9.154439,45.454306],[9.155236,45.452781],[9.154163,45.452466],[9.154634,45.451667],[9.154734,45.451519],[9.154894,45.451245],[9.155409,45.450322],[9.155488,45.45019],[9.155489,45.449999],[9.156187,45.448761],[9.16153,45.449847],[9.162926,45.450036],[9.165435,45.450316],[9.165956,45.450428],[9.166462,45.450557],[9.167543,45.451024],[9.168195,45.451497],[9.168833,45.452132],[9.169102,45.452687],[9.169496,45.453824],[9.169558,45.454118],[9.169587,45.454489],[9.169593,45.454844],[9.169554,45.455176],[9.169328,45.455885],[9.169086,45.456296],[9.168663,45.456789],[9.168536,45.45703],[9.168401,45.457153],[9.168745,45.45755]]]}},{"type":"Feature","properties":{"id_nil":25,"nome":"Corsica","nome_orig":"CORSICA","area_kmq":1.081,"perimetro_km":4.55,"lon_centro":9.2308,"lat_centro":45.46391,"n_annunci":238,"mediana_eur_mq":5436,"p25_eur_mq":4715,"p75_eur_mq":6210,"prezzo_mediano_eur":400000,"superficie_mediana_mq":75,"fonte_confini":"Comune di Milano - NIL vigenti PGT 2030 (CC BY)","fonte_prezzi":"Immobiliare.it, estrazione 2026-08-26"},"geometry":{"type":"Polygon","coordinates":[[[9.237904,45.468128],[9.237922,45.46851],[9.237933,45.46888],[9.237965,45.469705],[9.23671,45.469662],[9.23609,45.469551],[9.235069,45.469183],[9.234404,45.468949],[9.23407,45.468799],[9.232639,45.468194],[9.232433,45.468104],[9.231802,45.468105],[9.231279,45.468111],[9.23119,45.468111],[9.230115,45.468117],[9.229413,45.468107],[9.228312,45.468114],[9.228186,45.468113],[9.227434,45.46811],[9.227105,45.468107],[9.226656,45.468101],[9.224887,45.468085],[9.223804,45.468054],[9.223823,45.466711],[9.223837,45.466017],[9.22384,45.465558],[9.22389,45.464142],[9.223904,45.463675],[9.223893,45.463552],[9.223892,45.463278],[9.223906,45.462168],[9.223909,45.460675],[9.223923,45.45969],[9.226158,45.459679],[9.230257,45.459709],[9.231952,45.459712],[9.233517,45.459702],[9.2347,45.45956],[9.235548,45.459239],[9.236313,45.458724],[9.236908,45.458082],[9.237066,45.457835],[9.237471,45.457819],[9.237474,45.460203],[9.237534,45.461051],[9.237593,45.462061],[9.237805,45.465513],[9.23783,45.466284],[9.237892,45.467843],[9.237904,45.468128]]]}},{"type":"Feature","properties":{"id_nil":7,"nome":"Magenta - S. Vittore","nome_orig":"MAGENTA - S. VITTORE","area_kmq":1.39,"perimetro_km":5.49,"lon_centro":9.16966,"lat_centro":45.46469,"n_annunci":180,"mediana_eur_mq":9924,"p25_eur_mq":8079,"p75_eur_mq":11470,"prezzo_mediano_eur":1145000,"superficie_mediana_mq":129,"fonte_confini":"Comune di Milano - NIL vigenti PGT 2030 (CC BY)","fonte_prezzi":"Immobiliare.it, estrazione 2026-08-26"},"geometry":{"type":"Polygon","coordinates":[[[9.175385,45.469807],[9.174739,45.470319],[9.174171,45.470977],[9.173675,45.471117],[9.172793,45.471698],[9.172467,45.47197],[9.172213,45.472279],[9.172103,45.472662],[9.171155,45.473054],[9.169834,45.473996],[9.169302,45.473649],[9.168943,45.473408],[9.16871,45.473233],[9.16824,45.472924],[9.167298,45.472321],[9.166386,45.471764],[9.166166,45.471631],[9.166415,45.471492],[9.165866,45.469607],[9.165527,45.468524],[9.165273,45.467582],[9.16506,45.466841],[9.164863,45.466191],[9.164746,45.465809],[9.164589,45.46532],[9.164052,45.463551],[9.164031,45.463476],[9.163417,45.461288],[9.163719,45.460903],[9.163797,45.460804],[9.165595,45.459624],[9.165794,45.459501],[9.167065,45.458663],[9.16737,45.458463],[9.167429,45.458426],[9.168745,45.45755],[9.169428,45.4571],[9.170625,45.456335],[9.171337,45.455859],[9.171727,45.455579],[9.172728,45.456308],[9.17348,45.455828],[9.173776,45.456025],[9.174444,45.456476],[9.175548,45.457213],[9.176889,45.458153],[9.177543,45.458597],[9.17785,45.458775],[9.177998,45.458866],[9.178207,45.459016],[9.178159,45.459103],[9.17795,45.459029],[9.177547,45.458898],[9.175131,45.460355],[9.174121,45.461061],[9.173509,45.461483],[9.173261,45.461674],[9.173478,45.461894],[9.173639,45.462352],[9.173828,45.462688],[9.174515,45.463953],[9.174821,45.464502],[9.175043,45.464876],[9.175523,45.465748],[9.175634,45.465918],[9.175699,45.465995],[9.17623,45.466832],[9.176568,45.467386],[9.176754,45.467689],[9.177466,45.46743],[9.177847,45.467987],[9.177236,45.468442],[9.176722,45.468833],[9.176061,45.469322],[9.175385,45.469807]]]}},{"type":"Feature","properties":{"id_nil":73,"nome":"Cascina Merlata","nome_orig":"CASCINA MERLATA","area_kmq":1.731,"perimetro_km":8.99,"lon_centro":9.09894,"lat_centro":45.5234,"n_annunci":4,"mediana_eur_mq":null,"p25_eur_mq":null,"p75_eur_mq":null,"prezzo_mediano_eur":null,"superficie_mediana_mq":null,"fonte_confini":"Comune di Milano - NIL vigenti PGT 2030 (CC BY)","fonte_prezzi":"Immobiliare.it, estrazione 2026-08-26"},"geometry":{"type":"Polygon","coordinates":[[[9.099283,45.531277],[9.099252,45.531358],[9.099169,45.531576],[9.099008,45.531991],[9.098975,45.532083],[9.09884,45.531975],[9.098591,45.531773],[9.098348,45.531576],[9.098048,45.531334],[9.097844,45.531175],[9.097811,45.531129],[9.097596,45.530965],[9.097437,45.530853],[9.097282,45.530731],[9.0971,45.530581],[9.096965,45.530467],[9.096931,45.53044],[9.096826,45.530356],[9.096634,45.530202],[9.096495,45.530098],[9.096493,45.530098],[9.09644,45.530054],[9.096343,45.529983],[9.096231,45.529909],[9.096162,45.529854],[9.0961,45.529803],[9.096005,45.529717],[9.095932,45.529664],[9.09588,45.529621],[9.095808,45.529575],[9.095736,45.529517],[9.095728,45.529513],[9.095693,45.529498],[9.09565,45.529478],[9.095614,45.529452],[9.095598,45.529441],[9.095402,45.529255],[9.093256,45.529394],[9.093109,45.529107],[9.092909,45.528714],[9.092918,45.528693],[9.09294,45.528684],[9.09341,45.528505],[9.0941,45.528245],[9.094072,45.528222],[9.094016,45.528183],[9.09396,45.528141],[9.093874,45.528052],[9.093775,45.527964],[9.093646,45.527858],[9.093528,45.527764],[9.093405,45.527674],[9.09326,45.527581],[9.093158,45.527514],[9.093074,45.527455],[9.093032,45.527428],[9.093008,45.527399],[9.092997,45.527376],[9.092985,45.527342],[9.092964,45.527278],[9.092924,45.527146],[9.092899,45.527015],[9.09287,45.526912],[9.092766,45.526419],[9.092958,45.526221],[9.092945,45.526167],[9.093124,45.525861],[9.09348,45.525568],[9.093524,45.525515],[9.093536,45.525501],[9.0936,45.525443],[9.093673,45.525388],[9.093837,45.525305],[9.094019,45.525213],[9.09414,45.525151],[9.094265,45.525085],[9.094321,45.525091],[9.094401,45.525097],[9.094443,45.525095],[9.09451,45.525082],[9.094754,45.524943],[9.095014,45.524793],[9.095249,45.524657],[9.095375,45.52458],[9.095585,45.524453],[9.095889,45.524256],[9.095969,45.524205],[9.096016,45.524178],[9.096191,45.524081],[9.096316,45.524011],[9.096417,45.523955],[9.096373,45.52393],[9.096272,45.523876],[9.096209,45.52384],[9.095769,45.523606],[9.094925,45.52314],[9.094472,45.522868],[9.094351,45.522805],[9.094414,45.522736],[9.094618,45.522541],[9.094619,45.522537],[9.094675,45.522476],[9.094821,45.522313],[9.095375,45.521738],[9.09272,45.520423],[9.093114,45.519947],[9.093236,45.519797],[9.093431,45.519591],[9.093151,45.51967],[9.093116,45.519668],[9.09298,45.519459],[9.092979,45.519456],[9.092988,45.519452],[9.093134,45.519381],[9.093173,45.519344],[9.093202,45.519276],[9.093205,45.519271],[9.093227,45.519223],[9.093297,45.519071],[9.093347,45.518961],[9.093411,45.518822],[9.093485,45.518742],[9.093594,45.518517],[9.094047,45.517363],[9.094353,45.51666],[9.094372,45.516615],[9.094387,45.516585],[9.094429,45.516502],[9.094459,45.516413],[9.0945,45.516364],[9.094574,45.516274],[9.09469,45.516136],[9.094795,45.516016],[9.094794,45.515854],[9.094832,45.515753],[9.094857,45.515686],[9.094897,45.515526],[9.094903,45.515464],[9.094912,45.515362],[9.094914,45.515332],[9.094916,45.515295],[9.094982,45.515169],[9.094995,45.515112],[9.095005,45.515065],[9.09504,45.514893],[9.095069,45.514746],[9.095088,45.514695],[9.095104,45.514665],[9.095113,45.514648],[9.095122,45.514631],[9.095152,45.514581],[9.095158,45.514557],[9.103134,45.514869],[9.106449,45.515069],[9.112894,45.515299],[9.118856,45.515549],[9.120156,45.515616],[9.120921,45.515714],[9.12011,45.516102],[9.116949,45.51765],[9.116077,45.518058],[9.115918,45.518132],[9.11477,45.51867],[9.114145,45.519005],[9.107612,45.522606],[9.107513,45.522596],[9.107315,45.522576],[9.106657,45.523065],[9.106522,45.522989],[9.106516,45.522986],[9.106494,45.522975],[9.106489,45.522972],[9.106454,45.522954],[9.106378,45.522912],[9.106338,45.52289],[9.106306,45.522872],[9.106251,45.522843],[9.10623,45.52283],[9.106127,45.522772],[9.106041,45.522724],[9.105986,45.522694],[9.105905,45.52265],[9.105884,45.522639],[9.105874,45.522633],[9.105868,45.52263],[9.105854,45.522622],[9.105776,45.522578],[9.105734,45.522555],[9.105697,45.522535],[9.105607,45.522485],[9.105506,45.522429],[9.105476,45.522412],[9.105435,45.522391],[9.10539,45.522365],[9.105337,45.522335],[9.10529,45.522309],[9.105285,45.522306],[9.105287,45.522304],[9.105281,45.522304],[9.105044,45.522174],[9.104915,45.522103],[9.104674,45.52197],[9.10446,45.521852],[9.104302,45.521765],[9.104072,45.521639],[9.103535,45.521343],[9.102933,45.521011],[9.102909,45.521122],[9.102855,45.521374],[9.102938,45.521392],[9.102943,45.521394],[9.103049,45.521493],[9.103078,45.521592],[9.103085,45.521615],[9.10308,45.521657],[9.103075,45.521693],[9.103074,45.5217],[9.103069,45.521728],[9.103056,45.521809],[9.103051,45.521839],[9.10304,45.521915],[9.103004,45.522037],[9.102964,45.522175],[9.102927,45.522306],[9.102891,45.522432],[9.102883,45.522461],[9.102863,45.522525],[9.102833,45.522614],[9.102834,45.522642],[9.102835,45.52271],[9.102819,45.522731],[9.102668,45.522903],[9.102632,45.523048],[9.102621,45.523094],[9.102545,45.523302],[9.10244,45.523492],[9.102432,45.52351],[9.102424,45.523535],[9.10214,45.524065],[9.102032,45.524257],[9.101986,45.524375],[9.101962,45.524412],[9.101896,45.524513],[9.101814,45.524699],[9.10173,45.524764],[9.101639,45.52483],[9.101612,45.524819],[9.101574,45.524832],[9.101471,45.5249],[9.10134,45.525041],[9.101309,45.525056],[9.101214,45.525238],[9.101181,45.525314],[9.10118,45.525317],[9.10112,45.525428],[9.101053,45.525549],[9.100978,45.525677],[9.100967,45.525759],[9.100913,45.525849],[9.100863,45.525937],[9.100773,45.526011],[9.100759,45.526023],[9.100581,45.526174],[9.100439,45.526197],[9.100392,45.526195],[9.100247,45.526189],[9.100076,45.526172],[9.099914,45.526148],[9.099783,45.526141],[9.099688,45.526136],[9.099617,45.52613],[9.099527,45.526108],[9.09943,45.526085],[9.099242,45.526022],[9.09907,45.525964],[9.098914,45.525885],[9.098882,45.52588],[9.09875,45.525862],[9.098723,45.525861],[9.098583,45.525853],[9.098346,45.5258],[9.098224,45.525752],[9.098107,45.525733],[9.097914,45.525738],[9.097661,45.525961],[9.097227,45.526354],[9.097056,45.526507],[9.096905,45.526644],[9.096848,45.526704],[9.096854,45.526713],[9.096877,45.526722],[9.096794,45.526785],[9.097057,45.526915],[9.097153,45.526862],[9.097208,45.526886],[9.097229,45.526878],[9.097266,45.526865],[9.097398,45.526813],[9.097448,45.526798],[9.097451,45.526798],[9.097453,45.526798],[9.097525,45.526793],[9.097568,45.526796],[9.097664,45.52682],[9.097727,45.526851],[9.09783,45.526899],[9.097835,45.526903],[9.097953,45.526965],[9.098115,45.527036],[9.098208,45.527074],[9.098311,45.527115],[9.098405,45.52714],[9.098484,45.527171],[9.098547,45.527182],[9.098548,45.527182],[9.098425,45.527259],[9.098157,45.527527],[9.098081,45.527603],[9.098067,45.527617],[9.097968,45.527715],[9.097823,45.527858],[9.097567,45.528112],[9.097257,45.528421],[9.097271,45.528427],[9.096618,45.529082],[9.096614,45.529089],[9.096911,45.529142],[9.097012,45.52916],[9.097208,45.529177],[9.097538,45.529203],[9.097726,45.529155],[9.098008,45.529069],[9.09808,45.529186],[9.098141,45.52929],[9.098206,45.529401],[9.098268,45.529507],[9.098271,45.529511],[9.098359,45.529647],[9.098432,45.529759],[9.098524,45.5299],[9.098664,45.529848],[9.099048,45.529715],[9.099266,45.529634],[9.099533,45.529533],[9.099674,45.52951],[9.100198,45.529309],[9.100515,45.529198],[9.10076,45.529104],[9.100795,45.529091],[9.101054,45.529237],[9.101026,45.529269],[9.100837,45.529509],[9.100782,45.529578],[9.100483,45.529954],[9.100504,45.529972],[9.100778,45.530212],[9.101594,45.530928],[9.101575,45.530956],[9.101417,45.531206],[9.101337,45.531332],[9.101248,45.531475],[9.101221,45.531511],[9.101191,45.531551],[9.101072,45.53174],[9.101068,45.531746],[9.100978,45.531715],[9.100731,45.531628],[9.100759,45.531587],[9.100411,45.531481],[9.100413,45.531478],[9.100262,45.531436],[9.099764,45.531299],[9.099536,45.531236],[9.099321,45.531177],[9.099283,45.531277]]]}},{"type":"Feature","properties":{"id_nil":69,"nome":"Sarpi","nome_orig":"SARPI","area_kmq":1.812,"perimetro_km":6.46,"lon_centro":9.17213,"lat_centro":45.48304,"n_annunci":434,"mediana_eur_mq":7132,"p25_eur_mq":6092,"p75_eur_mq":8286,"prezzo_mediano_eur":563000,"superficie_mediana_mq":80,"fonte_confini":"Comune di Milano - NIL vigenti PGT 2030 (CC BY)","fonte_prezzi":"Immobiliare.it, estrazione 2026-08-26"},"geometry":{"type":"Polygon","coordinates":[[[9.182253,45.486787],[9.179131,45.489136],[9.177836,45.489745],[9.17682,45.490094],[9.175974,45.490262],[9.174349,45.490442],[9.173028,45.490602],[9.173283,45.490236],[9.173464,45.490087],[9.174204,45.489114],[9.173622,45.488887],[9.174653,45.487399],[9.17238,45.487449],[9.169855,45.487498],[9.169155,45.487527],[9.168631,45.487564],[9.166177,45.48766],[9.164113,45.487728],[9.1622,45.487774],[9.160753,45.487807],[9.160556,45.487802],[9.158737,45.487848],[9.157882,45.487856],[9.156362,45.487854],[9.157239,45.487208],[9.158787,45.486043],[9.159927,45.485205],[9.160744,45.484624],[9.161105,45.484325],[9.162278,45.483375],[9.163486,45.482434],[9.164242,45.481885],[9.164308,45.481835],[9.164781,45.481501],[9.165508,45.480977],[9.165961,45.480654],[9.167551,45.479457],[9.16867,45.478629],[9.169519,45.477937],[9.17057,45.47707],[9.171164,45.476632],[9.171738,45.476194],[9.171976,45.476316],[9.172226,45.476373],[9.172459,45.476391],[9.172812,45.476326],[9.173191,45.476159],[9.175007,45.477339],[9.176476,45.476146],[9.177101,45.476622],[9.178225,45.477048],[9.180059,45.477388],[9.18088,45.477519],[9.181233,45.477574],[9.181506,45.478338],[9.181951,45.479898],[9.182413,45.481251],[9.181833,45.482011],[9.181485,45.482517],[9.181501,45.482709],[9.181721,45.483992],[9.181874,45.485005],[9.182012,45.485605],[9.182253,45.486787]]]}},{"type":"Feature","properties":{"id_nil":86,"nome":"Parco Dei Navigli","nome_orig":"PARCO DEI NAVIGLI","area_kmq":3.623,"perimetro_km":15.38,"lon_centro":9.1409,"lat_centro":45.42272,"n_annunci":4,"mediana_eur_mq":null,"p25_eur_mq":null,"p75_eur_mq":null,"prezzo_mediano_eur":null,"superficie_mediana_mq":null,"fonte_confini":"Comune di Milano - NIL vigenti PGT 2030 (CC BY)","fonte_prezzi":"Immobiliare.it, estrazione 2026-08-26"},"geometry":{"type":"Polygon","coordinates":[[[9.138855,45.428549],[9.137686,45.429473],[9.136976,45.430009],[9.137017,45.430203],[9.135656,45.432097],[9.134827,45.432415],[9.133948,45.432842],[9.132679,45.433582],[9.13183,45.434062],[9.131456,45.434311],[9.131089,45.434597],[9.13041,45.435638],[9.130135,45.435967],[9.129738,45.436204],[9.129264,45.436404],[9.126793,45.437167],[9.126435,45.437365],[9.124073,45.43598],[9.123479,45.435553],[9.123792,45.434845],[9.125702,45.431432],[9.125625,45.431019],[9.125626,45.431019],[9.125625,45.431016],[9.125653,45.430993],[9.125849,45.430828],[9.125853,45.430826],[9.125993,45.430708],[9.125997,45.430705],[9.126375,45.430362],[9.126377,45.43036],[9.126456,45.430293],[9.126528,45.430246],[9.126596,45.430198],[9.126644,45.430134],[9.126681,45.430077],[9.126707,45.430017],[9.126709,45.429963],[9.126688,45.429895],[9.126689,45.429858],[9.126695,45.42983],[9.126694,45.429808],[9.126685,45.429781],[9.126682,45.429759],[9.126685,45.429738],[9.126687,45.429712],[9.126688,45.429702],[9.12669,45.429689],[9.126689,45.429675],[9.126685,45.429661],[9.126678,45.429648],[9.126674,45.429567],[9.126678,45.429518],[9.126677,45.429473],[9.126691,45.42931],[9.126692,45.429302],[9.126694,45.429293],[9.126695,45.429284],[9.126696,45.429281],[9.126697,45.429272],[9.126699,45.429263],[9.126699,45.429261],[9.1267,45.429252],[9.126701,45.429243],[9.126702,45.429237],[9.126703,45.429228],[9.126704,45.42922],[9.126704,45.429211],[9.126706,45.429191],[9.126708,45.429166],[9.126708,45.429139],[9.126708,45.42913],[9.126708,45.42912],[9.126708,45.42911],[9.126707,45.429101],[9.126707,45.429091],[9.126707,45.429082],[9.126706,45.429072],[9.126706,45.429063],[9.126705,45.429053],[9.126706,45.429042],[9.126706,45.429033],[9.126705,45.429024],[9.126705,45.429014],[9.126705,45.429005],[9.126704,45.428995],[9.126704,45.428986],[9.126703,45.428976],[9.126703,45.428966],[9.126703,45.428956],[9.126702,45.428946],[9.126702,45.428937],[9.126702,45.428926],[9.126702,45.428916],[9.126701,45.428905],[9.126701,45.428869],[9.1267,45.428844],[9.1267,45.428835],[9.1267,45.428825],[9.1267,45.428816],[9.1267,45.428807],[9.126699,45.428796],[9.1267,45.428786],[9.126699,45.428776],[9.126699,45.428766],[9.126699,45.428756],[9.126699,45.428747],[9.126699,45.428738],[9.126699,45.428728],[9.126699,45.428718],[9.1267,45.428708],[9.1267,45.428698],[9.126702,45.428687],[9.126704,45.428678],[9.126705,45.42867],[9.126705,45.428661],[9.126705,45.428651],[9.126705,45.42864],[9.126704,45.42863],[9.126704,45.428621],[9.126704,45.428611],[9.126704,45.428601],[9.126703,45.428591],[9.126703,45.428581],[9.126703,45.428572],[9.126703,45.428562],[9.126702,45.428552],[9.126702,45.428542],[9.126702,45.428533],[9.126702,45.428523],[9.126701,45.428513],[9.126702,45.428501],[9.126704,45.428492],[9.126705,45.428483],[9.126706,45.428474],[9.126707,45.428464],[9.126708,45.428456],[9.126708,45.428447],[9.126708,45.428437],[9.12671,45.428427],[9.126711,45.428418],[9.126712,45.428409],[9.126713,45.4284],[9.126714,45.42839],[9.126715,45.428381],[9.126716,45.428369],[9.126716,45.428359],[9.126718,45.42835],[9.126719,45.428339],[9.126722,45.428329],[9.126725,45.42832],[9.126731,45.428285],[9.126732,45.428275],[9.126733,45.428266],[9.126734,45.428255],[9.126737,45.428245],[9.126739,45.428236],[9.126741,45.428227],[9.126743,45.428217],[9.126746,45.428206],[9.126749,45.428196],[9.126753,45.428186],[9.126757,45.428176],[9.126762,45.428166],[9.126764,45.42816],[9.126765,45.428153],[9.126764,45.428143],[9.126764,45.428132],[9.126766,45.428121],[9.126769,45.42811],[9.126773,45.428101],[9.126776,45.428091],[9.12678,45.428082],[9.126783,45.428074],[9.126788,45.428063],[9.126792,45.428053],[9.126795,45.428044],[9.126799,45.428034],[9.126803,45.428025],[9.126806,45.428016],[9.126809,45.428007],[9.126813,45.427997],[9.126817,45.427988],[9.126821,45.427979],[9.126825,45.427968],[9.12683,45.427959],[9.126834,45.42795],[9.126837,45.427942],[9.126839,45.427933],[9.126841,45.427924],[9.126844,45.427913],[9.12685,45.427902],[9.126856,45.427894],[9.12686,45.427885],[9.126865,45.427876],[9.12687,45.427867],[9.126874,45.427859],[9.126878,45.42785],[9.126882,45.427841],[9.126887,45.427831],[9.126892,45.427822],[9.126896,45.427813],[9.1269,45.427805],[9.126904,45.427795],[9.12691,45.427785],[9.126916,45.427776],[9.126923,45.427767],[9.12693,45.427758],[9.126935,45.427751],[9.126939,45.427743],[9.126945,45.427733],[9.12695,45.427724],[9.126957,45.427715],[9.126963,45.427707],[9.12697,45.427698],[9.126975,45.42769],[9.126981,45.427683],[9.126985,45.427675],[9.126989,45.427667],[9.126993,45.427658],[9.126998,45.427646],[9.127003,45.427637],[9.127007,45.427629],[9.127011,45.42762],[9.127013,45.427612],[9.127015,45.427602],[9.127018,45.427592],[9.127022,45.42758],[9.127028,45.42757],[9.127036,45.42756],[9.127043,45.42755],[9.127049,45.427542],[9.127055,45.427532],[9.127059,45.427524],[9.127064,45.427513],[9.127068,45.427503],[9.127074,45.427491],[9.12708,45.427482],[9.127085,45.427473],[9.127091,45.427463],[9.127098,45.427453],[9.127104,45.427445],[9.127109,45.427437],[9.127113,45.42743],[9.127117,45.427421],[9.12712,45.427413],[9.127124,45.427404],[9.12713,45.427392],[9.127134,45.427383],[9.127139,45.427374],[9.127143,45.427366],[9.127146,45.427357],[9.127149,45.427348],[9.127154,45.427338],[9.127161,45.427328],[9.127165,45.42732],[9.127169,45.427311],[9.127175,45.427301],[9.12718,45.427292],[9.127184,45.427284],[9.127188,45.427273],[9.127192,45.427264],[9.127196,45.427256],[9.127201,45.427247],[9.127205,45.427237],[9.12721,45.427227],[9.127215,45.427218],[9.127222,45.427209],[9.127229,45.4272],[9.127233,45.427193],[9.127237,45.427186],[9.127239,45.427178],[9.127243,45.427168],[9.127248,45.427156],[9.127255,45.427147],[9.12726,45.42714],[9.127265,45.427131],[9.127272,45.427122],[9.127278,45.427112],[9.127284,45.427103],[9.127291,45.427094],[9.127298,45.427086],[9.127304,45.427078],[9.127311,45.427069],[9.127317,45.427061],[9.127324,45.427052],[9.127331,45.427043],[9.127336,45.427035],[9.127342,45.427027],[9.127347,45.427019],[9.12735,45.427011],[9.127354,45.427001],[9.127358,45.426992],[9.127361,45.426982],[9.127365,45.426971],[9.127371,45.426962],[9.127376,45.426953],[9.127381,45.426943],[9.127387,45.426933],[9.127392,45.426924],[9.127397,45.426916],[9.127402,45.426907],[9.127406,45.426899],[9.12741,45.42689],[9.127415,45.426881],[9.127418,45.426872],[9.127422,45.426862],[9.127426,45.426852],[9.12743,45.426844],[9.127435,45.426834],[9.12744,45.426824],[9.127444,45.426816],[9.127449,45.426806],[9.127454,45.426797],[9.127459,45.426789],[9.127463,45.426781],[9.127466,45.426771],[9.127469,45.426762],[9.127474,45.426751],[9.127482,45.426739],[9.12749,45.426731],[9.127498,45.426722],[9.127504,45.426715],[9.127508,45.426709],[9.127512,45.426699],[9.127516,45.42669],[9.127519,45.426681],[9.127522,45.426669],[9.127526,45.42666],[9.12753,45.42665],[9.127536,45.426639],[9.127542,45.42663],[9.127549,45.426621],[9.127555,45.426612],[9.127561,45.426605],[9.127567,45.426597],[9.127571,45.426589],[9.127575,45.426581],[9.12758,45.426571],[9.127587,45.426561],[9.127594,45.426553],[9.127599,45.426545],[9.127604,45.426536],[9.12761,45.426526],[9.127616,45.426517],[9.127622,45.426508],[9.127629,45.4265],[9.127635,45.426492],[9.127643,45.426482],[9.127651,45.426474],[9.127658,45.426465],[9.127666,45.426457],[9.127677,45.426448],[9.127687,45.42644],[9.127697,45.426433],[9.127711,45.426426],[9.127723,45.42642],[9.127734,45.426415],[9.127744,45.42641],[9.127756,45.426404],[9.127767,45.426399],[9.127777,45.426394],[9.127787,45.426389],[9.127795,45.426383],[9.127805,45.426376],[9.127815,45.42637],[9.127825,45.426363],[9.127834,45.426357],[9.127843,45.42635],[9.127854,45.426342],[9.127866,45.426334],[9.127874,45.426328],[9.127882,45.426322],[9.12789,45.426314],[9.127898,45.426307],[9.127906,45.426299],[9.127915,45.426292],[9.127924,45.426284],[9.127933,45.426277],[9.12794,45.42627],[9.127946,45.426263],[9.127953,45.426256],[9.127958,45.426248],[9.127964,45.426238],[9.127972,45.42623],[9.127979,45.42622],[9.12799,45.426211],[9.127996,45.426205],[9.128002,45.426198],[9.128009,45.42619],[9.128016,45.426181],[9.128023,45.426173],[9.128029,45.426165],[9.128036,45.426157],[9.128042,45.426148],[9.128048,45.426139],[9.128055,45.426131],[9.128063,45.426121],[9.128071,45.426113],[9.128079,45.426106],[9.128085,45.426099],[9.12809,45.426092],[9.128095,45.426084],[9.1281,45.426076],[9.128106,45.426065],[9.128115,45.426055],[9.128123,45.426048],[9.12813,45.42604],[9.128136,45.426032],[9.128144,45.426023],[9.128151,45.426016],[9.128158,45.426008],[9.128165,45.425999],[9.12817,45.425991],[9.128176,45.425984],[9.128182,45.425974],[9.128188,45.425965],[9.128194,45.425956],[9.128201,45.425948],[9.128209,45.425938],[9.128216,45.42593],[9.128223,45.425921],[9.128231,45.425913],[9.128239,45.425905],[9.128246,45.425897],[9.128251,45.425889],[9.128256,45.425881],[9.128263,45.425871],[9.128271,45.425863],[9.128277,45.425855],[9.128284,45.425847],[9.128292,45.425838],[9.1283,45.42583],[9.128308,45.425822],[9.128316,45.425814],[9.128325,45.425805],[9.128333,45.425798],[9.128342,45.42579],[9.128351,45.425782],[9.128363,45.425773],[9.128374,45.425766],[9.128385,45.42576],[9.128396,45.425754],[9.128404,45.42575],[9.128412,45.425743],[9.128424,45.425736],[9.128434,45.42573],[9.128444,45.425724],[9.128453,45.425717],[9.128466,45.425711],[9.128477,45.425704],[9.128489,45.4257],[9.128499,45.425695],[9.12851,45.425689],[9.128523,45.425683],[9.128535,45.425678],[9.128546,45.425673],[9.128559,45.425667],[9.128571,45.425663],[9.128591,45.425655],[9.128596,45.425653],[9.12861,45.425648],[9.128621,45.425643],[9.128633,45.425638],[9.128644,45.425633],[9.128656,45.425628],[9.128668,45.425623],[9.128678,45.425618],[9.128687,45.425613],[9.128698,45.425608],[9.128709,45.425602],[9.128719,45.425596],[9.12873,45.42559],[9.128741,45.425583],[9.128751,45.425577],[9.128761,45.42557],[9.128773,45.425563],[9.128782,45.425558],[9.128793,45.425551],[9.128804,45.425546],[9.128814,45.42554],[9.128826,45.425533],[9.128837,45.425528],[9.128849,45.425522],[9.12886,45.425516],[9.128872,45.42551],[9.128884,45.425504],[9.128895,45.425498],[9.128906,45.425492],[9.128916,45.425487],[9.128926,45.425482],[9.128936,45.425476],[9.128948,45.425469],[9.128962,45.425463],[9.128972,45.425459],[9.128982,45.425453],[9.128994,45.425447],[9.129003,45.425443],[9.129014,45.425436],[9.129025,45.425431],[9.129046,45.42542],[9.129057,45.425415],[9.129066,45.425409],[9.129076,45.425403],[9.129097,45.425391],[9.129108,45.425386],[9.129128,45.425374],[9.129241,45.425315],[9.129435,45.425203],[9.129487,45.425176],[9.12956,45.425137],[9.129697,45.425057],[9.129859,45.424974],[9.130036,45.424874],[9.130212,45.424776],[9.130383,45.424683],[9.130426,45.424658],[9.130516,45.424608],[9.130599,45.424568],[9.130622,45.424552],[9.130668,45.424522],[9.13071,45.4245],[9.130963,45.424362],[9.131001,45.42434],[9.13117,45.42424],[9.131293,45.424161],[9.131356,45.42413],[9.131423,45.4241],[9.131442,45.42409],[9.131466,45.424077],[9.131501,45.424055],[9.131544,45.424013],[9.131579,45.423982],[9.13164,45.423935],[9.131705,45.423892],[9.13177,45.423853],[9.131795,45.423831],[9.131832,45.423803],[9.13186,45.423783],[9.131887,45.423758],[9.131917,45.423726],[9.131938,45.423702],[9.131955,45.423679],[9.13197,45.423653],[9.131987,45.423624],[9.131997,45.423593],[9.132005,45.423563],[9.132011,45.423536],[9.132014,45.42351],[9.132016,45.42348],[9.132016,45.423447],[9.132012,45.423415],[9.13201,45.423391],[9.132013,45.423355],[9.132015,45.423323],[9.132018,45.423291],[9.132021,45.423258],[9.132023,45.423226],[9.132027,45.423195],[9.132033,45.42313],[9.132037,45.423097],[9.132043,45.423067],[9.132047,45.423042],[9.13205,45.422979],[9.132053,45.422947],[9.132058,45.422919],[9.132061,45.422893],[9.132066,45.422863],[9.132071,45.422833],[9.132072,45.422802],[9.132075,45.422779],[9.132078,45.422755],[9.132084,45.42273],[9.132089,45.422704],[9.132092,45.422679],[9.132094,45.422654],[9.132099,45.422628],[9.132102,45.422603],[9.132101,45.422572],[9.132103,45.422547],[9.13211,45.422522],[9.132114,45.422494],[9.132116,45.422478],[9.13212,45.422452],[9.132123,45.422408],[9.132122,45.422387],[9.132123,45.422361],[9.132125,45.422341],[9.132129,45.422307],[9.132133,45.422281],[9.132132,45.422258],[9.132135,45.422244],[9.132141,45.422222],[9.132141,45.422196],[9.132141,45.422176],[9.132143,45.422149],[9.132144,45.42213],[9.132147,45.422108],[9.132155,45.422076],[9.132159,45.422054],[9.132159,45.42203],[9.132157,45.422011],[9.132157,45.421992],[9.13216,45.421971],[9.132168,45.421949],[9.132175,45.42192],[9.132177,45.421886],[9.132173,45.421862],[9.13217,45.42184],[9.132173,45.421812],[9.132176,45.42179],[9.132178,45.421763],[9.132179,45.421756],[9.132181,45.421721],[9.132191,45.421671],[9.132196,45.421643],[9.132199,45.421618],[9.132204,45.421587],[9.132207,45.421561],[9.132209,45.421533],[9.13221,45.421508],[9.132212,45.421482],[9.132214,45.421456],[9.132213,45.421432],[9.132209,45.421408],[9.132201,45.421385],[9.132193,45.421364],[9.132186,45.421348],[9.132177,45.421336],[9.132168,45.421326],[9.132151,45.42132],[9.13213,45.421318],[9.132111,45.421314],[9.132092,45.421311],[9.13207,45.421305],[9.132048,45.421299],[9.132013,45.421282],[9.131965,45.42127],[9.131938,45.421263],[9.131911,45.421253],[9.131864,45.421224],[9.131837,45.421198],[9.131818,45.421173],[9.131805,45.421152],[9.131796,45.421131],[9.131791,45.421088],[9.131796,45.421051],[9.131803,45.421028],[9.131814,45.421003],[9.131828,45.420982],[9.13185,45.420948],[9.131863,45.420902],[9.131869,45.420872],[9.131876,45.420837],[9.131878,45.420807],[9.131874,45.420782],[9.131861,45.420764],[9.131826,45.420754],[9.1318,45.420753],[9.131784,45.420751],[9.131751,45.420746],[9.13171,45.420742],[9.131654,45.420737],[9.131606,45.420735],[9.131558,45.420733],[9.131508,45.420732],[9.131463,45.420732],[9.131424,45.420733],[9.131381,45.420735],[9.131334,45.420742],[9.131298,45.420748],[9.131267,45.420754],[9.131237,45.420761],[9.131204,45.42077],[9.131173,45.420777],[9.131148,45.420785],[9.131132,45.420793],[9.131111,45.42081],[9.131098,45.420834],[9.131091,45.420863],[9.131087,45.420894],[9.131083,45.420925],[9.131081,45.420962],[9.13108,45.42099],[9.131083,45.421023],[9.131089,45.421058],[9.131099,45.42113],[9.131102,45.421171],[9.131096,45.421205],[9.131083,45.421232],[9.131057,45.421285],[9.13105,45.421304],[9.131036,45.421349],[9.131028,45.421391],[9.131015,45.421427],[9.130998,45.421465],[9.130984,45.421493],[9.130962,45.421517],[9.130944,45.421533],[9.130918,45.42155],[9.130891,45.421566],[9.130863,45.421576],[9.130823,45.421587],[9.130782,45.421597],[9.130749,45.421605],[9.130723,45.421611],[9.130694,45.421618],[9.130664,45.421627],[9.130662,45.42162],[9.130661,45.421617],[9.130657,45.421597],[9.130677,45.421393],[9.130873,45.420606],[9.130487,45.420556],[9.130512,45.420249],[9.130526,45.420096],[9.130624,45.419747],[9.130631,45.419578],[9.130645,45.419366],[9.130516,45.418742],[9.130474,45.418473],[9.13041,45.41805],[9.130407,45.418013],[9.130412,45.417963],[9.130449,45.417726],[9.130519,45.417345],[9.130523,45.41731],[9.13042,45.41728],[9.130276,45.417238],[9.130233,45.417226],[9.13026,45.417188],[9.130295,45.417152],[9.130335,45.417112],[9.130398,45.417055],[9.130459,45.416993],[9.130518,45.416938],[9.130583,45.416869],[9.130759,45.416702],[9.130798,45.416669],[9.130891,45.416589],[9.130923,45.416562],[9.130962,45.416512],[9.130994,45.416475],[9.131049,45.416427],[9.131107,45.416371],[9.131165,45.416317],[9.131227,45.41624],[9.131351,45.416108],[9.131421,45.416036],[9.131468,45.415992],[9.131519,45.415939],[9.131554,45.41591],[9.131585,45.415893],[9.131647,45.41586],[9.131796,45.415778],[9.131866,45.41575],[9.131924,45.415721],[9.131961,45.415697],[9.131995,45.415664],[9.13206,45.415585],[9.132106,45.415539],[9.132203,45.415448],[9.132276,45.415385],[9.132336,45.415328],[9.13238,45.415286],[9.132416,45.415247],[9.132456,45.415191],[9.132491,45.415128],[9.132545,45.415059],[9.132639,45.414928],[9.132666,45.41489],[9.132751,45.414763],[9.132822,45.414654],[9.132873,45.414571],[9.132899,45.414533],[9.132937,45.414536],[9.132956,45.414538],[9.133013,45.414521],[9.13306,45.414498],[9.1331,45.414462],[9.133148,45.414411],[9.133203,45.414336],[9.133257,45.414263],[9.13331,45.414191],[9.133313,45.414185],[9.133348,45.414192],[9.133476,45.414223],[9.133625,45.41426],[9.133768,45.41429],[9.133956,45.41433],[9.134128,45.414366],[9.134232,45.414388],[9.134522,45.414435],[9.134739,45.414481],[9.13482,45.414498],[9.134874,45.414509],[9.135016,45.414541],[9.13511,45.414562],[9.135279,45.414594],[9.13546,45.414637],[9.135704,45.414697],[9.135912,45.414751],[9.13602,45.414776],[9.136094,45.414799],[9.136193,45.414849],[9.136464,45.415013],[9.136625,45.415114],[9.136775,45.415197],[9.1369,45.415269],[9.136922,45.415296],[9.136931,45.415321],[9.136935,45.415323],[9.136984,45.415347],[9.136991,45.415349],[9.137035,45.415321],[9.137071,45.415307],[9.137117,45.415302],[9.137168,45.4153],[9.137202,45.415303],[9.13724,45.415303],[9.137274,45.415308],[9.137318,45.415319],[9.137384,45.415334],[9.137425,45.415343],[9.137476,45.41535],[9.137514,45.415353],[9.137558,45.415354],[9.137601,45.415352],[9.137656,45.415345],[9.137706,45.41534],[9.137753,45.415339],[9.137805,45.415338],[9.13786,45.415344],[9.137905,45.415348],[9.137917,45.415354],[9.137906,45.41539],[9.137877,45.415432],[9.137848,45.415478],[9.137815,45.415525],[9.137814,45.415527],[9.137792,45.415551],[9.137735,45.415613],[9.137568,45.415804],[9.137338,45.416069],[9.137307,45.416105],[9.137004,45.416455],[9.136826,45.41666],[9.136656,45.41686],[9.136555,45.416972],[9.136481,45.417058],[9.136415,45.417141],[9.136314,45.417261],[9.136234,45.417351],[9.136178,45.41741],[9.136124,45.417472],[9.136094,45.417509],[9.136206,45.417532],[9.136235,45.417538],[9.136347,45.417557],[9.136476,45.417579],[9.136618,45.417604],[9.136828,45.417632],[9.136934,45.41765],[9.137069,45.417673],[9.137216,45.417699],[9.137379,45.417724],[9.137546,45.417749],[9.137817,45.417797],[9.138009,45.417826],[9.138141,45.417846],[9.138198,45.417855],[9.138286,45.417863],[9.138328,45.417869],[9.138354,45.417875],[9.13836,45.417877],[9.138396,45.417889],[9.138403,45.417886],[9.138425,45.417883],[9.138448,45.417882],[9.138468,45.417882],[9.138491,45.417882],[9.138514,45.417885],[9.138535,45.417888],[9.13856,45.41789],[9.138586,45.417892],[9.138614,45.417892],[9.138636,45.417892],[9.138667,45.417889],[9.13874,45.417882],[9.138775,45.41788],[9.138801,45.417879],[9.138836,45.417879],[9.138869,45.417879],[9.138908,45.417881],[9.138943,45.417885],[9.138974,45.417888],[9.138998,45.417889],[9.139029,45.417889],[9.13906,45.417887],[9.139086,45.417885],[9.139105,45.417881],[9.139122,45.417875],[9.139139,45.417866],[9.139152,45.417854],[9.139167,45.417828],[9.139179,45.4178],[9.139191,45.417755],[9.139221,45.417664],[9.139259,45.417558],[9.139285,45.417462],[9.1393,45.417388],[9.139315,45.41732],[9.139328,45.417246],[9.139335,45.417179],[9.13934,45.417123],[9.139341,45.417076],[9.139342,45.417029],[9.139341,45.41699],[9.139339,45.416953],[9.139338,45.416909],[9.139337,45.416875],[9.139339,45.416804],[9.139344,45.416766],[9.139349,45.416732],[9.139351,45.416704],[9.139352,45.416673],[9.139352,45.416643],[9.139353,45.416625],[9.139354,45.416603],[9.139355,45.416585],[9.139358,45.416559],[9.139359,45.416545],[9.139361,45.416532],[9.139379,45.416554],[9.139393,45.41656],[9.13941,45.416565],[9.139442,45.416579],[9.139463,45.416589],[9.139487,45.416605],[9.139503,45.416623],[9.139524,45.416646],[9.139551,45.416674],[9.139581,45.416704],[9.139619,45.416735],[9.139716,45.416824],[9.139804,45.416904],[9.139897,45.416984],[9.139949,45.417031],[9.139986,45.417068],[9.140013,45.417089],[9.140038,45.4171],[9.140081,45.417116],[9.14014,45.417133],[9.14017,45.417137],[9.140204,45.417147],[9.140279,45.417173],[9.140393,45.417209],[9.140461,45.417226],[9.140685,45.417287],[9.140801,45.417316],[9.140915,45.417347],[9.14102,45.417375],[9.141049,45.417383],[9.141086,45.417394],[9.141115,45.417401],[9.141135,45.417406],[9.141172,45.417417],[9.141205,45.417425],[9.14122,45.417429],[9.141258,45.417439],[9.141291,45.417448],[9.141306,45.41745],[9.141314,45.417449],[9.141319,45.417447],[9.141326,45.417434],[9.141342,45.417409],[9.14136,45.417348],[9.141369,45.417312],[9.141377,45.417287],[9.141387,45.417266],[9.141401,45.417246],[9.141415,45.417233],[9.141421,45.417229],[9.141426,45.417226],[9.141435,45.417224],[9.141444,45.417228],[9.141461,45.417236],[9.141486,45.417247],[9.141517,45.417258],[9.141541,45.417266],[9.141558,45.417272],[9.141711,45.417324],[9.141896,45.417383],[9.14206,45.417434],[9.142172,45.41747],[9.142265,45.417495],[9.142374,45.417523],[9.142453,45.417548],[9.1425,45.417562],[9.142632,45.417598],[9.142685,45.41761],[9.142726,45.417612],[9.14276,45.417614],[9.142781,45.41762],[9.14282,45.41764],[9.142834,45.41765],[9.142858,45.417672],[9.142893,45.417686],[9.143174,45.417762],[9.143246,45.417783],[9.143396,45.417832],[9.143523,45.417879],[9.143638,45.417923],[9.143785,45.417979],[9.143947,45.418039],[9.144083,45.418092],[9.144249,45.418154],[9.144375,45.418202],[9.144474,45.418239],[9.144537,45.418264],[9.144599,45.418292],[9.144695,45.418341],[9.144777,45.418389],[9.144799,45.418402],[9.144809,45.418409],[9.144819,45.418407],[9.144831,45.418404],[9.144832,45.418395],[9.144834,45.418387],[9.14484,45.418377],[9.144851,45.418364],[9.144865,45.41835],[9.144878,45.418339],[9.144898,45.418322],[9.144961,45.418252],[9.145003,45.418214],[9.145022,45.418195],[9.145055,45.418158],[9.145087,45.418115],[9.145111,45.418083],[9.145131,45.418058],[9.145181,45.418001],[9.145202,45.417976],[9.145226,45.417952],[9.145251,45.417923],[9.145272,45.4179],[9.145301,45.41786],[9.145322,45.417832],[9.145357,45.417792],[9.145405,45.417737],[9.145547,45.417564],[9.145657,45.417417],[9.145819,45.417208],[9.145909,45.417098],[9.146081,45.416892],[9.146148,45.416821],[9.146264,45.416717],[9.146303,45.416687],[9.146343,45.416656],[9.146412,45.416601],[9.146513,45.416518],[9.146564,45.416478],[9.146683,45.416389],[9.146844,45.416271],[9.146977,45.416175],[9.147073,45.416095],[9.147134,45.416045],[9.147172,45.416003],[9.147207,45.415948],[9.147245,45.415878],[9.147268,45.415826],[9.147292,45.415733],[9.147301,45.415648],[9.147306,45.415563],[9.147309,45.415492],[9.147325,45.415432],[9.147368,45.41535],[9.147417,45.415275],[9.147445,45.415231],[9.147497,45.415152],[9.147561,45.415053],[9.147625,45.414952],[9.147672,45.414852],[9.147751,45.414669],[9.147814,45.414512],[9.147866,45.414392],[9.147922,45.414271],[9.148004,45.414138],[9.148062,45.414031],[9.148121,45.413948],[9.148161,45.413891],[9.148195,45.413904],[9.148479,45.414013],[9.148552,45.414033],[9.148583,45.414043],[9.148658,45.414068],[9.148773,45.41411],[9.148956,45.414178],[9.148995,45.41419],[9.149025,45.414198],[9.149056,45.414202],[9.149087,45.414206],[9.149124,45.414207],[9.14917,45.414206],[9.149217,45.414205],[9.149268,45.414202],[9.149408,45.414192],[9.149487,45.414186],[9.149565,45.414183],[9.149634,45.414184],[9.149678,45.414185],[9.149724,45.414188],[9.149773,45.414194],[9.149829,45.414204],[9.149895,45.414219],[9.149952,45.414237],[9.150053,45.414272],[9.150116,45.4143],[9.150152,45.414317],[9.15022,45.414345],[9.150281,45.414375],[9.150313,45.414391],[9.150334,45.414405],[9.150358,45.414426],[9.150396,45.41446],[9.150446,45.414509],[9.150521,45.414589],[9.150609,45.414669],[9.150629,45.414711],[9.150587,45.414734],[9.149616,45.415284],[9.149631,45.415291],[9.150152,45.415516],[9.150352,45.415606],[9.150773,45.415794],[9.151104,45.415944],[9.151598,45.416179],[9.151953,45.416347],[9.151959,45.41635],[9.152004,45.416262],[9.152085,45.416101],[9.152168,45.415939],[9.152291,45.415706],[9.152421,45.415457],[9.152451,45.415398],[9.152541,45.415216],[9.152582,45.415222],[9.153046,45.415289],[9.153095,45.415299],[9.1533,45.415345],[9.15347,45.415398],[9.153759,45.415496],[9.153914,45.415546],[9.154033,45.41558],[9.154105,45.415622],[9.154199,45.415713],[9.154232,45.415746],[9.154292,45.41581],[9.15434,45.41587],[9.154402,45.415966],[9.154457,45.416045],[9.15449,45.41609],[9.154528,45.416125],[9.154558,45.416142],[9.154574,45.416117],[9.154575,45.416115],[9.154576,45.416101],[9.154574,45.416081],[9.15458,45.41606],[9.154628,45.415934],[9.154657,45.415853],[9.154708,45.415713],[9.154744,45.415606],[9.154776,45.415512],[9.154786,45.41548],[9.154798,45.415445],[9.154805,45.415425],[9.154839,45.415324],[9.15487,45.415241],[9.154892,45.415182],[9.154911,45.415118],[9.154924,45.415073],[9.154944,45.415021],[9.154974,45.414946],[9.155013,45.414837],[9.155035,45.414772],[9.155052,45.414727],[9.155064,45.414694],[9.15508,45.414669],[9.155103,45.414631],[9.155116,45.414607],[9.155134,45.414587],[9.155167,45.414554],[9.155206,45.414522],[9.155246,45.414487],[9.155265,45.414466],[9.15527,45.414458],[9.155282,45.414434],[9.1553,45.414387],[9.155332,45.41429],[9.155361,45.414205],[9.155386,45.414129],[9.155425,45.41401],[9.155443,45.413952],[9.155461,45.413898],[9.155486,45.413815],[9.155507,45.413749],[9.155515,45.413721],[9.15552,45.4137],[9.155524,45.413681],[9.155538,45.413609],[9.155544,45.413565],[9.155564,45.413399],[9.155571,45.413331],[9.155576,45.413284],[9.155579,45.413246],[9.155576,45.413148],[9.155573,45.413105],[9.155566,45.413017],[9.155551,45.412871],[9.155538,45.412748],[9.155531,45.412695],[9.155527,45.412639],[9.155527,45.41261],[9.155533,45.412597],[9.155539,45.412589],[9.155557,45.412574],[9.155572,45.412568],[9.1556,45.412562],[9.15566,45.41255],[9.155698,45.41254],[9.155735,45.412533],[9.155772,45.412524],[9.155808,45.412515],[9.155842,45.41251],[9.155881,45.412507],[9.155966,45.412503],[9.156009,45.412502],[9.156085,45.412495],[9.15617,45.412487],[9.156282,45.412474],[9.156416,45.412458],[9.156543,45.412446],[9.156676,45.412435],[9.15679,45.412425],[9.156904,45.41242],[9.156997,45.412413],[9.157141,45.4124],[9.157174,45.412397],[9.157215,45.412393],[9.157259,45.412386],[9.15735,45.412368],[9.15735,45.412359],[9.15735,45.412321],[9.157349,45.412299],[9.157357,45.412221],[9.157362,45.412172],[9.157371,45.412136],[9.157394,45.412083],[9.157423,45.412017],[9.15744,45.411976],[9.157509,45.411789],[9.157623,45.411479],[9.157702,45.41126],[9.15781,45.410939],[9.157854,45.410807],[9.157892,45.410694],[9.157904,45.410658],[9.157906,45.410655],[9.157921,45.410656],[9.157936,45.410658],[9.157942,45.410659],[9.157949,45.410663],[9.157953,45.410663],[9.157956,45.410661],[9.157958,45.410658],[9.157985,45.410596],[9.157999,45.410554],[9.158061,45.410386],[9.158129,45.410198],[9.158156,45.410116],[9.158164,45.410089],[9.158176,45.410058],[9.158197,45.410017],[9.158238,45.409884],[9.15828,45.409772],[9.158285,45.409757],[9.158313,45.409673],[9.15832,45.409654],[9.158342,45.409598],[9.158388,45.409482],[9.158421,45.409401],[9.158461,45.409271],[9.158477,45.40921],[9.15848,45.409145],[9.158482,45.409073],[9.158481,45.408989],[9.158478,45.40894],[9.158485,45.408858],[9.158493,45.408794],[9.158494,45.408676],[9.158498,45.408557],[9.1585,45.408419],[9.158504,45.408311],[9.1585,45.408242],[9.158495,45.408212],[9.158492,45.4082],[9.15852,45.408191],[9.15857,45.408173],[9.158631,45.408155],[9.158738,45.40812],[9.158748,45.408117],[9.158808,45.408097],[9.15887,45.408076],[9.158871,45.408078],[9.158871,45.408078],[9.158916,45.408165],[9.160817,45.411226],[9.162521,45.414055],[9.162787,45.414512],[9.164516,45.417502],[9.16629,45.420566],[9.166911,45.421644],[9.165324,45.421975],[9.165201,45.420333],[9.162826,45.420309],[9.159799,45.419659],[9.159728,45.419534],[9.160179,45.418662],[9.159045,45.418363],[9.159103,45.417252],[9.158772,45.417191],[9.15757,45.417488],[9.157125,45.417089],[9.155792,45.417416],[9.154451,45.417584],[9.154334,45.417429],[9.15375,45.41749],[9.153304,45.41696],[9.152353,45.416548],[9.151135,45.41773],[9.152087,45.418449],[9.151094,45.419065],[9.150531,45.419169],[9.150387,45.419382],[9.14979,45.419586],[9.148332,45.420591],[9.147814,45.420886],[9.149045,45.421644],[9.150249,45.423573],[9.150154,45.42396],[9.151019,45.424473],[9.151433,45.424133],[9.153421,45.425195],[9.154015,45.425418],[9.153208,45.425745],[9.1528,45.425917],[9.150805,45.427828],[9.151111,45.4283],[9.150605,45.428514],[9.150007,45.428803],[9.149878,45.428937],[9.149863,45.429097],[9.149924,45.429231],[9.149108,45.429373],[9.147309,45.429712],[9.145056,45.430155],[9.143463,45.43046],[9.140705,45.430987],[9.140046,45.430053],[9.139012,45.42836],[9.138855,45.428549]]]}},{"type":"Feature","properties":{"id_nil":68,"nome":"Pagano","nome_orig":"PAGANO","area_kmq":1.29,"perimetro_km":5.22,"lon_centro":9.16528,"lat_centro":45.47453,"n_annunci":189,"mediana_eur_mq":8710,"p25_eur_mq":7400,"p75_eur_mq":10128,"prezzo_mediano_eur":1050000,"superficie_mediana_mq":121,"fonte_confini":"Comune di Milano - NIL vigenti PGT 2030 (CC BY)","fonte_prezzi":"Immobiliare.it, estrazione 2026-08-26"},"geometry":{"type":"Polygon","coordinates":[[[9.171738,45.476194],[9.171164,45.476632],[9.17057,45.47707],[9.169519,45.477937],[9.16867,45.478629],[9.167551,45.479457],[9.165961,45.480654],[9.165508,45.480977],[9.164781,45.481501],[9.164308,45.481835],[9.164242,45.481885],[9.163486,45.482434],[9.162909,45.482071],[9.161722,45.481218],[9.160894,45.480712],[9.16045,45.480427],[9.160275,45.480301],[9.160219,45.480052],[9.160136,45.478669],[9.160077,45.477438],[9.159981,45.475719],[9.159967,45.475226],[9.159889,45.474252],[9.159825,45.473447],[9.158371,45.473485],[9.157363,45.473515],[9.156784,45.473534],[9.155555,45.473561],[9.155364,45.470368],[9.155302,45.468715],[9.155261,45.468026],[9.155234,45.46776],[9.1552,45.466869],[9.156969,45.466752],[9.159159,45.466594],[9.159313,45.466583],[9.159882,45.46655],[9.161902,45.466391],[9.162349,45.466354],[9.163049,45.466312],[9.164863,45.466191],[9.16506,45.466841],[9.165273,45.467582],[9.165527,45.468524],[9.165866,45.469607],[9.166415,45.471492],[9.166166,45.471631],[9.166386,45.471764],[9.167298,45.472321],[9.16824,45.472924],[9.16871,45.473233],[9.168943,45.473408],[9.169302,45.473649],[9.169834,45.473996],[9.17108,45.474804],[9.171611,45.475158],[9.171474,45.475407],[9.171394,45.475726],[9.171502,45.47595],[9.171738,45.476194]]]}},{"type":"Feature","properties":{"id_nil":2,"nome":"Brera","nome_orig":"BRERA","area_kmq":1.637,"perimetro_km":5.46,"lon_centro":9.18841,"lat_centro":45.47348,"n_annunci":276,"mediana_eur_mq":11540,"p25_eur_mq":9664,"p75_eur_mq":15000,"prezzo_mediano_eur":1190000,"superficie_mediana_mq":103,"fonte_confini":"Comune di Milano - NIL vigenti PGT 2030 (CC BY)","fonte_prezzi":"Immobiliare.it, estrazione 2026-08-26"},"geometry":{"type":"Polygon","coordinates":[[[9.191645,45.469056],[9.19204,45.469374],[9.192456,45.469737],[9.192748,45.47004],[9.193456,45.470755],[9.194727,45.471924],[9.194822,45.472011],[9.194953,45.472129],[9.195132,45.472292],[9.195003,45.4724],[9.195445,45.47283],[9.197011,45.475353],[9.197681,45.476544],[9.198433,45.477675],[9.196934,45.478371],[9.195621,45.478959],[9.194401,45.479492],[9.192457,45.479676],[9.192123,45.479725],[9.192248,45.480304],[9.190989,45.480505],[9.190464,45.480695],[9.188218,45.480802],[9.188001,45.480814],[9.186981,45.480958],[9.186543,45.481033],[9.186036,45.481134],[9.184529,45.481524],[9.184274,45.481593],[9.182326,45.482122],[9.182232,45.482147],[9.181833,45.482011],[9.182413,45.481251],[9.181951,45.479898],[9.181506,45.478338],[9.181233,45.477574],[9.181275,45.477275],[9.181431,45.476321],[9.181582,45.47539],[9.181659,45.474811],[9.18181,45.473885],[9.181427,45.473794],[9.180508,45.473164],[9.179583,45.472551],[9.180211,45.472032],[9.181324,45.471143],[9.181613,45.470827],[9.181774,45.470485],[9.181852,45.470127],[9.181823,45.46979],[9.181707,45.469526],[9.181541,45.469269],[9.181247,45.469031],[9.182115,45.468327],[9.182326,45.468461],[9.182462,45.468365],[9.182944,45.467985],[9.182754,45.467826],[9.183871,45.466972],[9.184705,45.466336],[9.185208,45.46598],[9.185666,45.465616],[9.186184,45.465208],[9.186508,45.465474],[9.186778,45.4656],[9.188085,45.465605],[9.188333,45.465833],[9.188933,45.466519],[9.189009,45.466589],[9.189398,45.466972],[9.189911,45.467357],[9.190007,45.467443],[9.190906,45.468293],[9.191054,45.468434],[9.191645,45.469056]]]}},{"type":"Feature","properties":{"id_nil":33,"nome":"Rogoredo - Santa Giulia","nome_orig":"ROGOREDO - SANTA GIULIA","area_kmq":1.2,"perimetro_km":6.01,"lon_centro":9.24222,"lat_centro":45.43693,"n_annunci":90,"mediana_eur_mq":4239,"p25_eur_mq":3395,"p75_eur_mq":4783,"prezzo_mediano_eur":320000,"superficie_mediana_mq":83,"fonte_confini":"Comune di Milano - NIL vigenti PGT 2030 (CC BY)","fonte_prezzi":"Immobiliare.it, estrazione 2026-08-26"},"geometry":{"type":"Polygon","coordinates":[[[9.240445,45.444273],[9.239506,45.44435],[9.238695,45.444538],[9.238082,45.444825],[9.23738,45.445183],[9.236738,45.445376],[9.234798,45.445884],[9.234797,45.445694],[9.234845,45.445234],[9.234973,45.444644],[9.235007,45.444139],[9.235275,45.443571],[9.235845,45.441972],[9.236771,45.439421],[9.237458,45.437891],[9.238288,45.43598],[9.238546,45.435225],[9.239343,45.432984],[9.242685,45.431528],[9.243267,45.431241],[9.244065,45.43086],[9.245122,45.430355],[9.246174,45.429866],[9.246834,45.42954],[9.246836,45.429344],[9.247815,45.428849],[9.248734,45.42938],[9.249421,45.429826],[9.25099,45.430813],[9.251762,45.431319],[9.252093,45.431585],[9.253001,45.43234],[9.253652,45.433027],[9.254389,45.433852],[9.254967,45.434651],[9.255386,45.435425],[9.253023,45.436135],[9.250202,45.433799],[9.248835,45.434573],[9.248698,45.434551],[9.248917,45.435478],[9.248458,45.435758],[9.247913,45.436129],[9.2475,45.436371],[9.245647,45.437483],[9.242688,45.439381],[9.244222,45.440392],[9.24358,45.440885],[9.243965,45.441199],[9.243479,45.441511],[9.243382,45.441858],[9.243521,45.441903],[9.243158,45.442529],[9.242957,45.442864],[9.242663,45.443458],[9.24247,45.444353],[9.241961,45.444275],[9.241418,45.444248],[9.240842,45.44424],[9.240445,45.444273]]]}},{"type":"Feature","properties":{"id_nil":17,"nome":"Adriano","nome_orig":"ADRIANO","area_kmq":2.433,"perimetro_km":9.28,"lon_centro":9.25131,"lat_centro":45.51273,"n_annunci":183,"mediana_eur_mq":3600,"p25_eur_mq":2902,"p75_eur_mq":4087,"prezzo_mediano_eur":278000,"superficie_mediana_mq":75,"fonte_confini":"Comune di Milano - NIL vigenti PGT 2030 (CC BY)","fonte_prezzi":"Immobiliare.it, estrazione 2026-08-26"},"geometry":{"type":"Polygon","coordinates":[[[9.267295,45.512338],[9.2673,45.512364],[9.267303,45.51238],[9.26731,45.512387],[9.267317,45.512418],[9.268166,45.512401],[9.268179,45.512474],[9.268182,45.512494],[9.268183,45.512509],[9.26819,45.512546],[9.268192,45.512558],[9.268216,45.512736],[9.268246,45.512968],[9.268273,45.513175],[9.268292,45.513324],[9.268303,45.513395],[9.268321,45.513537],[9.268327,45.513586],[9.268356,45.513792],[9.268385,45.513976],[9.268404,45.514125],[9.268431,45.514323],[9.268469,45.514323],[9.268501,45.514323],[9.268557,45.514835],[9.268582,45.514834],[9.268582,45.514837],[9.268588,45.514877],[9.268605,45.514994],[9.268629,45.515057],[9.268664,45.515152],[9.268671,45.515187],[9.268681,45.515296],[9.268687,45.515374],[9.268686,45.515434],[9.268685,45.515554],[9.268688,45.515638],[9.268698,45.515797],[9.268703,45.515893],[9.268705,45.515924],[9.268703,45.515969],[9.268658,45.516108],[9.268655,45.516116],[9.268657,45.516263],[9.268633,45.516505],[9.268632,45.516507],[9.268631,45.516538],[9.268628,45.5166],[9.268625,45.516692],[9.268624,45.51673],[9.268624,45.516741],[9.268607,45.516907],[9.268441,45.516861],[9.268437,45.51684],[9.268422,45.516837],[9.268457,45.516042],[9.268467,45.515815],[9.268475,45.515647],[9.26823,45.51567],[9.268072,45.515684],[9.268039,45.515688],[9.267901,45.5157],[9.26772,45.515717],[9.267526,45.515734],[9.267507,45.515736],[9.267444,45.515741],[9.267194,45.515763],[9.266915,45.515789],[9.266881,45.515792],[9.26669,45.515809],[9.266423,45.515833],[9.266176,45.515853],[9.265912,45.515877],[9.265597,45.515899],[9.265369,45.515919],[9.265116,45.51594],[9.264934,45.515955],[9.264856,45.515962],[9.264794,45.515905],[9.264754,45.515868],[9.264718,45.515836],[9.264712,45.51583],[9.264675,45.515798],[9.264453,45.515602],[9.264267,45.51543],[9.263954,45.515151],[9.263898,45.515174],[9.263885,45.515179],[9.263836,45.515196],[9.263663,45.515212],[9.263644,45.515218],[9.263639,45.515218],[9.263562,45.515216],[9.263485,45.515213],[9.263468,45.515214],[9.26342,45.515217],[9.263385,45.51523],[9.263362,45.515238],[9.263325,45.515263],[9.263288,45.515268],[9.263218,45.515277],[9.263155,45.515285],[9.263156,45.515291],[9.263136,45.515292],[9.263135,45.515288],[9.263037,45.515301],[9.262878,45.515322],[9.262685,45.515346],[9.262649,45.515351],[9.262567,45.515361],[9.262177,45.51542],[9.262088,45.515434],[9.262153,45.515624],[9.262189,45.51573],[9.262197,45.515753],[9.262212,45.515792],[9.262177,45.515798],[9.261948,45.515841],[9.261875,45.515854],[9.261904,45.515934],[9.261924,45.515988],[9.261926,45.515994],[9.262098,45.516466],[9.262117,45.516516],[9.262147,45.516599],[9.262263,45.516916],[9.262276,45.516951],[9.262293,45.516991],[9.262378,45.517238],[9.262102,45.517283],[9.261961,45.517305],[9.261709,45.517345],[9.261587,45.517365],[9.261579,45.517366],[9.261586,45.517385],[9.261666,45.517605],[9.261719,45.517748],[9.261762,45.517883],[9.26178,45.51793],[9.261806,45.51801],[9.261832,45.518084],[9.261957,45.518448],[9.261975,45.518498],[9.261765,45.518533],[9.26151,45.518575],[9.261454,45.518585],[9.261341,45.518603],[9.261191,45.518628],[9.261063,45.518648],[9.26105,45.51865],[9.261024,45.518655],[9.261035,45.518685],[9.261043,45.518708],[9.261065,45.518769],[9.261101,45.518866],[9.261051,45.518877],[9.260962,45.518897],[9.260895,45.518912],[9.260838,45.518924],[9.260852,45.519001],[9.260853,45.519007],[9.260875,45.519142],[9.260876,45.519147],[9.260897,45.519275],[9.260899,45.519284],[9.260911,45.519351],[9.260921,45.519409],[9.260961,45.519635],[9.260984,45.519773],[9.260939,45.519781],[9.260523,45.519841],[9.260522,45.51984],[9.260511,45.519821],[9.260476,45.51977],[9.260423,45.519691],[9.260348,45.519579],[9.26032,45.519536],[9.260247,45.519466],[9.260178,45.519418],[9.260132,45.519388],[9.260092,45.519362],[9.260016,45.519315],[9.259959,45.51928],[9.259737,45.519146],[9.259689,45.519118],[9.25965,45.519094],[9.259611,45.51912],[9.2596,45.519128],[9.259578,45.519141],[9.259526,45.519153],[9.259456,45.51916],[9.259412,45.519155],[9.259327,45.519123],[9.259262,45.519085],[9.259233,45.519065],[9.25922,45.519057],[9.259177,45.519022],[9.259159,45.51901],[9.259124,45.518986],[9.259116,45.519007],[9.259104,45.519042],[9.259098,45.519078],[9.259087,45.519192],[9.259078,45.519294],[9.259097,45.519471],[9.259123,45.519511],[9.259174,45.519559],[9.259208,45.519579],[9.259268,45.51968],[9.259262,45.519754],[9.25924,45.520115],[9.259232,45.520115],[9.258904,45.520112],[9.258807,45.520123],[9.258742,45.520133],[9.258705,45.520138],[9.258542,45.519694],[9.258423,45.519371],[9.258466,45.51931],[9.258452,45.519304],[9.258416,45.519286],[9.258382,45.519246],[9.258447,45.5192],[9.258552,45.519125],[9.258573,45.51911],[9.258636,45.519053],[9.258675,45.519053],[9.258676,45.519052],[9.25868,45.519052],[9.258695,45.519035],[9.258751,45.518982],[9.258763,45.518953],[9.258768,45.518936],[9.258786,45.518883],[9.258717,45.518863],[9.258625,45.518811],[9.25855,45.518772],[9.258324,45.518658],[9.258205,45.5186],[9.258088,45.518532],[9.257993,45.518477],[9.257929,45.518444],[9.257827,45.518393],[9.257745,45.518353],[9.257614,45.518297],[9.25748,45.518241],[9.257394,45.518206],[9.257253,45.518157],[9.256986,45.518045],[9.25693,45.518012],[9.256873,45.517971],[9.256769,45.517883],[9.256714,45.517926],[9.256633,45.517861],[9.256711,45.517936],[9.256713,45.517938],[9.256868,45.518213],[9.256877,45.518233],[9.256895,45.518258],[9.256902,45.518267],[9.256532,45.51842],[9.256226,45.518547],[9.255568,45.518832],[9.25536,45.518911],[9.255323,45.51895],[9.255311,45.518985],[9.255305,45.519009],[9.255291,45.519238],[9.255297,45.519266],[9.255325,45.519353],[9.255337,45.51941],[9.255347,45.51946],[9.255343,45.519527],[9.255338,45.519604],[9.255326,45.519674],[9.255306,45.519779],[9.255295,45.519922],[9.255296,45.519991],[9.255301,45.520038],[9.255297,45.520104],[9.255294,45.520169],[9.255298,45.52022],[9.255308,45.520248],[9.25535,45.520346],[9.255388,45.520398],[9.25535,45.520394],[9.255299,45.520389],[9.255263,45.520386],[9.254965,45.520359],[9.25475,45.520341],[9.254711,45.520338],[9.254699,45.520338],[9.254503,45.520333],[9.254344,45.520323],[9.254064,45.520292],[9.253731,45.520254],[9.253165,45.520187],[9.253115,45.520181],[9.252792,45.52014],[9.25274,45.520133],[9.252585,45.520115],[9.252438,45.520098],[9.252143,45.520065],[9.251959,45.520043],[9.251793,45.520023],[9.251571,45.519995],[9.251421,45.519967],[9.251207,45.519934],[9.25082,45.519871],[9.250469,45.519812],[9.250163,45.519759],[9.249921,45.519716],[9.249833,45.519696],[9.249816,45.519698],[9.24979,45.519716],[9.249786,45.519732],[9.249679,45.520008],[9.249621,45.52002],[9.249559,45.520012],[9.249425,45.519991],[9.249422,45.51999],[9.249319,45.519969],[9.249227,45.51995],[9.249117,45.519926],[9.249027,45.519906],[9.24896,45.51989],[9.24884,45.519863],[9.248791,45.519848],[9.248708,45.519823],[9.248624,45.519796],[9.24858,45.519783],[9.248384,45.519692],[9.248308,45.51967],[9.248195,45.519642],[9.248123,45.519611],[9.248052,45.519581],[9.248026,45.519571],[9.247948,45.51955],[9.24784,45.519522],[9.247785,45.519505],[9.247694,45.519477],[9.247592,45.519449],[9.247549,45.519437],[9.247444,45.519407],[9.247302,45.519367],[9.247275,45.519358],[9.2472,45.519332],[9.247117,45.5193],[9.247063,45.519281],[9.246879,45.519212],[9.246742,45.519162],[9.246664,45.519129],[9.246557,45.519085],[9.246496,45.519061],[9.246447,45.51904],[9.246401,45.519019],[9.246287,45.518967],[9.246216,45.518941],[9.246206,45.518937],[9.246105,45.518899],[9.246028,45.51887],[9.245931,45.518832],[9.245811,45.518786],[9.245712,45.518747],[9.245702,45.518744],[9.245666,45.518731],[9.245612,45.518709],[9.245533,45.518675],[9.245449,45.51864],[9.24537,45.518607],[9.24532,45.518586],[9.245249,45.518559],[9.245155,45.518525],[9.245083,45.518498],[9.244993,45.518465],[9.244977,45.518459],[9.244904,45.518431],[9.244885,45.518424],[9.244873,45.518425],[9.244869,45.518429],[9.244857,45.518438],[9.244836,45.518482],[9.244806,45.518556],[9.244772,45.518637],[9.244735,45.518727],[9.244712,45.518779],[9.244686,45.518839],[9.244663,45.518896],[9.244628,45.518979],[9.244607,45.518999],[9.244579,45.519003],[9.244423,45.518978],[9.244338,45.518968],[9.244263,45.51896],[9.244121,45.518937],[9.24399,45.518936],[9.24392,45.518935],[9.243826,45.518946],[9.243758,45.518954],[9.243675,45.518971],[9.243476,45.519009],[9.243372,45.519027],[9.243168,45.519067],[9.2431,45.519062],[9.243046,45.519059],[9.243031,45.519058],[9.242917,45.51903],[9.242865,45.51903],[9.24245,45.519062],[9.242405,45.519073],[9.242347,45.519115],[9.242336,45.519125],[9.242335,45.519126],[9.242159,45.519148],[9.241957,45.519176],[9.241711,45.519208],[9.241539,45.51923],[9.241268,45.519266],[9.241109,45.519287],[9.240986,45.519304],[9.240906,45.519314],[9.24089,45.519316],[9.240851,45.519309],[9.240709,45.519284],[9.240567,45.519259],[9.240411,45.51923],[9.240253,45.519202],[9.240094,45.519174],[9.239925,45.519143],[9.239808,45.519122],[9.239658,45.519095],[9.239524,45.519071],[9.239383,45.519046],[9.239253,45.519023],[9.239206,45.519015],[9.239196,45.519011],[9.239125,45.518999],[9.239063,45.518988],[9.238941,45.518964],[9.23881,45.51894],[9.238697,45.518919],[9.238608,45.518902],[9.238522,45.518886],[9.238495,45.518882],[9.238411,45.518864],[9.23837,45.518855],[9.238262,45.518826],[9.238219,45.518821],[9.238173,45.518809],[9.237578,45.518687],[9.237657,45.51849],[9.237772,45.518209],[9.23783,45.518066],[9.237904,45.517883],[9.237515,45.5178],[9.237207,45.517733],[9.236981,45.517683],[9.236889,45.517663],[9.236842,45.517654],[9.236691,45.517624],[9.236579,45.517602],[9.236339,45.517556],[9.236128,45.517515],[9.235945,45.517479],[9.235906,45.517472],[9.235924,45.517444],[9.236572,45.515737],[9.231373,45.514857],[9.231503,45.514428],[9.233509,45.51468],[9.234407,45.512711],[9.234841,45.511775],[9.235215,45.510955],[9.236107,45.508854],[9.236289,45.508415],[9.236427,45.508144],[9.236513,45.507932],[9.236754,45.507392],[9.237235,45.506327],[9.23761,45.505494],[9.237773,45.505182],[9.237891,45.505067],[9.239048,45.505609],[9.240442,45.506262],[9.240889,45.506469],[9.242131,45.507052],[9.243752,45.507811],[9.244279,45.508058],[9.247233,45.509441],[9.247466,45.509573],[9.247709,45.50971],[9.248287,45.510043],[9.248614,45.510194],[9.249131,45.510321],[9.251598,45.510781],[9.252751,45.511],[9.253378,45.511113],[9.253596,45.511171],[9.253882,45.511254],[9.254117,45.511353],[9.254397,45.511221],[9.256054,45.511507],[9.258248,45.512033],[9.25955,45.512244],[9.261598,45.512637],[9.261979,45.512715],[9.263265,45.512618],[9.265921,45.512495],[9.267015,45.512408],[9.267295,45.512338]]]}},{"type":"Feature","properties":{"id_nil":53,"nome":"Lorenteggio","nome_orig":"LORENTEGGIO","area_kmq":2.644,"perimetro_km":8.44,"lon_centro":9.11667,"lat_centro":45.45143,"n_annunci":78,"mediana_eur_mq":4084,"p25_eur_mq":3571,"p75_eur_mq":4872,"prezzo_mediano_eur":349500,"superficie_mediana_mq":85,"fonte_confini":"Comune di Milano - NIL vigenti PGT 2030 (CC BY)","fonte_prezzi":"Immobiliare.it, estrazione 2026-08-26"},"geometry":{"type":"Polygon","coordinates":[[[9.135753,45.449694],[9.135692,45.449809],[9.134905,45.451176],[9.13464,45.451277],[9.134382,45.451755],[9.13416,45.45214],[9.133637,45.452976],[9.133115,45.453887],[9.132465,45.454888],[9.132254,45.455239],[9.131863,45.455874],[9.131551,45.456396],[9.131451,45.456572],[9.131319,45.456766],[9.131006,45.457282],[9.130361,45.458343],[9.129652,45.459525],[9.128312,45.459164],[9.126224,45.458627],[9.124699,45.458222],[9.122783,45.457729],[9.122227,45.45757],[9.121109,45.457288],[9.120838,45.457218],[9.120306,45.45708],[9.119514,45.456868],[9.119386,45.45683],[9.118546,45.456621],[9.117759,45.456413],[9.117494,45.456346],[9.116463,45.456061],[9.116291,45.456008],[9.114884,45.455648],[9.112345,45.455115],[9.110537,45.454747],[9.108722,45.454417],[9.10731,45.454178],[9.105435,45.453801],[9.104785,45.453524],[9.103084,45.452606],[9.102035,45.452079],[9.100979,45.451728],[9.099881,45.451579],[9.098713,45.451598],[9.099599,45.449245],[9.100023,45.448641],[9.100052,45.448601],[9.100131,45.448562],[9.100231,45.448547],[9.10025,45.448546],[9.100272,45.448546],[9.100524,45.448528],[9.100581,45.448523],[9.100635,45.448511],[9.100788,45.448473],[9.100853,45.448445],[9.101203,45.448051],[9.10132,45.44792],[9.101355,45.447879],[9.101377,45.447827],[9.101509,45.447531],[9.101738,45.447442],[9.101871,45.447395],[9.101955,45.447343],[9.102051,45.447276],[9.102103,45.447243],[9.102232,45.447193],[9.102933,45.447222],[9.103473,45.446984],[9.103539,45.447093],[9.103482,45.447108],[9.10342,45.447131],[9.103357,45.447168],[9.103299,45.447234],[9.103234,45.447287],[9.103135,45.447382],[9.103082,45.447411],[9.103044,45.447456],[9.102979,45.447539],[9.103118,45.447598],[9.103375,45.447707],[9.103457,45.447739],[9.103539,45.447772],[9.103702,45.447822],[9.103881,45.447875],[9.104179,45.447958],[9.104434,45.448024],[9.104583,45.447833],[9.104745,45.447888],[9.105053,45.447985],[9.105229,45.448036],[9.105386,45.448076],[9.105436,45.448089],[9.105471,45.4481],[9.10541,45.448234],[9.10536,45.448297],[9.105256,45.448423],[9.105178,45.448515],[9.105077,45.448645],[9.105123,45.448661],[9.10519,45.448688],[9.105474,45.448793],[9.105543,45.448808],[9.105643,45.448818],[9.105725,45.44884],[9.105881,45.448896],[9.106078,45.448971],[9.106174,45.449009],[9.106266,45.44904],[9.10635,45.449059],[9.106411,45.449072],[9.106451,45.449096],[9.106514,45.449179],[9.106594,45.449318],[9.10665,45.449432],[9.106709,45.449547],[9.106761,45.449657],[9.106791,45.449718],[9.106837,45.449793],[9.106874,45.449867],[9.106883,45.449899],[9.106882,45.449936],[9.106872,45.449982],[9.106833,45.450064],[9.106779,45.45016],[9.106688,45.450306],[9.106653,45.45035],[9.106636,45.450371],[9.106649,45.450375],[9.106674,45.450383],[9.106681,45.450386],[9.106985,45.450445],[9.107147,45.450475],[9.107273,45.450495],[9.10736,45.450497],[9.107561,45.450498],[9.107745,45.450495],[9.107896,45.450498],[9.107978,45.450508],[9.108116,45.450552],[9.108251,45.450613],[9.108375,45.450682],[9.10847,45.450718],[9.108613,45.450759],[9.108697,45.450786],[9.108791,45.450818],[9.108876,45.450853],[9.109075,45.450925],[9.109126,45.450914],[9.109149,45.450909],[9.10916,45.450907],[9.109336,45.450978],[9.109406,45.450982],[9.109428,45.450949],[9.109508,45.450949],[9.109562,45.450936],[9.109696,45.450588],[9.110135,45.450577],[9.110197,45.450577],[9.110327,45.450583],[9.110412,45.450588],[9.110505,45.450355],[9.110616,45.449993],[9.110694,45.449749],[9.110801,45.449403],[9.110927,45.448986],[9.110975,45.448825],[9.111015,45.448692],[9.111246,45.447943],[9.111486,45.447994],[9.111814,45.447242],[9.1119,45.447039],[9.112131,45.446497],[9.112152,45.446448],[9.112153,45.446445],[9.112207,45.446316],[9.112211,45.446306],[9.112273,45.446161],[9.112471,45.446213],[9.112699,45.446273],[9.11281,45.446008],[9.113042,45.446033],[9.113055,45.445979],[9.113061,45.445953],[9.11217,45.445849],[9.112172,45.445802],[9.112173,45.445782],[9.11211,45.445769],[9.112382,45.445288],[9.112494,45.445075],[9.112497,45.445068],[9.112503,45.445058],[9.112504,45.445056],[9.112505,45.445054],[9.112506,45.445052],[9.112515,45.445036],[9.11272,45.444662],[9.112728,45.444647],[9.11273,45.444644],[9.112736,45.444632],[9.112738,45.44463],[9.112744,45.444618],[9.112746,45.444614],[9.112752,45.444603],[9.112754,45.444599],[9.112761,45.444587],[9.112762,45.444585],[9.11277,45.44457],[9.112772,45.444567],[9.112778,45.444556],[9.112779,45.444554],[9.11278,45.444552],[9.112781,45.44455],[9.112785,45.444543],[9.11279,45.444534],[9.112845,45.444433],[9.113172,45.443836],[9.113353,45.443512],[9.113413,45.443405],[9.113422,45.44339],[9.113459,45.443327],[9.113574,45.443355],[9.113952,45.443448],[9.11396,45.44345],[9.113984,45.443456],[9.113988,45.443457],[9.11399,45.443458],[9.113993,45.443459],[9.114015,45.443464],[9.114271,45.443531],[9.114295,45.443537],[9.114299,45.443538],[9.114319,45.443544],[9.114323,45.443545],[9.114342,45.44355],[9.114346,45.44355],[9.114366,45.443556],[9.11437,45.443557],[9.114391,45.443562],[9.114599,45.443616],[9.114672,45.443636],[9.114695,45.443642],[9.114699,45.443643],[9.114721,45.44365],[9.114725,45.443651],[9.114739,45.443655],[9.114743,45.443656],[9.114765,45.443661],[9.114915,45.443702],[9.115028,45.443734],[9.115049,45.44374],[9.115188,45.443772],[9.115474,45.443234],[9.115479,45.443235],[9.116682,45.443784],[9.11748,45.44409],[9.118847,45.444599],[9.121727,45.445324],[9.122737,45.445588],[9.124244,45.445973],[9.125625,45.446415],[9.126836,45.446817],[9.127766,45.447121],[9.128408,45.447311],[9.129044,45.44752],[9.129623,45.447713],[9.130562,45.448014],[9.131442,45.448319],[9.131973,45.448489],[9.133178,45.448857],[9.135753,45.449694]]]}}]}